x,y,Sortida
-30.9116141891703,8.79558686538047,0
-22.6871582086727,16.960336983424,0
-36.117186870802,10.7005623011012,0
13.783697911846,-2.43401305937799,1
17.8866651922425,-16.781459336902,0
-26.6402896519861,19.327862954666,0
-14.4473865181167,4.24388566365824,1
-12.7816385991193,-7.43544296297896,0
-23.8186258163876,-9.10794035671617,1
14.2590345933908,0.179591346196357,1
4.91199006165121,15.1703685105603,0
3.35972808091601,19.6092252564495,0
32.9498296098965,15.3256894569226,0
-35.6122847973786,1.93680113450231,0
12.3352055882445,0.916940975956525,1
20.9131441052156,1.15357713549287,0
11.243922872073,5.50363478325761,1
36.8393361051685,-9.73241719229264,0
34.5820441703536,0.963018265974878,0
19.0567529180743,-7.46936916943969,0
-30.6435185863642,-9.89582411379937,0
-2.35077501121957,-5.59190199293391,1
-30.0846850204153,21.3981687195413,0
-9.71626568573832,11.1475560398096,1
-32.6970502816811,-2.37644032591736,0
31.2923632858262,15.2142349497248,0
7.59318033436649,0.0626728163669625,1
36.5790386725026,2.28235319714213,0
31.3697671808954,10.6813907333076,0
0.027946922961199,-10.0135866297419,1
-34.4017564675353,-5.00063023889199,0
14.7497124177557,11.1588550248105,0
-32.3734758397352,-0.287274462886149,0
2.45938667965463,7.26789474399798,1
9.97934429280727,17.6822996443899,0
26.3474053533534,-7.2911929763008,0
9.40003256300545,-8.99489159290081,1
-32.2449904933905,5.19644801468845,0
-15.2190076215358,-13.9709153802872,0
29.1254345258137,-12.665528883392,0
17.742708714134,13.4795175466052,0
6.88764450957456,-17.2163755140183,0
9.71981667685485,7.80173265028619,1
19.743573841504,-13.4250777908885,0
-19.2006459345852,-5.64125833417964,1
-21.2043169065708,1.74758112575102,1
-16.6061494988493,-10.9499094732574,0
21.0897295515556,9.64259075899955,0
-6.22347988821447,-7.86877509062793,0
-29.7644552142123,-20.3439047186496,0
-6.51382516898179,13.721894055551,0
31.3293595281902,-20.0063397878935,0
4.8561486502062,-8.90892284984603,1
22.3843571711321,-8.62762958985754,0
-14.5730319706065,1.60094497046021,1
-30.7184941081166,-16.7112373140792,0
-31.9777750359656,12.9917406319113,0
4.50192735880299,0.112233241320141,1
-10.7059795220514,-11.9686531990248,0
23.2042480462425,14.5764085630971,0
-34.4651714445266,-17.0084921503092,0
9.71925717914381,21.9702973897932,0
-12.2381385271792,11.3653023714625,1
-37.5219382423468,0.812234806940072,0
31.9676404303079,-1.02851113097281,0
-23.4760099906391,-10.009640959145,1
7.28884759601892,20.3791481789271,0
23.060986423196,-7.94433976148708,0
-20.7468013037383,-2.07009958637742,1
27.5383031295252,1.46160701101093,0
29.9750960591137,12.4687209029338,0
-18.2921027123877,-3.8572490644621,1
23.0211936219556,18.0310247164352,0
-11.8345321711846,-16.6913545548191,0
-27.1328387157608,16.3885277867369,0
21.4571106246783,6.66108110847016,1
28.957407409869,-3.01418962683328,0
25.1034175099016,-15.9648242229722,0
-8.84402960617212,-21.1896305406047,0
-23.0189637266388,-5.9075003414181,1
0.927236040735579,-21.2384091686586,0
-16.8865540750379,-1.25648770865475,1
-30.1628487380457,-16.2069926579813,0
-23.5790185179368,15.1735265738061,0
-28.1544218668804,20.1258901113381,0
-19.7136533173253,-13.3702612468493,0
4.80338705807913,10.4606384706899,0
17.3488128880556,-19.5541283458756,0
19.5001827067172,0.637726479394669,1
-26.8387436764773,-16.7734665944665,0
-28.7975881701188,6.27667766015756,0
-25.3566431348243,-14.8429970976026,0
-4.67909608670843,-19.2864273443815,0
-15.4349673891383,2.57415396081644,1
3.23546655185172,-15.6473686753543,0
32.2571588482695,-5.79560080642814,0
-18.8042405016535,-13.1475619026845,0
7.56929292483895,-21.9920692681117,0
-19.6615543557293,13.6400284413552,1
-12.2256758689232,17.7350876643576,0
12.4921214672392,-2.61125072708957,1
-33.6823914497661,-5.90328854151498,0
37.1774857973569,-5.9485778834076,0
30.703081171393,-9.33350913558916,0
22.348307466826,14.7441234784275,0
-31.5558167306316,20.9387380856026,0
32.5448672359994,-12.5712167121118,0
4.26984156445602,7.30454863841535,1
-15.7939192763387,-2.60705114441264,1
-37.0453506837422,-3.83733659141405,0
-6.209761671138,15.2483064273363,0
37.9591468985027,0.104039047030973,0
13.1891116015583,-11.9232091686743,1
3.78828413053633,9.3298783048787,0
20.6685660848623,-2.98397903683511,1
-13.7035095183762,-3.69837555172008,1
14.3869604449116,18.9756611217803,0
-10.2723009296909,-15.5267032432385,0
-32.432126377599,-21.12711923646,0
31.7594424115374,-3.3432307633237,0
-30.1903521591405,19.6592929067526,0
18.8819492200504,10.1538966599313,0
21.6061894319332,-8.2760217106965,0
-11.1616034503577,-15.1766946083908,0
-36.3920580433,21.5209545085596,0
-36.7519037236726,15.5275350376921,0
-12.2365243719668,7.63828884860149,1
16.7547019603677,-10.1410579769295,1
30.5062619457939,17.7121957438931,0
-2.0021718752335,-10.3089399486086,0
-33.7636255849039,15.5606696819939,0
-7.00962388058064,-3.55832032291013,1
-12.4825564705104,-18.2297835716575,0
-14.8881635732932,19.1601530094289,0
-15.4671398300634,14.2369954320791,1
35.8277780843045,19.0279118092029,0
5.7222826452556,6.02934997608631,1
-19.9595277493856,21.4066703148654,0
31.2865019974724,5.68706900859174,0
-35.1301315081192,-3.12016241307488,0
4.33460141154757,-9.81123761050004,1
13.2595801696044,14.490538952652,0
32.8719561015501,18.8962821861289,0
37.1246898275391,20.0013247455075,0
-24.8985016388535,-14.655650960529,0
-37.7734674661497,-14.0638370758222,0
-28.6362837083483,19.6990271243409,0
-25.5143705483672,5.81112133687305,1
5.44702518132519,2.04320090938837,1
5.12377534631436,6.45066625261238,1
19.5826073286717,21.5703483710092,0
-29.6025372413127,13.7761515401369,0
17.8888126204107,18.1877777435689,0
2.51851336106041,2.60137453792383,1
-2.73061752085576,-8.23403644038735,1
7.17640385067567,-2.46590708493314,1
36.7241377570733,-10.297845337081,0
-10.2464834150673,-15.7205013747977,0
-17.0653229597034,11.7502719947719,1
-13.0753660587871,4.79636000181329,1
29.4741520494444,-12.417975785579,0
20.9582909581205,-1.3484028707591,1
-20.3926798406506,12.9658619378035,1
11.4469638294096,3.78721450923733,1
-35.5786437482024,18.1969610750255,0
36.1087432338635,11.0885821263954,0
-29.2757839438202,13.6104545944847,0
-27.178441230687,9.98863686816016,0
16.6544439459801,15.1967926248825,0
-13.0794943957659,5.09907004038353,1
13.522262629283,4.9948964691368,1
-30.2681215887498,-21.5740471580962,0
4.55001976329116,2.77838352135074,1
-28.6693693129596,15.5793967921731,0
-18.9312576846637,-2.11679976124973,1
5.33331527245068,-7.11455445727922,1
-37.3248861107309,-18.2525859369797,0
-2.39677775433675,17.3748493897685,0
-15.6526370502218,-2.43292495386038,1
-18.290121049666,17.3176050463413,1
1.4803899342568,1.19570743823123,1
0.0810008008998011,-2.0677168661831,1
-33.0936264955838,-21.378029122564,0
-1.1528591120567,-10.2156080668511,1
24.2665791600698,13.141153887203,0
12.1345085257263,-12.9637961375274,1
-23.2444834544282,6.2839349330473,1
34.8741333815692,8.52151547776568,0
34.4989975368528,-17.7287989505171,0
30.924081920507,10.5312161656039,0
-9.03872776055053,20.9486902165348,0
10.7760808079227,11.3255170430296,0
24.3439334586054,-12.9121008419837,0
-6.31093553023258,-14.2994656507389,0
16.5543135465534,18.076161998206,0
25.2549913250955,-10.1375937326363,0
12.874133728928,-13.6650390400545,1
4.33180012692619,-2.84038416274694,1
34.9459718322552,18.1459730919183,0
29.9970380150715,-13.6346608417711,0
-28.4295337742814,9.19682290103304,0
-3.55563111589051,11.6003297008455,0
-14.9440982554495,-10.0255781315021,0
-28.3509592123288,-9.01674760267032,0
-13.6471415809031,20.2937201886161,0
-9.9257734129342,-12.610521025677,0
27.135731948265,-5.25412200875258,0
-24.248982885928,7.38017843385002,1
-30.4539146602092,-5.53702412966723,0
-36.6598208527652,8.05775655874217,0
22.6373251536627,20.9140996064826,0
-18.503324066162,7.43264241626071,1
-10.6528792923171,8.68704556859967,1
23.4482513173908,-11.109890720614,0
5.03479560266875,16.3911500462521,0
21.43778570048,12.1689665339658,0
-0.926794384236793,-15.8364549985311,0
-4.44099607749575,-10.8775924402065,0
-12.3160885978653,2.51151169901436,1
-33.8365807796543,0.433194133857874,0
14.6180305912929,20.9445800536414,0
-36.6531551305131,12.3161950925138,0
-5.97219884457293,-11.3102955560589,0
28.9845632839713,-18.098099139714,0
-37.887483353077,13.3516341323045,0
0.0534110146645048,8.94055665919594,0
19.3645766749555,18.7287082929956,0
13.3385619888276,-4.2907122113858,0
-24.2362633787144,-10.7723361591033,1
37.6977407742564,10.5568780908756,0
29.7510567075736,-4.15304156212125,0
14.8951049310147,1.72598914504471,1
-30.2474609115031,-15.0148122128383,0
28.2474337704997,20.6629925315891,0
31.0349417872454,2.88471637146348,0
30.8622010881402,-16.273907186116,0
5.10242627190111,1.36405550176582,1
-6.97389529102408,-11.5532119016857,0
-30.3515121077395,15.8410113706333,0
3.33467190554546,18.4751450549197,0
-4.54588014452003,3.74169453516797,1
9.92143888563788,-6.99657956654588,1
-21.6984674875845,21.7438960662166,0
10.6255285666383,7.96912401010169,1
35.599953994586,-14.1302480065905,0
14.9882038092016,-11.6228653580952,1
29.1965385014007,10.4014572080221,0
32.4395207483287,2.44004223072359,0
33.8397342619892,-20.256444483015,0
1.35905831451481,2.51481581981704,1
-24.4584686355861,20.909921188394,0
24.4700116879605,9.18870156134536,0
-34.2829121053557,20.5218483272242,0
-28.1840984994147,17.583445830686,0
32.8262989152147,3.52753672708112,0
-16.6510611532412,9.38701747366153,1
33.7512801824774,15.1222390442892,0
14.0096847089049,8.28462883364674,1
13.2351955537549,-14.8513334761136,1
-9.37086839099929,-15.822505918666,0
27.9756082189698,-6.79466912704731,0
4.4490918180003,13.7604250399939,0
-14.9436229770666,-21.781713810555,0
26.5421801501933,-11.5397159251603,0
21.6263369957269,-20.59789435266,0
35.7677229357994,7.78547764113699,0
36.3468889155484,15.4708908586179,0
7.84834365581212,11.8541890234443,0
-36.8655021952544,3.36367365178613,0
-18.4730776461415,-10.1728705802394,0
-14.4361607524339,18.3092324076335,0
-20.7260477777015,14.8124683312061,0
16.914920726188,18.9342477022754,0
11.3345093505115,17.0015691880101,0
32.6483916871885,11.6404876310427,0
3.34369052891981,4.74776549247699,1
-4.41961055541307,10.8975275608761,0
10.6574581740024,-8.87925553283729,1
-21.2664130471752,9.73549774438064,1
-34.237814670665,17.6642494030859,0
-22.0054643792955,-20.0609484429921,0
27.6784384436258,-6.93052170519492,0
-29.5760032510084,-11.5103708991741,0
35.3378704137312,-18.889520599626,0
-7.32163586039484,-2.26919302374321,1
-24.1399410704107,-18.8919423784646,0
4.77567387311534,17.7776706753075,0
-6.66038038728234,-2.15270545055135,1
21.9190211741915,1.2251184770872,0
-32.145473215269,20.7413128151137,0
-35.9296807778022,13.1417514587842,0
25.9807471839767,1.07632144918092,0
-28.8283602319969,-7.93963045044822,0
34.401250478719,14.8809225381866,0
8.52493360287478,-19.3134199607133,0
-17.9729644959072,-12.9682614167061,0
14.9325038482067,-9.49554940233612,1
2.00784854501444,10.2519906878759,0
9.80241600129749,3.09620808380586,1
9.16897960988662,5.45271708860981,1
16.728833346343,-10.7043648875372,1
-34.5661952354816,-14.5389353549051,0
23.2433576757809,-11.4687469858114,0
-8.02203306407699,-17.994469614552,0
-25.4589720389212,15.6131416083644,0
30.1942202344543,16.6962500230879,0
29.8178555724349,8.42061940923121,0
26.2252867552667,-11.5988155293903,0
7.37301995480829,5.09448065716078,1
-6.25160597805766,-8.29985212950676,0
4.33494180435511,-2.11658960539074,1
3.33561511238687,-14.8088364866424,0
16.6045660596115,-12.0037503495137,1
-9.66792241098732,-20.1046616999952,0
-19.7454203830961,-8.87934205413066,1
12.8292340998954,-1.17031316159214,1
-35.2123931016082,-6.87690370487876,0
-8.69558014119908,14.4666737921434,0
21.5125688285583,-15.7194287445822,0
-11.8954869326056,-18.1524879995416,0
5.01736000523616,17.8810073083326,0
-13.8121143220108,17.7652414003406,0
37.4742145857234,-11.6792691695241,0
-35.9233900178434,0.343388707070989,0
-17.2870625517458,2.22760930274557,1
0.177622807896945,6.08657642661188,0
-9.90482035733273,3.20275548481481,1
-21.132720363915,1.38465418208355,1
-8.6349160514089,18.4405328444424,0
23.1242390055336,-21.2986057063477,0
21.6315840677265,-12.8773440185079,0
11.8114219885228,3.64129689124484,1
-10.835650762551,10.6139172498052,1
-12.2347620063935,1.16289333299476,1
-33.9948139313397,20.1417509509602,0
27.5774983188024,21.3819636881942,0
-32.3873478227763,13.1300450178399,0
14.0299784681314,9.99911701062949,1
5.59259577426991,-15.1189937043396,0
-5.24761963602151,15.355910043697,0
-1.04946720489515,-19.7317713925914,0
13.5680445066904,6.34738711224365,1
-22.5559137851538,-2.55718577203076,1
-10.010897381255,-21.4139706996818,0
19.7518927347523,-15.4862930962989,0
-30.0198960930587,5.18936783930685,0
10.5740359888525,19.0805090042299,0
19.4224700791462,6.09800493421519,1
11.1115310687739,18.4770829402261,0
12.7996992005566,10.5946977592062,0
7.01377996267166,-5.33924404074467,1
18.2641531738588,-6.09774112781008,0
-2.72988670599524,18.7730511858406,0
-27.0879930048421,-4.05023603593297,0
-13.7775116554426,-21.2918963866956,0
26.43650703941,-18.1274902816385,0
11.9941556535882,9.05966434392075,1
-8.43920056093347,17.5741198855252,0
31.6929948843693,14.5168118873243,0
2.09781432837542,-0.658457463547737,1
-25.9232088202939,-9.90501596359572,1
14.6691000754655,-1.55741963837256,1
21.5388607305823,8.93280484805791,0
26.3302062024632,11.5724932103719,0
-3.24577283711198,21.6287041698461,0
-31.2390478704514,9.67126463288373,0
-27.6925655029037,-1.89310785864759,0
5.4201594163155,0.610133757057795,1
9.38888752903306,-6.37069100323406,1
14.9837180330512,-0.678626585350287,1
-6.40443348686479,9.29381235571921,1
-27.4562206730201,13.9987149976226,0
-14.4327244632181,10.4482782495207,1
16.139016455602,19.7145673572858,0
-21.8537146107896,-6.55365891930795,1
17.7691633204156,7.38650713715208,1
-8.41000269289448,17.079345296908,0
-36.3961989613712,8.33034833217032,0
11.4630846554354,11.5620272387152,0
10.2112099297863,2.30210648596736,1
16.6005974635509,-19.0294593849393,0
22.9229018717858,3.29724557839592,0
13.7459141562511,-13.2267803941768,1
-16.9489720142391,0.800528621103645,1
11.7388359222526,19.8637753411059,0
20.1233050421038,-16.7961899902585,0
-15.8098870776197,20.6188339886827,0
24.2053188875779,15.8675806246557,0
-32.0930975152184,-19.5197118337493,0
31.0749021325719,13.6478286963643,0
37.8232319348692,-9.93120825504625,0
-6.17130966184337,-21.1999290505962,0
-17.7908208203481,-6.4048802917782,1
-18.2426641437204,5.83281965268509,1
-12.1513054420506,-6.07407291223161,0
21.9321271880936,0.583486123423427,0
10.3751983332823,21.9411914375675,0
18.7898109235752,9.61759719048189,0
30.6422961375234,16.4953365545779,0
37.9977769387255,-3.2327957959289,0
36.2679925364688,-1.55800682859601,0
-1.8253087057704,-16.0986005650783,0
-1.69215839180812,-17.9630957769028,0
-32.7857075360747,-0.802854052543541,0
-14.8403222304191,18.9328255638836,0
32.1552921385568,-2.32720569330955,0
14.1491109156646,-8.32752460114765,1
-16.2349590783425,-11.2553049169943,0
-5.02322001908875,19.3712725380237,0
-10.076966903675,-6.92133945100088,0
0.0198460655951038,16.2344207919065,0
-26.0215210426884,18.9288342535468,0
-3.98424375994144,-7.15209313938726,0
31.5203905380898,-10.0686472578387,0
-31.2534571964733,1.1493553097416,0
-9.71865656069326,4.34493761695192,1
-34.0094094752634,2.84362536972202,0
24.4997135196761,-16.5376168831392,0
23.1838672066811,2.94862874979552,0
26.0717666012409,-1.1954283294749,0
12.3143767171425,-10.1328864707346,1
35.0389272417229,21.2935901486725,0
7.43577803714959,-12.6282574017561,1
28.7574568150863,-11.0020903432303,0
-34.0151390976676,19.8494930259914,0
-36.2375030477759,10.6951843081514,0
-22.4028971882511,0.512877116346338,1
5.90728009863757,-1.97509482393146,1
20.6157230799034,-8.42480755349738,0
28.2789296051678,9.38426908895322,0
-31.8547547636627,17.9572719962287,0
26.603140860604,-2.43702909615159,0
32.7123680774248,12.0762285638002,0
2.85949152436847,2.99481877773835,1
-33.9982375344604,-17.3561050495168,0
29.396917102629,-4.16130167586995,0
-25.8514869113002,-7.21695147418203,1
22.4771393640154,-10.5997248336076,0
-14.6454115761924,-1.49664343581574,1
11.5887720997941,3.33494666614359,1
28.445914567677,15.592151914079,0
-26.9509377183063,-20.7380443702279,0
28.0707334273365,10.3014526475934,0
27.5335882362767,-11.8169501487991,0
18.8118917207168,12.3600175051525,0
12.730429411194,7.84159395258677,1
32.8083524830297,-14.8459043388058,0
-8.12927042118811,-10.9984997148781,0
-4.25057677884507,20.9165599715139,0
-21.4783411660078,11.9626357108795,1
22.5633870938845,15.3061536575347,0
28.1225050209439,-5.73549490761039,0
17.1935565003064,7.77766721128621,1
-28.1914503114656,-3.00630972044833,0
-30.8123506868892,6.7735244428345,0
-30.8811923467214,7.88091951560122,0
-23.1684786528222,19.6894681279104,0
-4.37233113373338,0.283666518332954,1
-13.791154773801,-2.49713189918397,1
10.9607670981682,-17.7574547481283,1
18.3371284169576,-2.29403436404971,1
-12.7074536359857,13.9488302095276,1
24.1044643010555,-3.8312253805701,0
-18.7753652351421,4.40042399093879,1
8.63940098105289,-18.1861595596512,0
27.0973531193158,-16.8380465530165,0
-24.3911442232188,21.6249065953605,0
0.34415813624085,6.77070773690658,0
16.0750576543538,5.99182110283774,1
-20.4576794328037,16.1327562793015,0
23.399341228609,-9.84838378234102,0
5.99624655103397,7.30318974440485,1
36.3629655302765,-18.7140282031911,0
29.5130488163976,-19.5857950990474,0
20.0524589745094,16.1463336657911,0
29.1278309564511,17.0750355329585,0
-13.2109226944582,21.1808799296659,0
16.9577323654206,17.5209791579804,0
-2.79753209930319,-16.3766105966101,0
18.23745790352,-15.177201229644,0
4.6549645985987,13.7921610472575,0
-6.72030218712945,0.883631303187254,1
-33.4076761886038,12.8572694404902,0
0.029123810234239,4.76944460254344,1
1.1914512480844,11.7544590247881,0
1.3340832631894,19.4161783863381,0
0.477729849768359,7.21709041708409,0
-5.90302569197272,10.3947096699818,0
11.7780775062047,-10.948178060543,1
16.7867943967039,-17.7535711106695,0
12.617936589088,12.1055196867692,0
-0.484197281312547,9.10759286776995,0
-30.6949377313413,8.88591555895487,0
23.5598404538893,-11.9947860111204,0
-7.94680758735839,18.4108253208839,0
-9.72025901893041,-1.41008306423753,1
-14.0726309604285,2.8387448370662,1
-6.8473438511407,6.01942283526497,1
1.16842476507955,8.2464254824339,0
-16.5118966121044,-18.8343597960806,0
-1.90910247017057,21.1183579222173,0
-35.8262044511827,-19.2840169762235,0
-27.4525360466082,-9.61118778440107,0
-28.9679631324349,-1.73901592132817,0
0.836341745349081,13.9862491828768,0
33.3572675892938,-14.2646585856243,0
-10.892481784688,-20.8532016845702,0
33.6074190751637,19.4821256067425,0
-14.8485384708867,-4.91610288742011,1
-20.9067225935517,-16.1868248765456,0
-29.730258008062,14.3135953513501,0
7.92998109944123,15.7512615080959,0
4.22044044490536,11.8145800955818,0
7.96013481539195,17.1319021760853,0
22.2433906887467,8.69407063189358,0
-36.4097395960451,6.65605767386186,0
37.1435294590095,-2.78186172294199,0
-31.397374557441,-0.15384979918181,0
30.436101682151,-1.19205700052129,0
-19.9046061504252,3.66172126872332,1
23.504061815836,9.74112080083509,0
8.74705398033375,1.04075827061425,1
-16.7800006648525,-8.70772813078669,0
11.4690068176508,-4.28868249156172,0
29.4030910241375,-7.08620451113949,0
-9.05410414675755,-10.2275592150291,0
28.012452652859,-2.69116076467878,0
31.3805511078683,-17.4525744753471,0
31.2441693019103,-15.6347403960218,0
28.917438941561,15.862004515107,0
-21.5865026577994,2.84845095896449,1
-36.9202974353159,-17.57565303541,0
-31.0070221852464,5.7516557003984,0
16.671714470977,-0.812371456327284,1
-14.5630045932163,15.6207604270285,0
-21.8063939364362,18.538355370463,0
-29.09725816667,-7.67406166146303,0
-10.3889256347089,19.913486722046,0
-12.7061747461398,10.2710078482459,1
8.26773738797799,-18.0437146085844,0
-37.1707104299408,-6.0118176589578,0
-31.2714331660446,-3.31240524348418,0
4.17825730306787,21.3737461009922,0
35.5790858702952,12.3266161985215,0
20.0977813642061,2.43719236368599,1
-11.5098715004437,5.84096464639421,1
31.7676564995318,-18.0150997399606,0
33.974562733262,7.51945656469885,0
-12.7440092560416,-20.6457274457602,0
-18.8016094036339,2.54681187862679,1
-3.89947814419196,21.5960239860878,0
18.2545305305943,-10.32426471509,1
-30.6167762531847,-7.53744101268758,0
21.4250219167628,21.9306803222949,0
-17.4283950915896,7.11984903173505,1
-28.2252913417738,-12.3484594225318,1
34.135198598244,3.01345524217619,0
24.2203245864679,-6.51518752281246,0
-28.3855479612994,-20.0765461882416,0
17.5651677874185,17.7218798737199,0
-19.8275492634431,-11.0517852270398,0
-29.5160085653691,-20.4820664905443,0
-20.4598575606751,-15.9600136191376,0
24.1253925027313,-10.9932347761491,0
-23.0289412710552,-5.26986187906379,1
28.7494699649211,19.2694877744384,0
19.7865136852038,-20.47273694716,0
28.524611853176,-5.36085024140026,0
-35.95115184784,-14.1569661494698,0
-19.9617454307144,-20.4669090955505,0
-6.83088459688112,16.5271073880005,0
-6.72242337885957,20.7246513434681,0
-19.9442228307567,3.55576155063919,1
28.5728079335276,-5.74732537839964,0
-31.2295010065632,18.1843680563626,0
12.6036829801514,6.0531472802392,1
-19.1843765523696,-1.30719922724916,1
-29.4662353368826,17.1628240299274,0
7.81897703108953,-14.1091948506092,1
35.6543437722987,13.2141709160417,0
18.6815203246724,18.1404723108171,0
-29.4778441854728,12.8014217930785,0
-24.6503620112043,13.7509126250572,1
-13.4140555980752,4.81934042240609,1
-31.397812360436,17.6141998554894,0
20.1495208106908,-20.7902693059215,0
1.16092450512003,-11.8136400536583,1
-25.2876773386315,19.5555994924513,0
6.13118136794802,6.16252271133097,1
-21.7621042829981,0.417180646714748,1
-26.1729611825403,5.35437779062205,1
7.54270519628467,-0.124835810626166,1
-15.8449603223636,4.89883640239545,1
-1.15647823978328,-17.1170395937494,0
-22.7422891239113,-11.5947791690097,0
-30.4735086762764,-21.2320506323876,0
-14.7135922914594,14.3794845952156,1
-22.5946405774084,-0.325100780804188,1
26.3698728670723,0.552312898261938,0
15.055851770693,-12.046850296394,1
-11.6136916097281,-13.9748522572953,0
12.2064040356137,18.5651590549513,0
-8.78707791855424,19.5928832289688,0
3.39327531387872,2.4628521630037,1
-27.3398406976006,5.48024896099371,0
12.3991572351834,5.53041321194911,1
-2.27329649183051,-9.13834151651963,1
-4.67525668636046,17.6473438465914,0
21.2298814675034,-21.1173719006509,0
-29.6960030265958,-14.595099719289,0
14.8010929827584,1.87904038835821,1
-33.3943530061945,-17.3665618587893,0
6.21149289413104,-20.280116208968,0
-9.5628213001695,-7.80383651097322,0
-10.7081262575067,18.5188634459978,0
16.524999859897,9.00886794884227,0
15.0404801455771,6.10704475529757,1
22.4169470319953,-18.1992390596971,0
6.45535306948319,-11.86220446827,1
-3.41713465404358,-7.86681114318244,0
-23.6453773563504,-3.98709000270119,1
-25.4120382605452,-17.3116514453431,0
28.6846394273752,9.51159215647388,0
-5.47559875045469,14.6973620038409,0
-6.68281302740143,9.0885867274081,1
0.0292160214971346,10.7659032657815,0
4.16578077215846,10.4064558203056,0
-5.60970907850574,-21.455824834811,0
22.3193079670926,3.68027629640697,1
-6.2162541286037,8.61283999179595,1
-21.3337480870994,-21.7357202916558,0
11.4769047514612,0.944371160924256,1
32.7419961522205,14.841688377316,0
-22.7885021097894,-19.464401221132,0
22.3398225329684,-5.21154262535729,0
-8.29286145613909,0.871810221202075,1
0.139937913273002,14.4282465467527,0
31.4141697447183,18.7451312274383,0
-7.18260291747882,1.72641236276613,1
10.6153626263542,-1.34946695271571,1
-7.55208003521569,0.518683218203435,1
-24.3471242266649,19.4320580006623,0
27.8440775337972,-19.0233266849784,0
29.5793342648478,-14.8548346125182,0
0.690940090078222,12.0459093001182,0
-20.6461460768929,9.7390574527626,1
32.4868322745541,9.4266954768797,0
-22.7443402400848,8.1524341620346,1
13.0432653118588,-6.03339183169808,1
-2.25558551957105,-20.5063301468685,0
26.0309447461103,17.5158162742265,0
-36.0653363377342,-21.9504181816576,0
-3.69466703822388,18.4085347085212,0
-6.16353457355725,-6.85821873600369,0
-34.4335072627967,-12.0347381248328,0
32.3734757050927,-5.92184005352843,0
35.2054652140141,3.53377954498989,0
-20.0178992528456,-2.52316116752505,1
-9.70291589747981,3.28528063062777,1
12.1223963175787,1.93166299924087,1
-14.7563435238809,5.73820984669463,1
32.7890048552677,17.126080721159,0
-23.7182886689179,1.83424528847004,1
16.1427025291211,20.9614356516324,0
-30.1106660966998,-4.73526217716572,0
-14.2637652595497,-7.47765801416389,0
22.0295576198059,0.119291138086943,0
-27.0202159648831,11.9343438443802,0
-14.0893480675034,3.8391524059513,1
20.2435315292,8.30470965421742,0
-15.2298521703271,-16.0804399897367,0
10.4478789561124,21.350314242557,0
17.2359051558339,14.9185631703213,0
15.9999203298681,-20.4788686253135,0
12.5389780833209,-18.8393616664497,0
-11.8193044367075,-18.294914416615,0
18.8018087147195,-7.89278249836257,0
21.1721699118338,-14.8840595063752,0
13.4622956545749,-19.672869694183,0
-23.9344602637213,21.1937116640329,0
-14.8161787050788,8.60804199628499,1
-14.1374513397284,9.27411347730995,1
37.8675816070624,-11.6750428122393,0
21.7201029482753,12.5591082944126,0
15.2351939890272,13.1336455889399,0
25.3978663827278,-14.5634400162872,0
-10.2107550594709,-5.20550195703456,0
25.0563058615366,-5.57862381962333,0
20.2673591184457,13.0999161943462,0
11.1909560490141,-6.14389625975491,1
-35.651529751577,2.464654920736,0
37.9649472866006,-4.04669612264169,0
21.0384606669541,20.5957238007336,0
-13.1131734099198,8.70362697055893,1
-34.7483690956757,11.2145212669857,0
-2.88978590385284,-15.6948458146555,0
5.53714721231933,14.5104738209527,0
2.06824896751321,-8.16557909144205,1
-18.5979679580824,1.79378914032216,1
23.5349914126107,-19.1367131380769,0
19.3757615445748,-10.2182756826943,0
15.8335222565303,-6.3462183832379,0
24.3982202642418,-19.636207913879,0
-12.6877159810209,-2.48273012883695,1
-0.869077106684955,2.72791701914463,1
36.5566038226356,20.6888920660591,0
33.8190161574169,-18.0280900936918,0
-26.4085225113263,-21.2413164024634,0
37.5931721623643,-11.8281916478158,0
9.65249315529618,-19.177608534421,0
-31.7617071553643,0.180640069125801,0
-4.11913973873292,-11.7135345402334,0
-14.7394272538962,21.3398501538458,0
-3.89925169885878,4.64793280430191,1
-17.3004135879587,-0.939205595276356,1
-19.8496185845597,13.1838256395375,1
34.7165050564838,-5.76683563264841,0
25.8584009071668,6.67169357202932,1
29.0408716115469,-18.807150303127,0
32.4301714166426,-16.4991392572476,0
34.4497258737862,-14.1856044400972,0
-33.248381002807,-8.80896564979958,0
30.9912916673234,14.1928841145909,0
28.0113448158631,8.26093663112615,0
-37.1601232729371,19.6678551002382,0
-19.6875843385084,10.1797861702328,1
32.6784227909722,-20.2177962614197,0
-3.0266601183482,19.5820916555687,0
-3.97118389445968,19.5385176618955,0
-32.5634675466071,-18.0296249481644,0
0.221204641572854,-15.9731691638247,0
-9.06107204391617,-5.90823463375196,0
-11.4643769840595,-16.1071041811966,0
-37.500553150478,0.0958855143953237,0
20.5000566731927,9.5106973424707,0
35.7768004072373,5.48487837699979,0
-10.2173691718275,-17.236411604637,0
-4.9525698629564,-5.87779217813286,0
28.1879927174895,-17.6647350354284,0
-31.1131327570397,13.8152992305743,0
34.8642363289861,21.96046240344,0
1.81379949897872,6.09947361281755,1
-13.0930009904951,-8.57693045943357,0
-0.683487329692063,15.580925051188,0
15.8955318022872,19.2136566071283,0
-23.4886027607312,-19.0920875613079,0
4.7485913679927,10.1046428016779,0
8.94377217483097,13.353526898348,0
-26.4417369877023,-18.5356700093978,0
34.3959905805876,-1.40551031696316,0
-22.0442485806455,8.2594335153492,1
28.6042524536153,-18.2909218404003,0
-20.3355402458506,19.5449943467841,0
-3.14040585571593,-16.6481521793315,0
30.7589717101814,8.99910483932021,0
6.57131154299078,13.5501387052147,0
-34.973916798944,0.923973016593795,0
-16.9182959700032,2.62790358734321,1
-18.8956657577349,18.5470304313965,0
-21.6707331474661,20.3957533647766,0
13.3860464120437,-19.5396679037416,0
4.05201221688775,-9.06799756616882,1
-22.5881566225192,21.314991453634,0
36.9443935387722,-9.23716550821799,0
-35.8377444201521,-18.5945923712068,0
11.4443543655215,-6.18894813456962,1
-30.6107520710348,-7.5084992619766,0
-8.91034558421238,5.69456127647418,1
-13.3508141888254,-3.80128870827639,1
-31.1915309225182,3.44896376063996,0
-17.426158610548,-0.989411993278942,1
30.235299600896,8.93401282247805,0
13.4544537392451,18.5987538432304,0
-0.136854669119749,-8.57007118864187,1
-2.98278692965281,1.60180193686694,1
3.85894524047733,7.69358033812416,1
-12.8685855616523,13.8615800343551,1
-23.8243084668379,9.29748562153096,1
-29.2484762780817,12.0928905493477,0
6.52802079878862,15.808368435636,0
-10.3102729684544,-9.86540468531522,0
-32.2750616906571,-13.9854830389408,0
-12.8742441437349,-6.63101973925353,0
7.15346047320402,18.7134160116625,0
0.139950365999702,-5.27290156671243,1
21.3787725164977,0.452061882769712,0
24.5780839988841,-3.77259148340642,0
30.1884477936932,-9.33520680956124,0
5.28813373455953,9.87450996009132,1
-34.9602366891367,10.2221383636141,0
34.7689764014765,-1.34650654964223,0
30.3535920954938,-6.12090297185252,0
-26.4219952607657,14.9743843079687,0
12.6292315400437,-14.8862008122001,1
-33.6169699367732,-5.5964491117938,0
27.973254537276,5.1805578956496,0
5.19057361671426,-13.4936173676123,1
-14.3667227827539,-1.81517975000725,1
-30.1436305975013,10.7633115115119,0
-33.9573023889817,13.3064135740192,0
35.7253338360981,8.27765942004545,0
-30.842172098993,-6.53266518792683,0
11.8486837361575,1.51790337507464,1
-9.81787985851744,-8.75987401497591,0
4.44443823032305,21.008798729419,0
26.5538186737945,-2.52307861466114,0
22.4992880267292,-9.51367791310837,0
16.9671580573128,7.76351270169057,1
5.41491777124271,-1.26518928824754,1
-8.73037303827598,11.0969522574896,1
28.6664128850618,-9.23839456194917,0
18.7377479134312,11.407986068933,0
-32.8611468728391,8.86823816037622,0
-34.8654003051025,3.91647810927619,0
26.7256962602319,-9.22120968794352,0
6.61044139105729,-18.1538671259595,0
12.2366783090526,-12.1505336298901,1
6.68635806801434,16.2177989419444,0
-18.4207926463052,-13.1093359675133,0
13.7170782896939,-20.5019454793504,0
30.0387989360327,14.6164423188186,0
-9.03419620961242,-16.74157691852,0
-14.110217548932,11.1170388971696,1
-26.0112885585262,9.95466978701462,1
12.9897737610189,-2.63367420981816,1
2.41059665827589,-5.87845596142061,1
23.6311425457217,-13.027294996928,0
1.13505528775042,14.5997039782435,0
-23.6676121623711,2.54654007582663,1
21.1671916746857,18.5329165180144,0
30.7763149212562,11.2353358587932,0
4.84145569906663,13.5816395456843,0
7.58220179883873,5.13574938380225,1
9.11323942816927,7.84687644101547,1
11.4408326817718,21.4223117912742,0
-27.9706115600006,-21.3601632234923,0
-18.8825186393867,-11.8534724613665,0
14.5060914549298,-7.43662081180492,1
-9.02417425751234,-11.1147635726903,0
4.50175243588112,-1.47958999234473,1
-22.9999168966448,-14.4512141925298,0
21.6436927442773,19.6634006114702,0
9.15739404666618,-6.05949309468608,1
-20.546893329972,-18.2262090906977,0
-31.2245580172463,20.5718813252237,0
36.6218326018112,-10.6634978727043,0
11.1816210503364,-19.8418065836872,0
17.1460472904844,-17.7380208282451,0
8.72329609920064,-2.57128054158208,1
36.1998507821798,5.00461227053062,0
-18.9459598875472,-15.1196948907165,0
-16.6380699867551,-2.00933969617656,1
3.81520578296373,2.33502726865567,1
34.6370696717154,15.682335533415,0
-18.8606937226506,-11.4988933723602,0
2.90307833674088,-6.09368787760358,1
6.29586433884278,-2.16862460677219,1
-1.24060084894489,17.129393888191,0
-1.40958335778293,-9.63707667397686,1
-15.8411298361643,-7.91475651475032,0
-24.1985008332666,9.56292197380572,1
-20.3109598497867,3.18879831368077,1
-0.885579065378408,13.4436367102284,0
12.5028472008837,3.0054532055253,1
-34.8053245587698,15.7636367870259,0
34.2394315650205,-1.31414800477937,0
-4.1262935540207,12.4107999524201,0
-5.28990512711279,21.7522114469122,0
18.8157424098568,2.11517065545909,1
-19.3749724934211,-1.94868251264358,1
18.4557614313316,15.8947621822527,0
-16.3686400960702,10.4031141989055,1
-33.3347505258375,-5.9295721655385,0
8.57013659440735,19.3185795653209,0
-9.23006102494279,7.90318478326493,1
24.2254596052078,-19.2597097666043,0
-34.1453658612389,18.4400251739552,0
29.0874880889923,-13.8893531195374,0
-31.8376449969162,-1.37249849845608,0
25.5572248690833,-6.04318145290683,0
14.9492936754079,-0.856952885911088,1
7.8537909157812,-20.9786558905242,0
1.04246601741092,-14.6102482805111,0
-19.1670337964605,12.2562096417285,1
15.5209217047843,0.940501910527374,1
3.5510261713581,8.88498419114537,0
29.0005890635055,8.41717553657683,0
-27.7737596086847,12.6454576492339,0
28.0305011860218,-6.44419339760796,0
36.5473719562609,-12.7649421730137,0
-9.8814336601909,7.36312935880777,1
-23.2223334686047,6.76081090085486,1
-1.2261751411759,19.5024953727623,0
-4.70703618191142,4.70329107745104,1
-25.8710609193553,1.91002728987241,1
32.1859225706252,4.39474571058344,0
-6.08793405866385,-9.1954676014082,0
12.103946757714,-1.15187707065997,1
-6.11504991959789,4.85070379684746,1
33.0971389870292,11.4199806433643,0
16.1421498678167,-6.57671737014779,0
34.3948159985175,19.289904153365,0
31.5680686936662,-15.7323853652592,0
-24.1165161098867,-6.52786851427283,1
12.8078762036799,2.34893989380398,1
-30.6640432327172,19.7721445903528,0
36.797779215413,7.88620859394337,0
18.5204385552124,-12.3342754514118,0
-21.784788046167,6.82702130221646,1
8.92164936479701,7.93506587978189,1
-12.4945225023754,-18.95763995778,0
10.0781644896313,-17.2199399323064,1
1.19752406875587,0.173054092009849,1
21.8057839904052,4.58311948401763,1
0.198367476634651,-18.8070969751771,0
-25.4952463079421,5.38263131855303,1
0.567128086417782,-9.29521493012062,1
24.5338271209835,-20.2897070244323,0
-5.40975081324179,-2.86858169567737,1
-26.0159316986047,-14.7161824936342,0
13.2917473702455,-12.7020466090183,1
-16.9760613198923,7.69687916523656,1
-9.51626164112657,6.97900533861285,1
-7.84356218733996,1.75682541615383,1
-27.9591711333812,-0.388500417430901,0
35.433154188035,-21.1340547982574,0
35.0480826566809,16.8017983945325,0
-36.9352202497763,-7.85719805582283,0
0.71174796879226,6.55019663580891,0
-23.1733000154923,13.6369976569669,1
26.829535637953,18.5456855218318,0
26.8191195807726,13.2756010852453,0
5.64654740925743,-5.36059019077356,1
-13.9113198346834,13.5895614895423,1
-8.6067039256918,-20.2760868254342,0
20.1253982157681,-12.9882547150344,0
13.7129936601479,7.98244638252583,1
-28.4769336810633,5.30160430907559,0
9.10758843011526,15.9491248302408,0
14.2626128114267,-1.89457205281099,1
19.7813628698272,17.6946843322772,0
-20.7377960732721,-16.1299031716867,0
-20.9536434171003,-13.0098031129542,0
-36.8587839200421,17.0488698197427,0
6.48508113639419,-7.59596383945542,1
17.6907989170808,-13.2747888551427,0
27.7061888796614,-10.1516814160701,0
-32.0078115883153,1.82088653484283,0
-5.12210517800865,-18.7622158202969,0
23.1639854324257,8.67849620088848,0
0.727004729906611,6.11634549219064,0
-7.22053205675975,7.33280217230227,1
-2.6071868506987,4.55025041332376,1
-9.98854856250024,-5.71236320129685,0
4.71459637072769,1.45107559503094,1
3.97880061128981,-8.28291658721227,1
-24.1205458843263,-13.7143290224963,0
13.1410752308097,15.8120620152659,0
10.8219462651489,-2.11507297835931,1
24.0388270177368,2.63838133497965,0
-17.8623675174615,8.30628524428548,1
22.7367292273438,12.6456547932656,0
-14.3306307328271,13.1778717000697,1
16.3615583855656,19.0994420548468,0
31.4076316845638,8.83336239021822,0
15.4706522631888,9.86367981924838,0
-31.3963297591199,-13.4407853276009,0
0.595681670970329,16.9974527060922,0
20.9898215056051,-1.34695686618666,1
0.24703228934672,17.9260765861461,0
-33.5514314057359,1.81758007086381,0
12.7676767658208,-15.4378522327404,1
-6.8644469782635,16.1831782976604,0
-37.9203351655859,10.8855275388548,0
13.2452721905726,11.8885915031265,0
-2.9349306291937,-11.4254356264272,0
34.7822391848534,-15.997118674695,0
-8.61985913671811,12.6721999597695,0
-18.2266213579611,17.0519028906303,1
-22.1859990059026,-6.45136354242954,1
10.2334759290415,1.67178170538592,1
-11.0701427776749,-4.3225885013006,1
-27.7118606783979,-17.6946217331102,0
-21.5287486929988,12.8400083561433,1
8.06307441666553,-11.0711184260427,1
-4.27107289598354,-1.67339191072293,1
-1.48754195436932,-9.44170818233648,1
29.4117102139194,-17.5875073851496,0
-37.042455433222,3.78067860873095,0
5.96533629337501,-21.7592795803957,0
-32.9506077653011,-11.5527183221347,0
-15.7740172472461,21.7084797891405,0
-0.987257532492876,10.8767680062063,0
-24.6072122621642,-18.0811075336861,0
-0.299914144895226,-18.960813196792,0
9.26025374304649,12.9091346345022,0
17.6301600286992,-21.802898788021,0
37.0770382555931,-12.5396730648058,0
-7.44486064035834,-9.9646881034912,0
29.2266617595088,8.95886165840544,0
-23.5324344473197,13.4682294226588,1
12.6765247245089,7.0235823967085,1
-0.806408892645187,-1.34550379860222,1
-2.2888581147002,11.5861105374872,0
-8.75072924110128,3.94383488730514,1
-26.7943617043047,10.6700140958926,0
24.1089576370725,5.09096102700443,1
-29.6165087349151,-9.45334487332357,0
23.9806930386765,-16.6030797924426,0
24.3505625330443,-0.932347212514465,0
-17.6161106462009,0.148790853846251,1
-30.6428576560359,-12.0011894493685,0
4.33063097680012,3.50895166609886,1
25.1971262919746,-10.5162449163511,0
13.4497811236584,-19.6997591080707,0
-18.6062838742146,-9.64020135595882,0
-17.2173378873321,11.7028512654612,1
-16.9629672144514,-5.86167581681022,1
17.1983247283776,-14.4324821192034,0
18.9993260315479,-0.157936584691576,1
-11.2590231796136,6.059586624413,1
34.4834961123761,-7.10101862666829,0
34.3227227667852,21.886563570459,0
7.59461288305611,16.8757323694818,0
16.4617412005429,19.6021874626009,0
30.1564655835231,19.8611389481943,0
-29.3183892962022,-20.9829022013462,0
-4.95207106704406,-1.6605605693574,1
26.1704585608881,9.18600462068825,0
9.85731371479672,16.8282740763966,0
24.338856199445,-16.3843873872003,0
-32.4382599399599,-7.35728594510594,0
36.4620897744517,-9.45237068668814,0
16.7005838998954,-11.9385496866636,1
35.4548545302456,2.44338610492675,0
-11.5546595421924,-1.32799638776209,1
7.4426178327369,-10.3592601957876,1
-1.27498684940309,19.1627581326048,0
25.1360992532915,20.6309333033253,0
-32.5738522053851,-12.5081770576815,0
-2.71529164684536,-14.8752581506559,0
-22.1593194849217,-1.93205968630586,1
15.1073038489018,-10.7878630751044,1
17.6273621478393,-10.2989473955669,1
-31.8847525285654,21.5950607241296,0
-7.69171315740578,2.59908689658256,1
32.1114407441656,15.3035006018451,0
-4.82855755027179,-7.65881714015141,0
-19.9638993740894,-11.6429443371858,0
-20.6085329579047,9.96634232013656,1
-17.375724527365,-15.9407498849866,0
23.5648682548626,3.91710261188571,1
-4.26107446911039,8.15566714834594,1
31.1710071172496,19.3880813920471,0
-4.15980010492605,12.8015406533671,0
-6.52774998167733,-15.5659493823126,0
6.86921441628017,11.3876394282982,0
-4.26323759729304,-4.07292946349789,1
-32.4504230818453,-6.06450682617539,0
-3.9259995146118,17.571584580876,0
30.9859020468069,-1.87687514768749,0
0.0896703180209002,-14.6564597257341,0
-25.3743035642744,-6.84394409136025,1
-23.3771222161663,-19.7826197746504,0
2.16532855666643,-17.8822056084868,0
31.4795338931975,-14.7980442837157,0
-35.2789648877595,5.79994271660279,0
-25.5518440438924,10.7059587841471,1
-26.155253329175,12.2857453843569,0
-0.881145359223879,0.915566983816969,1
-9.0424824847646,-21.0134471641889,0
20.5963064794266,4.37773607207508,1
-27.2892098633135,-7.12066643510411,0
12.9447344140753,12.5128739703764,0
5.70828877633866,17.4183931734358,0
24.2451503895641,-3.26011568238383,0
8.15435782251021,21.918380819538,0
17.538133228874,14.5538140106857,0
18.5264306443631,5.66903112879638,1
9.0636160377537,12.6628782941336,0
-19.146955186908,21.244526067584,0
-26.9932066454553,-14.1098292310076,0
-1.093457086013,-2.93502143445241,1
-8.75703556920763,-3.70673181133635,1
-34.3792273542668,20.4124590726213,0
-35.4765311322331,-17.2677743433628,0
9.96987352147287,13.6955359592535,0
-14.4826192838134,-1.78085297808313,1
-23.7349103071494,5.52719436548234,1
20.2048820197287,12.6365915287875,0
8.41903702199312,18.686882869507,0
16.7178537176438,18.8223419512563,0
7.1490479301244,21.5629897257281,0
16.9327126437018,18.4949160919653,0
31.0680413778626,-3.03036622490762,0
-28.3420479155316,12.217518242229,0
19.761223962882,-3.55417447688385,1
-31.2632836534781,7.20951968766374,0
13.8861462757447,-13.4006372399381,1
31.0924390397274,-14.3602101424739,0
-26.2822668224768,20.0840762879596,0
33.3813324142327,21.3416110282813,0
33.5549151231016,19.4206245898197,0
-4.82771874609207,-8.73517612615581,0
-19.3113707216986,18.7713427465801,0
-32.5693765944803,1.34570236438322,0
26.8845782800618,15.8519108594301,0
7.20015023004339,-9.99042274970052,1
5.76114238699378,19.4733863813463,0
-11.2488001146666,0.876256405230929,1
27.711614226695,-0.813587861560318,0
-32.8521316026556,-10.1500846678371,0
-22.7195858336505,5.44352961632068,1
31.0295498061897,20.037285785622,0
-23.3615481148428,-2.7391474072047,1
-28.033393404945,16.3866091693346,0
20.9035680486049,8.86202770935509,0
16.2379032830094,-0.999576241924387,1
-2.3520764827673,-4.86641946173076,1
-10.8510007869207,-4.72779847561723,1
-27.7331506683722,-14.6670486962195,0
-29.4789114229444,-5.05662230246141,0
-1.32002974253312,-11.2254900412243,0
32.3684932634937,13.6649141607567,0
-20.8124346426869,-8.04403649395413,1
-31.2003334579498,2.69902902168457,0
0.537448168291569,-9.11927430146963,1
-15.1265976231607,13.4653661351141,1
20.8969070877417,-13.8798967397529,0
-37.4395220378744,-21.0786744624043,0
-18.9136610457612,-5.23369866706362,1
12.5561421183136,-16.3471122451496,1
-23.0995726259678,-20.8708939549483,0
37.5149906426674,-3.42869747182782,0
19.4698458484809,15.5057973176611,0
-13.0364681283423,-14.1914642863307,0
3.13238854682076,-17.0207829053795,0
-1.6456089827332,-16.1060957581694,0
-21.5254936117807,-15.2749784076415,0
22.3061426007347,1.04646344000357,0
10.504286880388,-0.0686250769915056,1
20.1073565605526,2.88630004467242,1
18.2254696301518,-2.50681605186873,1
-28.3355078676233,-3.59155124019315,0
13.9859226889763,13.1224574163184,0
18.7935121997479,-4.94314239680918,0
-10.7855646741277,3.42562096067221,1
-23.5132055692162,-6.35676082618224,1
5.6534526582614,-1.95565995868732,1
-18.0614305233594,-4.53697038114426,1
-8.22846442267358,-15.4870404705772,0
-13.6008157377802,-14.9944820740325,0
-17.4691198280363,-21.087591576174,0
-37.6430103786393,-1.47915035616606,0
-14.2230887039073,1.3567443406492,1
12.2429711405459,2.05831090592027,1
0.526145796214507,-20.1444128308542,0
28.7380587774699,13.7086441025931,0
-32.2156973910858,6.7647181479222,0
35.293899315819,4.09020235259021,0
-27.8986745239319,9.71133285022515,0
7.36794190156868,-4.53288876267774,1
-9.22252828720636,-12.5427062019167,0
-7.74217023689751,5.57488790884274,1
21.9073662166525,14.0841500037111,0
2.91305407799445,3.09535380284375,1
-3.54182787653347,8.99664223214768,0
-36.9185264597271,9.82821751098981,0
-13.8132462276411,6.11915833268178,1
-17.2509500651968,2.01941435077621,1
-7.45446881136994,-16.3886933142025,0
-20.5206889657726,-21.2626700168319,0
13.9409922063166,3.27527702072613,1
-10.2980938261705,-4.19558504136371,1
-23.3575929369391,18.3887030857282,0
-28.8365296157461,-16.8833001390682,0
11.5317072769414,2.31518434360355,1
-14.2823964595894,-11.2159686899653,0
-32.6589066682981,-14.2543963303498,0
11.3968570234767,18.8104079645463,0
26.5162645225789,-16.5643791843005,0
-30.2989404922101,13.2940553846887,0
-11.9806356524637,-7.04686222734381,0
-21.9160977068853,-17.3202388773126,0
-31.0683625900236,-6.32607402382786,0
-18.8010933962148,16.0238389532004,0
-22.2661340591281,-6.15016064805191,1
8.82010081077622,19.0100977886618,0
29.7805038945401,11.1248633575491,0
16.4473024501619,6.33298666382464,1
27.7567593935936,17.9486898553839,0
25.7069061736834,-7.29063024316991,0
-36.5128774050272,-4.42700867915813,0
-12.8255655410704,8.65312110056882,1
-33.7247414428491,-11.2570863485088,0
13.1210591613673,-8.08584488778905,1
-19.9058658707162,9.12106698211216,1
-1.90496457196989,1.28896802248466,1
-33.8136592868993,21.1222164085886,0
25.8765478125453,-5.91887906218722,0
7.59049683668307,5.27298812450176,1
-16.7615603857447,16.7317953596902,1
35.3433059901331,1.44909330484465,0
-31.3322248215912,-16.5125639698689,0
-34.435670778168,13.6565997593746,0
8.93950041230537,-2.53791538327777,1
35.6063887884488,-3.12331845068332,0
-28.3987249220014,-15.5984247639235,0
-9.77325392937128,-12.2594382429111,0
-17.2013022130794,-5.33937172190331,1
-28.1867338693875,5.66451241488996,0
-8.66501329700898,8.49725916470938,1
-14.1973098224551,-6.73312966634023,1
26.9510149565208,9.34597922117849,0
22.2797446067486,-12.4970260406482,0
9.40423463560543,5.02987565571053,1
3.96102951214006,-1.07965529927588,1
-20.0312084824515,-7.00281787745678,1
-19.970583239594,10.7742278168215,1
-14.760266915306,7.46567017931854,1
-21.0033125049193,2.51470436025806,1
-25.768817846945,10.0237687042214,1
29.6749036508099,19.1507356899176,0
20.9875050433678,-10.4052715493735,0
28.8377311445395,-13.6714255081877,0
22.8381978810377,-10.1037261340283,0
-31.661046414828,-15.4760144417197,0
-25.6123108276925,-14.7681096454504,0
-36.0109082197206,13.1718065288927,0
-13.4966094793123,-12.0453103804374,0
-22.4430502763976,-19.0586892048351,0
2.08230005739112,-13.1931245294618,0
-35.4226830698445,18.3548923086605,0
-26.0250954339205,-8.79123071730775,1
7.89493089725585,0.86008336705693,1
6.01971181515576,21.2362720624264,0
3.06670380133082,0.928417382267778,1
34.6716483091689,2.9737797962058,0
9.94779004496652,-12.1868150463465,1
7.60824812301528,-5.69179830324758,1
-34.3557018733416,0.256946379630861,0
-20.8497203253017,-1.93328105793357,1
-10.7720586488654,18.789434961698,0
17.9316917279725,9.39864870067772,0
2.12667978051205,7.52199982142519,0
15.932018673055,-14.763174990862,1
-0.331545357039587,-15.7818894538841,0
22.3491215153662,-6.98843101904182,0
-22.2879079116136,-21.3622724854539,0
33.5805110286681,1.98426089006554,0
11.8857812905775,-5.63130017649741,1
-19.5055661875146,19.6621611835371,0
-16.7598316104707,10.7027846850461,1
-30.8194633454516,-16.9610624876674,0
13.706509206509,-7.72088243712722,1
32.7601422283683,4.94873179149088,0
5.5357689527435,-0.843837017439942,1
31.2159241707229,-14.0188615728131,0
10.4821147319558,-12.7294546950414,1
35.8812072079101,-14.1533044511675,0
10.4388303156014,21.5180294952376,0
22.8623316677591,0.49419731772127,0
28.8313126576664,21.9969129619499,0
34.7158934802584,-11.9013642908428,0
-14.3956888951967,21.7855242941891,0
7.93631519773944,13.8768493938416,0
-17.1581888330257,-14.5496223968623,0
-32.4487038988457,12.9508615510466,0
-26.9618976964237,-5.44164276656866,0
-13.2607838910416,0.17802940173673,1
3.96148481261792,-13.675799359766,0
-24.498209556248,7.52655277651437,1
4.24915960725849,12.1646906995046,0
12.5152488546763,-15.8290304495885,1
3.32612689136155,-20.5968098895132,0
28.7309211983082,2.88466451233136,0
-31.8401961548847,8.57852258161775,0
-35.9337986661813,11.0392707482475,0
11.9461721731825,8.19824940115516,1
-25.0331002025011,-0.0899020678228268,1
-1.03219749705364,-2.60368403887294,1
6.63196596795616,18.6185608922947,0
-14.1351852040585,-7.53536654182454,0
-10.7770788484035,1.74104330333753,1
35.9378858921442,2.86388280320552,0
-29.2196818388815,-6.66773381106477,0
30.0500850341037,20.4970083485181,0
26.1823426861308,-0.131320407188468,0
-28.7601050771137,16.7871209219963,0
-26.4375159519658,-0.362283470780653,1
19.1761247521544,9.39952147237214,0
-24.5682383610406,-5.31495664101485,1
7.32222950576554,17.0040472211574,0
-3.08877798506374,10.7555468367556,0
21.3098902788333,16.1910167330808,0
20.3607796203393,-11.0573854983593,0
4.55507623607531,19.0380490969374,0
28.1014709346856,-20.9272637072608,0
-21.1904473027884,12.4737728393692,1
23.525526986246,-15.1949830770121,0
-27.0385115150834,-18.7767750819909,0
5.6820558830275,15.6459827455891,0
-8.83415121460724,1.85992110452857,1
11.4459333000423,0.841047757012287,1
3.58448429828866,-15.7713335121871,0
-8.89874140272114,-19.0566031551092,0
-26.3908767114623,-12.8364595509843,0
-20.7610921378926,-6.84170008021723,1
-14.0776309617908,3.12555883521649,1
-29.7254150787948,14.6803329230603,0
-11.4382320767004,19.7133864945929,0
-9.62105553737483,2.03250560842813,1
-16.1182236599935,17.2843060931545,0
33.2241586097301,13.3212181538072,0
36.7132957216273,-15.6918986842843,0
31.5271040743801,-3.98658191471177,0
-17.7940985789594,-14.2908133001356,0
-32.6903245740603,0.733135412051904,0
-12.4345403321084,-20.8754946306869,0
29.2129760311286,12.434239274711,0
-37.3829061645666,6.06680534281017,0
-26.8006247965126,1.35619530834776,1
-16.0758594694334,-16.1453488949364,0
-27.91835067533,-9.96072225898844,0
-34.8831737304024,20.5266259703476,0
30.5630838676714,0.777137816512514,0
35.3391688063488,-0.0813226559055593,0
-5.7536575937925,-9.44477224338992,0
-26.2683016614675,-7.88409646130352,0
37.1960965534507,18.7847871854239,0
15.0927145295984,13.8968598912668,0
14.001777336521,14.5783679933671,0
-7.87360266368843,18.8054752820262,0
37.3072528424028,11.582891193599,0
31.1551299187049,9.32541129671537,0
-26.8944841038675,-21.4844473406386,0
-5.00135316221072,-5.46499816157585,0
-7.02972578964702,19.2792345200164,0
33.4108287614606,0.514425204464178,0
-8.07481908801108,-5.41897598363454,0
22.712462541207,3.59458196452211,1
-37.7956292618976,-18.6087873918718,0
1.60977575296094,-3.36384015316466,1
16.0655044721789,11.1396852169391,0
-21.112494401573,2.45377787837468,1
-16.0558928093777,-15.5658577403643,0
23.0708482194842,-13.4398749565405,0
29.973803183318,19.6005480735175,0
23.6826900378508,12.03365124001,0
12.0517016050154,12.2700769989289,0
37.0305314194137,2.14618352415359,0
13.1666284389191,8.40477168931415,1
-22.6266676768314,-3.64053772647424,1
-27.0128317165447,9.16361937591738,0
-22.7064459164569,7.17351911024931,1
-30.4675599356169,-19.6274512157877,0
9.3719629476231,12.7410889114614,0
13.6503291042559,-9.21105676759946,1
-13.6920917853576,-17.1549803414493,0
-24.1441510433624,16.9220960438622,0
31.4044209132001,3.60734977157136,0
-29.1529146087442,5.49139713807504,0
36.0800480314123,-16.8857824262152,0
-22.2858295413241,-11.5754645013042,0
31.6445148925224,21.682526751279,0
12.8499023343482,15.593617936895,0
-20.9360885094574,18.0502126791049,0
-26.5143033858236,7.41316684357504,1
16.5259943025296,12.3889949023174,0
-30.5278722212987,18.1402392827811,0
4.59745433552434,-13.2946064095374,1
1.99169293527843,9.54794439342436,0
-21.3465508680935,-12.6104472785134,0
12.6906999921389,9.23778506758953,1
-3.63691648541171,10.1837087429603,0
-0.731884405505014,-2.43999897486459,1
-2.45052275287081,16.0951914737515,0
20.8142628221673,11.9866377113415,0
-10.4408768387394,-13.451314503812,0
16.3695411078811,-3.12236489401818,1
-26.0429299272124,-18.6443621543285,0
-0.107530647240978,-14.4095844053105,0
-23.0582514683729,3.70934857641781,1
-24.0832257029734,-7.60597999899417,1
13.4661752471734,14.3039486518359,0
30.1774228479667,10.6767798875022,0
7.77164322310568,-21.6693624934769,0
-18.2495095379732,11.8278646716085,1
6.26427060203925,-14.9970635288752,1
-1.75114455106713,3.69672129897183,1
27.9922197985563,21.3791260516542,0
13.3594709753378,-21.5672394123377,0
8.16486267653539,-3.07839589325633,1
28.8976338747491,-2.22689592748042,0
23.2353791874073,-18.8405214603511,0
7.52625672310818,-0.481623882393684,1
-23.9349578565072,-18.1718046185077,0
32.8121860423505,10.0872518903007,0
12.1431636154932,-7.37844544335338,1
14.7496117187484,-1.9038258958766,1
23.1168788078641,-1.08388642721745,0
-9.14480594208436,-1.01216057054069,1
-19.0109472408243,-5.38088780926902,1
-13.0340484411467,21.9687096978678,0
36.3449508574577,6.57398998633467,0
-19.3604981573973,-19.3621712093275,0
-8.15257672948136,-14.0473127623599,0
-35.9877421144607,-5.16878173003993,0
20.9344329635576,0.260797227440712,0
-4.22363386700766,17.4237008598554,0
-29.1151651614807,-9.47718814430342,0
37.7779173579629,3.47427675805273,0
13.6034255121556,21.6789353995092,0
-4.39926719275293,19.0854714552122,0
-26.3922078071299,1.8370289603167,1
-14.339607354697,10.271449962216,1
2.5756351665204,17.935269029758,0
-5.20313685500943,18.9998245165815,0
29.7453312611823,-9.6571149405908,0
-26.4176470583471,10.3980599282147,0
0.609979526813341,-4.76766106626804,1
17.1243380153814,12.4390771856237,0
17.2830074398013,-21.0608149713057,0
23.3145628500513,-18.2604664863923,0
14.5957685492174,-11.3190476431686,1
3.19554474151123,-9.65546783022152,1
-28.0030643267529,-9.66518658671746,0
-4.13812372279725,-7.60331251379414,0
-0.639254469762001,8.72840559645536,0
15.113680217722,-8.12153927347963,1
2.08276715285712,17.4902940537822,0
-20.8371336138273,4.85985755619982,1
-1.80504276092649,-12.9603394666885,0
-34.6878274045208,19.6863523326599,0
23.8260262037379,3.32019850380159,0
-22.8134944734602,-15.7808303614596,0
1.75918494959232,-7.62062720689965,1
17.3575321100467,-6.48516466510317,0
-33.5731150341495,3.14991042890997,0
-6.00172992854512,8.52387370601051,1
-31.9516960623533,-1.82555789929867,0
1.02857054546795,-8.99867609602452,1
5.0149261108537,11.3132069491507,0
-15.6827946349504,21.3120929708204,0
28.0124024926439,-2.14012976250961,0
17.9485030888315,-12.6588200264832,0
12.4183361510416,6.97692334471263,1
35.1138170158075,-14.9194058286241,0
29.4790462110758,8.91646158520536,0
32.5598299860789,3.42052278691247,0
16.1651347181597,-9.48956211304044,1
-31.6695259978532,-20.4953163003507,0
-18.666048495263,-11.2158047350106,0
-11.5456091976664,6.90718099170712,1
30.1401544379779,-10.8891767682007,0
16.6375325216533,-1.42706275589325,1
-18.1706859051561,13.7720476490526,0
-28.254826524329,-8.29325304756115,0
19.6968931651805,-13.8973821960665,0
23.1649720858511,2.63651765524488,0
-17.9358957522677,-12.2962246716436,0
22.7989824870722,-13.4133015375195,0
-5.35546922838091,-8.2973037319197,0
29.499667796281,6.72235323385949,0
21.1613634630753,-5.55500899527459,0
-17.8712046631178,14.3180357839401,0
-22.1055265335799,-0.67801369518611,1
-9.42581129773649,16.2355092750236,0
22.7418158632035,4.7881828148874,1
-19.5430009903193,15.2231129780477,0
21.1943954209784,-20.4137409896512,0
-16.8100768345357,-2.81676385435537,1
1.35488722368093,17.2994750939764,0
-17.9392421603767,-8.67406003174139,0
9.02824673049718,-7.15020101227578,1
-6.39182448548383,-0.0324290381500347,1
-13.7974693679998,-8.66939065904466,0
-15.1612562651505,-13.6663449758743,0
-2.78804719235698,6.10949181101212,1
24.4998488460912,6.44664054079485,1
-3.85271935735508,-20.6742716847532,0
34.7884227869965,3.8592469454225,0
-3.91820605780073,6.98811164129453,1
-32.7415403864895,-18.8882302533251,0
-23.4731674574363,16.8209282001691,0
4.34434708155319,9.19284343220838,1
33.978498787819,0.425966664892663,0
8.74206210127968,13.9966763293044,0
23.8420458244212,-19.4999228587062,0
4.90809514543454,-10.3540788547831,1
2.87611580004313,-11.4619119782749,1
-37.3151208599918,12.8085564168545,0
-16.0535088838145,-13.4642177927897,0
11.7775268534102,15.4823201323926,0
28.2573790717033,21.9612633900366,0
16.1821471759825,2.69150128212347,1
17.7871684073758,-5.61877529613544,0
19.2927614952184,21.7456510824939,0
-33.2417127112505,6.11253224211375,0
21.1609997965867,-2.19337762623384,1
-36.7359483517553,10.7482936952404,0
-11.4384528006974,-11.0917413521682,0
12.7599980277341,13.7494572719374,0
6.27619455440021,-1.74959962705547,1
22.3147093778225,10.5133310273287,0
-31.9107537559818,2.1354178697477,0
-32.2324919352307,2.96634575547053,0
-0.0477339700191806,17.07887829406,0
-24.704778730371,-12.4654294335424,0
-31.2855584581533,4.94836205831491,0
-21.8681400611651,-12.3713579697237,0
3.98096372039653,11.6535913836629,0
-31.258659334334,10.1480203601454,0
-32.2146885041679,7.77990031185292,0
33.4320425583052,-1.46707616127541,0
0.615088714660203,-10.8305920386346,1
36.7352902954834,-12.9182138746235,0
16.653718888197,2.62196526975035,1
16.1994021575582,11.9871613890698,0
-15.6621909478861,3.03661542598328,1
33.8240461767037,0.314027295617016,0
-7.16384202758087,19.1568156227489,0
-30.4412820355317,-2.81029646236707,0
-34.9426584908486,11.2953237001395,0
-7.97169356642642,-3.79180723768174,1
7.43746112731885,12.196099234628,0
-37.1633375803181,-4.0772753451831,0
-15.1661174748707,-6.55394119168445,1
-11.5908884788614,17.111189389162,0
14.302266360757,-19.7832554211698,0
-12.4039178285316,-0.680459194657939,1
-28.3611502827824,13.6387255329453,0
2.5105002180271,-2.43433829461034,1
30.7227759859859,1.93787058172719,0
-16.5124521282626,-1.43308895111013,1
2.09810571843476,-16.5266001005596,0
22.4046835128753,-10.996127983609,0
-14.8542668819791,-2.38766117580255,1
-36.8915601904621,-13.7067315210809,0
18.6178568937561,6.44531108735779,1
-16.3542229913554,-11.7510037559828,0
32.5271671826905,-15.9145550303553,0
-37.5603164160173,-19.7238206630507,0
-2.14114804957912,11.9817098018726,0
-27.5322266253694,9.10902145964269,0
-16.2874361250767,5.18556135052539,1
2.89948272957412,1.93309208238226,1
-12.3493911416175,-20.5811565478455,0
23.8413151936348,3.14430225974134,0
1.77058720469099,20.2222961640271,0
-23.8557052112188,14.5083999447685,1
28.9145639640644,-4.74982918153047,0
-33.77333197351,13.7028254952799,0
2.84984895354572,18.0804694181206,0
9.99141257724482,13.6642586974258,0
28.9161668561996,-7.82146192657206,0
19.3163047633285,6.92856551154549,1
-9.57681609277038,-17.1620127059929,0
26.3629456342068,14.3994893244919,0
-0.489864472486722,3.15979875999374,1
-27.976253669419,-9.98114801479115,0
-2.96293046287215,-17.8192824050722,0
-29.2345595056909,-12.1000998712202,1
-16.1369118211579,-15.9321770197397,0
-7.20854834169111,-13.7325656540796,0
-32.6735775485475,-15.2737047486559,1
-8.30526727122897,-9.7723214041671,0
20.1357050299491,7.53606651534363,0
33.047669886983,-17.3003615298049,0
33.3426865994551,-0.273181290011248,0
-14.4318993651149,-19.2373185261255,0
11.2246636222658,1.50453831004818,1
31.8570456009039,2.17427623152674,0
11.1016791071101,14.7708792837576,0
-24.0574277888332,-1.89219122224089,1
26.6002052284763,6.81162022997388,1
36.3560818680268,20.9011209549394,0
-13.3064293485021,9.76643744096258,1
-18.664808698614,6.45283830771779,1
5.2151615825216,-20.0848480134566,0
17.7037384028112,4.27539136359577,1
9.82797008815157,-0.36358853464705,1
-35.9093765315102,-13.981315762676,0
-15.5203205231923,17.3270880170473,0
-28.8081542048247,-15.2627564055595,0
-27.0787874766015,-1.79411271166683,0
17.7000866960412,19.8401773377175,0
-2.95494963071461,4.08574381083447,1
2.55705458195767,-10.898993327778,1
-16.0230697840877,11.8912109997098,1
25.8672912580939,18.1668987044234,0
-25.9539482011714,-4.3092974918887,0
-36.2574971190398,18.9956682139971,0
7.55214555040718,7.59065297731424,1
11.2827174452586,18.9214232571868,0
-0.839606647141323,10.1144772709494,0
37.4877873629605,4.03976262368571,0
0.996452706879474,-17.131182681727,0
-8.89832448931303,12.5743617029685,0
3.50270203067631,4.98549154927581,1
-32.3754472522064,-6.48574161010755,0
25.3010590832635,5.42596576052084,1
-18.7030910426623,-1.12265567537865,1
-25.0634029185492,5.54146296944596,1
-2.17229626898927,6.21463839263683,1
-20.3923562095535,17.0580861529042,0
-14.8359040980853,-18.7335339184458,0
-0.168763040077145,6.52853721962737,0
26.1027934449989,5.23854363014059,0
24.6092688108952,-3.06315124356768,0
-33.6615080587786,-12.8916895538701,0
-27.0827745133208,6.16039107766698,0
-18.477851519003,-19.5382909185638,0
29.605250169662,9.60317396501124,0
-19.1194274138051,8.38159096591227,1
-9.66698271332847,-19.2857298535075,0
-14.546831768672,5.50207153810436,1
-5.6491835232856,12.4433933501236,0
-28.3318906221618,-2.18409072942301,0
21.0573050117339,-15.0422520677047,0
-22.1808924175202,18.6574288610188,0
22.1127881556829,19.8750624999023,0
26.8109093853305,-5.00762854286416,0
-37.6138834123249,16.3018498052868,0
24.5684055001163,10.511270544537,0
-16.4534241093756,20.2882447603921,0
-29.6420047796899,14.7210302061363,0
-6.181717207228,-4.35224957019676,0
-25.8056256161285,0.230598959994467,1
-33.779521640622,6.44076395001261,0
20.1723717975492,12.0544964293575,0
27.4242704793201,18.2072710347082,0
22.1938972033008,8.93671974978318,0
-15.4146122545019,5.43716220376722,1
27.6344054094299,20.5968719983088,0
17.6508339729483,-18.5316051194853,0
-33.3728686774315,-13.4095592465597,0
12.7184538386441,11.1138698907721,0
-32.4826309207334,1.34503152233484,0
-30.6279235889059,17.6968403961548,0
1.23472556768913,-0.679204734140733,1
17.6213949056472,20.9732719688333,0
-16.3998494634514,-12.0367175005454,0
36.8499400702976,9.49210909570317,0
6.03787033805457,4.98824849282012,1
33.238186844115,0.629960472170563,0
-19.8644112466378,7.49896162185279,1
26.2118948676514,18.4809634569865,0
-3.66204958386549,-14.7126970705806,0
-33.256596257825,-11.7503474609046,0
-32.2412498120318,12.5059696955315,0
21.8443510982864,-10.0710950196007,0
-29.8432265594028,9.66418477494837,0
37.205761005191,3.60455322900467,0
-0.0523891686864317,17.3209080781682,0
18.308879079156,4.97447475596934,1
-11.1937424518194,14.6979330166326,0
-32.444052759387,11.6475457548919,0
24.5938473492473,-9.24473751402128,0
-19.6124680164741,11.7937783773181,1
-33.7068838181757,-13.1520873968278,0
-33.5536372885963,16.1530442950664,0
15.8935313996905,4.50078072208445,1
-5.51954789968196,-2.94133281232176,1
15.0597813803289,-6.84093197375617,0
25.8660362198825,-19.6497241534192,0
-9.34517526941332,-7.98056984156763,0
2.49494327428183,-8.65397643622908,1
18.7657196097006,11.9599424121519,0
-7.62558525282432,20.6306942887161,0
20.195634106308,-17.5747358857262,0
-2.48661090143576,19.977243525292,0
29.0475984429297,16.6377663046959,0
-17.0943326536446,2.71268911977199,1
16.2315434828304,-15.5676786223421,0
-27.8744070355181,9.81998410971001,0
-11.9089232076295,-17.786381117442,0
1.64705263708439,1.07003797162145,1
-12.8634731862283,-21.1955808490291,0
14.802674239769,-16.6174245892229,1
27.2890768917056,-17.6694495811266,0
31.4294513500533,-15.6385457519147,0
28.1520930578266,-7.81780789371882,0
20.549501238063,13.261077889161,0
18.7934314748383,20.8639283549021,0
15.5186519399868,-5.83593247151017,0
7.49115728961615,18.0846659222713,0
13.6219400257513,6.19150006584075,1
-15.2232290213468,-18.2111747051673,0
3.07354731318235,1.02695521137806,1
32.4212008575421,-16.368209198376,0
15.6143117397905,-19.8856079330549,0
20.6151938487037,-12.2289333109695,0
5.82072477803127,-12.5499489615727,1
35.1787077326404,3.14398570984443,0
-35.6663602184357,-2.99524873004441,0
2.16826018006186,-12.359021855453,1
-17.6485201019781,-0.639097915090431,1
-23.3335458353085,-9.57358612362011,1
-24.7857381923273,-0.877688860073555,1
-24.0208996790331,8.10333557120398,1
-15.5149740713567,-13.2865996249762,0
-9.30532433604002,-14.9912198267345,0
10.2043156397373,16.5016803226856,0
-9.11917092611773,6.48941874217957,1
-2.74253646727134,3.40901279553061,1
19.4345717976665,3.28616494659802,1
-18.574757534798,-5.3618497045672,1
13.800153728754,11.6134293352722,0
-34.9117373657488,-19.5630999137137,0
-3.48949307535572,-5.17758686538766,1
22.5730254089229,3.39837449673813,1
4.99821359463914,8.48446740585427,1
8.16470940311646,3.01075891714542,1
19.1407922110082,-3.90056801656281,0
13.2467781931721,-9.31274723607978,1
17.6050568861826,9.6476480046489,0
-10.4915556172765,12.7257508955788,0
30.0420215500071,16.6623159899609,0
35.8527477093776,7.4205246440906,0
-37.1424045295131,-8.14643077120374,0
3.44547972496953,-5.80151018360966,1
15.8784553792817,-2.11963589276105,1
32.6013638513495,18.2593400098459,0
-35.4100835250884,8.24003840914065,0
31.5441066487226,12.7575381106368,0
5.933558565609,7.31423597360891,1
-27.3267216908247,-19.4912729280815,0
-14.5189225050453,-19.1593010496135,0
-19.1581291637397,-12.9323261927833,0
-34.4055862772153,0.788602942574393,0
-22.9053364468195,-18.1023328371661,0
-15.3409975207677,3.88835375742687,1
37.2071962515394,6.6782635194165,0
35.9783478498262,-6.13956067107744,0
0.0141476776430025,7.33392715765985,0
6.80473077896244,-3.1838526812412,1
17.6549228597834,15.1847885395786,0
37.6582780328613,-21.3268542973064,0
34.3528465925186,11.0042929536623,0
-37.6493720470156,14.0790232929844,0
29.6615450510905,-17.0825012640574,0
-19.4646747022476,20.2449272591587,0
-31.3970425080488,-3.55524205846731,0
30.212222722601,1.60329804108858,0
30.3292767685628,-1.45238749857283,0
-18.2276161111998,-9.67916188737428,0
18.6692732685533,10.7729116705591,0
-7.72329951726389,-19.9637787492341,0
14.2930754250446,0.765594281662377,1
-37.8219988728154,-14.7567489777569,0
25.8735037303407,14.1263294167954,0
22.1672020194553,11.7234916223591,0
-17.159900147696,-15.2475960330964,0
26.4102075177543,15.3915405269332,0
-15.0613619352483,-9.16050028664497,0
-27.1793867253724,9.8128982290062,0
14.9740256166542,0.165511904518663,1
-22.2462565266175,10.6566396391949,1
-23.7652010419419,-13.2566118901385,0
-9.6577846169701,13.6801573356902,0
16.3342064274298,15.3219741513991,0
-5.73610107396212,-15.1412117709807,0
-15.2889679091687,8.58943928124672,1
13.4972982388981,5.43881581129192,1
-12.5330737746593,-21.9802232765833,0
34.0584327276686,-0.200315582402609,0
-29.2828329295298,-3.77226202456516,0
31.4119650857872,-19.588885084868,0
32.0669532537716,3.01501351327909,0
-36.9520916973729,16.1426551961712,0
-35.4451749847203,20.0255790028658,0
2.38506302291975,1.06146059082777,1
18.0619186291663,12.3738126856203,0
14.7030531723557,-20.330256881601,0
3.52150645887394,-15.9374808440865,0
-13.294619902927,-20.7378260106607,0
5.99391348876056,13.7719734332514,0
30.1994787749352,-7.69500675885242,0
29.6514312885805,18.0388242433572,0
-14.9077245956526,18.6848860304595,0
-17.9075869369498,19.4491560176036,0
12.7404422534142,-2.05052803498143,1
-14.5960676628457,-13.5109268888301,0
10.2229481334255,-15.9171111438712,1
4.58374742373219,-0.854663355894253,1
-30.4222378114252,-19.1437602805567,0
-9.01156798280864,16.1277871939247,0
5.13882396410353,-14.8268135730373,0
-34.1871135707127,-4.34913157966516,0
-1.5214660603916,9.12345989689667,0
-36.2297013999816,-4.11042982107275,0
-4.57679169968497,11.258870566593,0
-19.5814466900633,15.792604871493,0
23.6690493394534,14.896188109887,0
-4.61197709440061,7.75538762236661,1
29.4731033078443,0.908777291323119,0
-30.0704983225379,19.8991111178672,0
33.2046017762427,10.747376903221,0
-9.61381936247402,9.7857689308497,1
-25.724867975351,-16.4714709626514,0
-36.8755976570738,3.8735272061951,0
-10.1575193232094,-12.4658718655637,0
-5.32477051615074,-20.4827213706334,0
-5.58171798630062,21.9477007624427,0
-36.698683316114,-5.38401368970068,0
-14.6270119481298,20.2315279171926,0
-17.4589699477831,-3.36507777922352,1
27.9090284841936,-14.7504942075062,0
16.5723656759203,-10.4886832194714,1
-20.5238889220504,-8.23557684617254,1
-14.1432178881235,-13.4381441951797,0
36.4043794918865,-16.8619103025792,0
33.5576218720741,19.6267372738864,0
20.7500565354173,-2.63527977014596,1
25.1667072994682,21.8664237187716,0
-33.7627837014371,-3.75165811703151,0
-27.1868355710111,0.55826490968165,0
0.325859269122709,-15.3178349264811,0
13.2460938471112,-2.03261654908707,1
-24.63549985058,20.3623945137218,0
-8.34776567652706,-20.9099890512475,0
31.8037870446835,-21.9495244162413,0
35.1362183442992,1.39137843413061,0
19.7656860020846,12.6558802726285,0
-32.4521438762118,-11.2992256804347,0
-5.85113514905681,18.3350626996728,0
-24.4776201721585,3.45579842740203,1
-18.2380079334088,14.9891174396139,0
-6.32923413753167,-21.8073835410754,0
-20.322093851535,6.62606155640593,1
-24.9988511452579,-10.5773039741871,1
-4.96533552130764,10.0931118737849,0
-20.8974881035545,-7.07570625559376,1
34.0027089953389,-15.446722072299,0
-9.30867005410198,-6.12615175280243,0
-10.6917181826824,-21.438715624678,0
37.3282978069769,-21.6078142332323,0
-13.230871434594,-4.90330364362686,1
29.8168874915161,17.0268825154969,0
-9.88325467240186,19.4785035923924,0
-37.8170329078925,-7.43916375995594,0
19.8309507285434,-5.10478450709044,0
-5.57349846077888,-0.546429590350737,1
-28.1056882977269,5.08272811218076,0
26.7516157577228,-17.0078109815254,0
-2.23918770072956,-8.47000764157137,1
-37.0127874598897,12.9876177243292,0
33.3637732744347,-1.16982793718876,0
-9.32022062075372,-10.7772550178135,0
27.9132855124637,2.43658646997203,0
28.3379072720648,20.3834531012526,0
-36.3534652943078,-14.8418266843264,0
28.4175085583547,3.05594042808245,0
28.1433073464365,8.82015849824529,0
-29.8533718472076,8.42393486138296,0
34.9020645063601,16.2468920070316,0
-6.48436202265006,-20.6035781083189,0
31.7039233952378,-19.3399099268689,0
2.71966686430893,1.13330033955701,1
-19.1113265060343,-5.98383696722906,1
21.4240702724149,1.52405387123165,0
7.66711955175747,8.8559184324827,1
-22.5236838961307,-7.11507180545845,1
-9.40198015159064,20.9694891348879,0
-33.0321096167189,6.58463560903667,0
37.0486170338877,19.6159708561333,0
1.24116085675356,6.1474453196289,0
33.8776321420983,-19.4510997304491,0
-21.5098422449287,-3.28194805220099,1
14.1923543996348,-1.1965799106193,1
-2.5477490558162,20.0581810055394,0
-18.5564726113633,3.14111232016497,1
25.599360124936,-20.3834788600585,0
-15.860414784318,13.353538958729,0
-29.1792108420348,-7.17273061126038,0
-8.92778976922034,-8.33395981643713,0
-21.8306085814078,0.92186861533289,1
0.650930262477885,3.59260254814553,1
1.52369583386304,6.20350185234932,1
31.8452465616364,2.31704783000465,0
33.8342505663774,-20.952763083664,0
34.2220725914653,-2.76431464808082,0
-0.270122345705225,-12.2821746884033,0
5.80979509218595,8.49631823484382,1
37.2488426719408,6.45696691143262,0
5.2404575245638,-3.55036368667306,1
8.66556081183052,17.1059448821159,0
-26.5989433919379,3.28886621658468,1
-14.6627884096731,-11.024412933268,0
17.1882344903736,-2.69614794463664,1
4.87245754535686,-4.36767377292048,1
-26.9242619803338,-0.254011938762158,0
3.91899767092507,-4.04528469093482,1
9.51748865429161,15.8968803315663,0
13.9466520316474,17.9877235895295,0
13.1940526822877,7.75029790912651,1
-15.6645531950801,-5.12720899512884,1
-27.1981368978047,16.3546534119954,0
35.2141974349658,-14.171616374971,0
5.36128661971323,-17.3578026334147,0
-22.426963880156,-15.6033296286065,0
-17.9513531847388,-7.55607938121571,1
-31.1014016436514,13.9109577757048,0
13.5678076076341,7.0604214435389,1
33.5525711030813,-11.5671788528749,0
-26.35689043272,9.01149343246198,1
12.7154478537794,11.7139623860403,0
21.4052599977911,1.64748595697745,0
30.4915622002488,-15.0943199247257,0
0.696373021657074,-11.5631896501575,1
-8.84418217854728,-13.5082502260719,0
19.1404026369615,12.2749853084783,0
-3.54598134642839,20.6917032482606,0
5.35151715590111,-6.22045937893684,1
-13.4193223533631,16.4445254997854,0
-17.6000344386596,-15.0439203240498,0
17.5459586533314,13.8631778937849,0
-37.447599090909,-9.30530155377319,0
11.269829234671,-19.7212647973996,0
-22.4559297499762,-13.7113251990953,0
11.7415096940386,7.72521396007151,1
-16.9734332146498,7.65194047444801,1
27.2529535202732,3.61309635019398,0
-8.26516421915118,-16.1655506162935,0
17.1171616380633,8.39429161197055,1
-16.5275329963844,-21.1667525503638,0
-8.22629872094974,-17.0823060038963,0
-16.7393215725594,19.8221018403203,0
4.99596119989088,-10.7554560183166,1
-9.3487691195799,19.9480069908416,0
-28.1647977763183,0.328750534709922,0
-26.4043841912433,-2.71222197576733,0
15.7608120321519,-11.1529638062227,1
-17.6515104643901,16.1706706435774,1
25.4712544917763,-4.86887228087905,0
-25.0271480822968,-18.0061347092419,0
13.4591419927696,-7.4191095738014,1
-19.5289503939731,12.1567738121244,1
11.2011543718048,14.4245163761394,0
-12.596533790277,-19.5370817644488,0
-2.90987105514394,-8.54699780084288,1
15.6952581019878,14.1459402705011,0
-10.8943442357028,0.891210271864256,1
-14.6240884452585,10.3815096878023,1
18.3033479598685,-3.7628148081519,0
21.5797014258043,-11.7290889331641,0
2.70766458701274,-15.616584356169,0
-21.7461153870082,-9.74919454587075,1
-8.85416767574206,-9.62006702444586,0
7.698834198634,-3.59241277023704,1
23.4582704107331,-20.6045725536966,0
-30.7748263580924,-3.21678498784074,0
20.3477792454671,-19.6480258634872,0
28.3808209667837,19.2539630260336,0
25.1540645503739,19.5187559731158,0
31.7003665353909,3.14670185766685,0
-6.90186543393038,11.9033407716324,0
29.1450157641315,-9.20043280655136,0
-1.69895500891644,-17.8940302070155,0
-35.6195928093947,16.3437582840205,0
34.7907153460668,-6.60901534036866,0
4.02061434410886,7.13156238395606,1
-16.4099942416935,-6.19277260694235,1
-7.66836997997075,-14.740181172536,0
-13.6885186173375,4.96612732475697,1
21.5851879782928,-18.425319782563,0
-37.5685890141068,19.7051869253299,0
17.8458316615661,5.51786875357231,1
8.05436114861428,-9.69874958401336,1
12.6077386546571,-0.0203221307277595,1
25.5696573313159,8.76907276470229,0
-31.5884620594361,12.9117408677143,0
14.8230858842263,0.459473586285252,1
-11.9320193128448,-18.195515426952,0
19.2314276443442,7.54693547013627,0
-28.0192077856594,-8.5984080134263,0
16.7928451386344,19.8580676046168,0
-36.0981293334342,1.81538175645743,0
-7.24908756509111,-15.8168702217967,0
27.2202108698583,18.1960545258087,0
24.4329324825487,-19.4813830748269,0
-12.6510158123524,-8.22986611752276,0
11.5572865095123,-11.9551868254854,1
-8.31821965586609,16.122702102224,0
-4.40241769156027,16.3338322036959,0
7.68672259659635,15.9356483942112,0
37.1542028872335,-11.6648323645402,0
-32.3334115162204,-6.20066521861814,0
-10.9206798369378,0.0638494510079184,1
-22.3386252148435,2.10287504324115,1
-7.35646129455141,-0.876580408145617,1
-10.5488453797597,14.7891959994675,0
21.7954560149524,-13.2817260865231,0
3.44769875766617,-16.0015189927946,0
15.9383668796425,-20.5269945012093,0
1.89817115872119,12.4883813146553,0
6.38273514239803,12.9306495126459,0
-21.254769818068,6.745492811181,1
13.8768787347921,8.44882809255295,1
-12.601616744479,-20.145517965185,0
14.4013537346576,19.1237849540219,0
36.1077953593397,4.34521105247552,0
15.6352513763153,-15.8656056674328,1
7.52206443213134,11.7518458449195,0
-24.9807835395843,5.10017602490207,1
26.0694309080131,3.40516212122092,0
-0.760349227772956,0.307363458437006,1
-18.2702321715119,14.5800171276813,0
-22.4942606328664,-6.94176990297968,1
31.7130896218951,16.6542502088636,0
20.8296970920489,-8.35537521199238,0
22.8695479504378,8.04398426196465,0
-28.2202893792031,-21.7815134586868,0
-12.6613869381979,-7.17038014656226,0
-12.2280904919856,-1.87499700280128,1
-20.85342098129,-9.26247334146349,1
37.7404659905503,11.8367304401165,0
-20.7006249430012,-16.0583920523612,0
-17.3122192012687,15.4897191757999,0
-11.5203585081051,12.6884734684885,1
-10.0838601085851,8.00659598111154,1
3.10011999157551,-4.90019243815367,1
3.70777937926126,16.1570407755775,0
-29.9076625881745,-14.020141679787,1
-1.11116373235354,-12.6483760917897,0
-9.48415256649429,20.3458702377284,0
2.60877700773023,-2.91376215540487,1
19.9103142021532,4.20457757908519,1
5.38232023505766,11.2001163640007,0
-25.6886195597558,8.46120570035792,1
-23.0652119971114,-2.4672601104544,1
-35.6997398929395,5.0930108281548,0
-0.669910647276076,-14.6431962072768,0
-29.1049704702964,6.54608017289946,0
4.07787913301081,-11.094845379145,1
-9.95082607618347,0.689381721717183,1
-6.55284961719325,2.91839241984272,1
-14.7916051515772,9.75235116916436,1
-9.90396564968951,-7.42562979599949,0
-15.8330110801537,21.5860093631232,0
28.3955061611462,-7.98357280094045,0
10.8728106748518,-14.4545084487148,1
19.0978163246566,12.8458426596929,0
24.2229668948337,-19.7139964407202,0
23.5629009016876,12.8437045148292,0
-8.37534032130247,15.9120448523981,0
-34.63849330945,-17.3172365422369,0
-36.165780696027,-14.3497609266419,0
28.2614326207657,-21.347266462437,0
30.8552350012683,-9.4317274940864,0
-13.9158867410413,-21.675809081519,0
19.8312920230947,11.5284880926093,0
11.3169688478279,16.7167532150594,0
24.5469926633136,12.9981453417969,0
26.7154808939169,-10.3113507205805,0
-16.9268203248416,5.42898739370863,1
-29.2981314128715,-19.6821937918961,0
8.30881588042333,10.4344815014194,1
-26.1299685303525,-7.14733602251843,0
-33.9508348522823,8.00110766592448,0
-9.46030507472587,-7.83246174688415,0
33.1191220828073,-12.5958377385838,0
-22.5485942879372,7.15665167578047,1
-5.34797347110759,-21.9485711953126,0
0.260317579258846,11.0753795168502,0
-22.7780188719451,10.4352234849322,1
9.69409024309767,2.40058163104993,1
-36.5770588106242,21.8275164283465,0
24.1557922606195,-5.20154446578951,0
-12.3287468558128,15.4699035738762,0
-24.5375626740133,20.0794121040798,0
-17.2697025372308,-13.8966192086318,0
13.5152520812167,-9.81083954789598,1
-3.98237332116608,-14.0131567471651,0
30.1880871734101,19.1689627407721,0
-16.4376631212824,7.8895383891802,1
4.41063982764655,-6.87040690735902,1
-15.3629976127686,-0.846389657850708,1
33.8230452789213,-0.248987834774148,0
19.478776359645,-5.36340821497546,0
5.78050215287146,-2.93236710712125,1
-4.8641474444701,17.4971371461837,0
23.5675545851102,-8.0775277639911,0
9.25839818852836,9.2314335206554,1
-10.5108364493813,13.125650245323,0
-33.5477272952959,20.6850913800228,0
18.9058094871651,1.40261239942066,1
37.9275850100864,-4.35395228099866,0
6.40540646611602,14.9893090131288,0
-22.4557514449397,-14.6849111275209,0
20.2594728116479,-1.13273905933488,1
37.5409580886374,-14.610117575629,0
-13.3289671557119,-12.6021913019779,0
18.2862961502103,-2.4089133015262,1
19.0997191098694,-0.464060838696319,1
17.8767588809299,20.8036640079582,0
13.2617384264358,6.43881204929254,1
37.2617907346423,20.3469189009922,0
-4.56746041110289,11.9752285171448,0
15.5046949784883,17.8167417498048,0
28.0657411997108,-20.9124370023627,0
-33.1216897001174,18.9933915357001,0
-23.8430471295408,-11.4221056364125,0
-37.577667839156,-14.90431554801,0
27.7486447370108,20.2979090181002,0
4.59572538623107,-1.59417500906283,1
-31.2021538749351,-18.4174054633479,0
-5.77180598263497,15.9389875011078,0
-34.1249389035373,-20.8414056872244,0
-22.6951981319251,17.1597780116452,0
-27.0274017340701,13.462350762333,0
-2.99514559813379,-4.99468463825089,1
22.8920854065305,6.89934371978261,0
-29.5121537887793,-6.95398562351652,0
-8.85071194579281,-12.4266210951042,0
26.0763108497017,15.3323520996211,0
-5.04495508849284,-18.2104148312042,0
37.3364829673376,17.720264094576,0
-10.383369402907,7.33276719136762,1
20.5983097555378,-14.2368304320373,0
12.8219488068245,4.90529170557744,1
-27.3416699316934,21.7408310050626,0
-30.6560780101218,-7.32832720315243,0
36.0292367848749,-2.28233190409815,0
-26.7262627210773,0.145254285457245,0
-10.9330816334316,-19.5817867875451,0
-25.0660466608333,2.2942646619789,1
20.7798975399306,-2.32067075003111,1
19.2733502947502,-13.860026967798,0
-22.7367516947652,-16.9216227571302,0
29.3783023772905,-16.0375010757251,0
-4.55473079063804,19.771844521315,0
-4.65726469120386,2.10813188270145,1
13.974080538574,-18.0388084019683,0
-29.5151138837143,14.3670201881791,0
4.0903809637686,-1.05402513677614,1
35.7262195844068,17.9912874054606,0
7.84718052583968,-13.420625021239,1
11.6999639359692,-2.85436525612732,1
12.8142063770641,8.28728157169967,1
-5.00735590878813,16.8430906777487,0
0.759801295726604,-1.50869524082657,1
-20.5215750473034,-18.4035511250759,0
3.90518517581398,7.94922200363348,1
6.86136270770625,-17.9911854724837,0
23.7838367615461,-19.5275039731631,0
24.0102080227982,21.4613789662486,0
-21.6618793818583,-11.7121472838453,0
15.3571818661251,13.7405781341058,0
28.8985574655921,-15.764879131845,0
-17.8430275115486,12.6740104480665,1
26.0147168171077,1.63877099592379,0
23.1826862105062,-11.6334168209426,0
-10.1975711814848,-3.99645701144185,1
17.6347187411551,-14.8090171174542,0
5.23349448048856,-2.59257660294386,1
-13.9103008783389,-3.21946423640731,1
-13.172865418984,-8.17926129356864,0
-7.81239830232078,19.4427393537137,0
-30.3024016890394,-11.1681317693704,0
-17.3875537649396,21.9175413718072,0
-35.6752017414668,-19.5259938796806,0
12.30412838211,15.9986526258613,0
30.890603219266,3.79086530303973,0
-9.44985201382423,3.81778144961998,1
-18.4054071867114,-4.67344809472512,1
28.5467961329336,-0.639547857792387,0
18.7087812417969,-0.13997991026411,1
-17.7444529071114,13.2541335865381,0
-10.3829975941296,-3.12526408507544,1
20.8635255238437,4.66516264807831,1
26.6160493507245,5.83554739292827,1
12.7808821590205,1.13047495624376,1
-16.9773174508495,-4.22147963112653,1
-21.6787646624808,8.3417048320246,1
2.73197578821745,-3.28977962401165,1
10.5042105319124,-11.4971322836405,1
-34.9570453922572,12.0752702141485,0
33.2379828384276,-13.2027736574036,0
20.4981230885979,-7.33083905186473,0
-8.08545136239627,-6.7727168874831,0
10.4689935245037,-2.67168303610429,1
4.90319562204975,14.9817678388199,0
-11.2624546715906,13.1176256264326,0
-21.665564394671,7.29369621052945,1
37.707057244881,-10.8524169004386,0
15.5504703012968,-6.63275975937104,0
1.91987135821263,-1.97077851948176,1
-6.53737298697505,9.09585597952572,1
-22.0728728428485,-0.0412508573638277,1
23.2022664722258,-6.66999375779074,0
-7.31663375746369,13.4847089389775,0
-30.1800484170104,-14.3825049057574,0
28.3723124593655,-12.5440584353041,0
8.80722483121587,15.1967418116321,0
9.41302231139596,-2.93809505509325,1
-15.4295704307548,19.3615677828854,0
13.9808440906409,12.4250317693778,0
-5.71648804601466,14.4355977550783,0
17.5475776405101,-9.88711967627657,1
10.1038511170033,-4.92136717532549,1
31.5265412285831,19.0782486283018,0
-17.7991231251689,-2.37884007867845,1
-37.378210591107,-10.4203995211035,0
17.3179337723233,10.432441692535,0
23.5397587476451,2.44249025900013,0
-9.37823393856721,0.339765236976856,1
-13.7059197360515,-6.74663690829342,0
29.8924238215756,-21.8016683443375,0
-2.45785976110486,-9.5610916121463,0
32.0764696511884,15.1913823770104,0
13.0952966914822,-8.14813290384634,1
-28.5238644373715,19.4180787215997,0
-3.371280552144,7.40368521252808,1
-12.3742216805487,-21.5487388328497,0
23.1821582878373,10.4108186417307,0
1.9890370381376,-5.24692442821337,1
-30.5812463570647,21.9556383500667,0
-3.4543209640341,-13.0820350359643,0
35.1002703906113,-15.4104899823742,0
-4.00832748061899,13.248745022587,0
-25.943379245693,20.4767199434194,0
6.32438219483858,18.5410307619622,0
34.5486399353571,11.842223901513,0
26.3874111297677,-2.94396100063706,0
-31.4444759791938,-19.6729817714753,0
27.1643322595973,20.2413489750907,0
33.6455197465615,-15.1442031341391,0
37.3395051756693,-15.8208360189338,0
23.6016783552089,9.46301320428744,0
-19.1537974170441,19.6064891128714,0
-17.7593725212088,10.7766190833651,1
-29.9821041940205,2.68992370443031,0
-15.9859718066088,-15.6041254247767,0
-25.7384890206404,5.8999411162699,1
17.836733907892,5.61295482891343,1
-4.35356048843964,15.3239819825214,0
18.356425520884,17.722999605656,0
37.9368600939202,-16.6585992599262,0
24.6779978562545,-18.4955163687195,0
5.8417451489376,1.82835924780432,1
-0.560005809145395,15.1116972934885,0
-20.2401669493463,-19.5833463218596,0
-26.3165069106104,13.096786098244,0
16.58032264836,-21.4775986253729,0
7.64299233126735,-9.0031368230347,1
1.07620985638479,-12.3294961321255,0
25.9584387372198,21.1237974914191,0
-16.4409532080806,-17.9230826770036,0
0.0740274935273533,9.75247049553592,0
-29.8780999589721,13.453589556796,0
-13.0783849690507,-6.84489784921495,0
11.9105418867867,20.2856528188577,0
28.6349197866761,12.6513034938804,0
19.9198105965075,-1.61769635372559,1
23.7008872925708,-3.8547772634257,0
-1.64760780410411,-21.5180070334275,0
-16.3528932775942,-5.19475363148351,1
-3.53713960705188,-20.0249959604154,0
-16.1621812092181,15.0713358327037,1
-10.8389173299295,-19.3351195566018,0
8.59654236473382,-14.3854040235115,1
-6.49581595810979,21.5065905719122,0
32.0247613860704,-6.95129804264158,0
-13.598045852116,1.49186243585221,1
19.0768620659974,19.3936461707097,0
-22.3898566455366,-20.3130079583813,0
-14.921790068043,-14.3407930614545,0
-17.5819559261528,-14.525694762307,0
14.6787731748564,12.1948558429633,0
-25.3193371440477,-20.5043425874442,0
2.39866018244845,-0.42370456111566,1
-22.7005501712802,10.8664317902632,1
-26.0550461422789,11.7346842970141,0
19.5278237139277,-8.51603754346234,0
31.52048078514,-13.3311713094895,0
-21.2984709908289,0.0599630186200386,1
-25.1789254576591,-20.7052053773856,0
22.7379558421426,-3.13092576797341,0
8.46671886085422,3.62001047725104,1
20.7855456881673,-18.8934405455621,0
4.09624580228513,8.01285620697981,1
-15.6850954506446,16.3775391516358,0
6.88580916081945,-19.8517106709088,0
-25.5582600257871,-18.9003930877507,0
-9.77120508985048,-5.70557665423422,0
30.550329996227,-13.9820618095833,0
-6.80550529994754,-19.2212859738009,0
25.0879824938978,-7.62809916699068,0
35.9811024959028,15.8649520165233,0
4.63965130626826,4.18865229895721,1
13.971543642568,-3.50212470169429,0
3.47961187740055,0.0888417967824857,1
18.9306636241652,-6.59105044571805,0
10.8949405948148,-16.3294921726195,1
-26.9117165507006,1.55087907618677,1
25.6892480256513,-4.51004175598309,0
-28.1102498684883,4.28680734760942,0
14.1784564711748,-6.90054801622336,1
33.4632544787781,-13.5770557154984,0
-3.39277764016991,-21.7773599955616,0
-29.5348040895352,-16.1435741055509,0
-33.3173730699961,1.61525220122795,0
20.990311503922,-15.0912081738195,0
-37.7937333328923,-3.18561348347782,0
8.11417202026519,18.5495137554786,0
-10.875536259373,14.3859633784685,0
-8.01116009589892,21.3890936458832,0
-7.85910338701999,15.6706458929641,0
-6.12941003620182,-13.1507182573969,0
24.8549296581067,-7.653177882473,0
17.1804253078768,15.0919337167677,0
30.7977526060438,-19.0362007322703,0
21.4797208659311,13.0718476725484,0
-13.1552162240096,9.29445013511217,1
-22.6740430400851,-6.29840251270345,1
11.7807019870383,-3.97049781091994,0
-29.7229638837076,-19.0944712092699,0
29.3332671785781,14.8216686129444,0
6.63542224480466,-8.9322188094688,1
21.3777080434035,17.4634433177282,0
7.34393147592615,-8.51407765282684,1
-24.7385546207529,-4.11156078422206,1
-31.8848818067086,15.6971928628597,0
24.9851484472195,-1.02608083354412,0
-26.3362040458049,0.17133881552629,1
-33.3270532973374,7.9994666878104,0
6.83113865906165,-9.73253825674036,1
-2.61753330839948,14.1076116211792,0
-2.86003785153387,21.9075212591136,0
31.1095597408232,11.078302811027,0
-25.8827018464755,19.0362712636704,0
22.3424997865937,9.33006564148915,0
13.1275848217469,6.33239122534633,1
31.8436524855892,18.7427548547657,0
4.6929838330282,11.4700041258159,0
-22.6943710466551,-15.0477402611641,0
-18.611859970782,15.2692613724828,0
9.28725328668549,21.1795248573015,0
-9.4229811243317,-0.578784886362342,1
-10.7196499768987,19.0358430120458,0
-35.822552396164,1.43676864527,0
20.3204719151063,8.79282069992503,0
-19.9588194275797,8.11386073590226,1
12.6093900487499,20.3254962188201,0
18.8852818805909,9.43988466694664,0
17.3613682977905,10.6487123660861,0
23.8858525470137,-9.58136663108019,0
18.2462899055882,16.2879315706056,0
10.9832917446764,-16.601047793114,1
-30.4758347451426,-4.77867913466402,0
37.9542984873251,11.9905978449221,0
-6.2247137577656,14.7045746123558,0
-32.2255006649884,0.368687636946937,0
18.3352218317638,21.923568355888,0
37.9778846964032,7.22772657695319,0
3.72166099944522,-17.8024611697332,0
7.07863236091232,8.57430303680444,1
-26.2647092881358,4.73107152474214,1
10.3854182346615,-5.64467603316252,1
3.50162578474771,-21.1527337694177,0
-16.3844694781682,18.9799523535947,0
11.9871532712279,-12.294744266184,1
37.5613051840865,-18.0254751146659,0
0.751463554440804,2.05159269943649,1
-22.4018831022031,-2.94371514875945,1
10.0651996213054,1.28727637617131,1
13.9144872609818,17.4028214995778,0
-3.41024529121324,-18.9160834153163,0
-31.5823939632646,-18.606127721208,0
37.2772792810868,-13.3253252622004,0
-35.0094410595604,6.18099051001457,0
18.3404299530793,-7.90562780749782,0
6.60707813344439,-17.4668527262832,0
34.7024170544669,2.6604357754936,0
-7.60981888292989,-3.13165521251694,1
1.0367889037436,9.24225855891178,0
22.2938323694557,6.93069430266582,0
-7.94868502355457,19.7917697789881,0
-25.7898998931948,2.42037040112848,1
5.2784190527562,-17.8319840950328,0
7.38453427181226,-3.11170258480017,1
24.3849975922617,-8.36006327664979,0
37.4970577540416,10.1058682588003,0
-11.9614687406547,-13.3206527640006,0
-37.9528016732137,-15.0873910020094,0
-33.2083540715424,-12.0038046405175,0
-2.58712740759278,-12.7642314962478,0
37.0296513001888,-4.52343971599804,0
-34.9946335687329,-21.8541534071119,0
-10.140413343281,6.34110685865612,1
-25.0777173635563,2.41401758919699,1
27.8661132626475,18.4502795735084,0
10.5020637634349,1.49824507708623,1
29.4174144080421,-15.1562305963695,0
20.1292990429521,-13.9065662360528,0
-1.11881891679037,21.7775978057473,0
-32.7960903299253,12.8378994227946,0
1.35797161811687,-4.01419453890355,1
-7.13142481694799,-12.1142904361669,0
6.20954739846172,-4.83770586328809,1
35.4438480892564,-3.04146014258283,0
35.1540519291226,-18.7793143218213,0
37.8782030655848,13.5398751202785,0
1.02808425295991,-18.2430263041941,0
16.8723099406349,17.4006412732481,0
-26.9165729214336,16.6956504841006,0
-23.7999468440592,-17.1873254398305,0
-19.934458722469,-18.805939898943,0
31.8914835488544,-2.74284857273463,0
-31.7938131392805,17.1173929769817,0
14.8894985590017,3.48112068771047,1
-23.6600735132955,20.7705366601348,0
24.0973399415125,3.16374395297645,0
-13.3470362137254,-8.11512086029157,0
22.8305339686062,13.4855398844812,0
24.0113217120792,-0.982534030333849,0
-13.9046169539519,5.56069411177101,1
-22.550567122361,-12.687308747071,0
-25.7275887374323,-20.1512788397732,0
31.2635207284823,-17.9703055043125,0
15.7530775454092,4.5525178036522,1
-28.828454289456,5.95736600091542,0
10.6690823382343,-3.95338523888897,0
-26.6798085955987,8.58025364925153,0
-31.8059222716008,-12.5269397368846,0
18.6038285521526,-18.6190391263585,0
-23.3387992199364,-11.6316514472729,0
-37.9462383814063,-14.9976550111208,0
-36.3559944260344,9.55341312198284,0
-7.43296485286243,21.9492111026675,0
6.9243298341424,-4.68231415140512,1
-34.4178488934563,-21.1139339791942,0
-37.759275107286,5.6958994883558,0
5.80475509870292,-14.2093806635252,1
-11.3585168137638,3.90889332679053,1
-25.6650539336282,1.33078413684154,1
9.36634517434078,-6.89045001003929,1
3.87905116077158,9.4783030532249,0
26.5561135693884,-6.57418235471371,0
-7.49399730321159,1.89956956491091,1
-33.8943485380475,-1.37717820115435,0
37.8589121126937,-21.4259679459064,0
-34.7124175575509,-16.2302110644273,0
-28.4259257572354,8.6670537943357,0
-3.18251734802998,-4.41797406873805,1
22.9765987410872,-12.2832866168517,0
-7.31516377682917,-17.0755223048862,0
19.3632071957489,-3.00593417582835,1
-12.1750021056861,-8.84554857195432,0
-11.8602812872812,6.12648490314586,1
8.522427828682,-18.365679673158,0
33.486176330844,-18.3798842268116,0
-24.5359531528608,13.3105207800766,1
-29.0654749987269,10.5757342973505,0
-3.1372205808567,-5.01234597035612,1
36.2052107645242,21.3860738200211,0
22.3062001001891,4.61990755332118,1
-26.0646912947285,-6.08048358207603,0
22.0420951448396,11.4854237606983,0
16.5064281467746,9.64514830328425,0
-14.7747953365521,0.796849344484514,1
-27.0882283620892,-17.198891709935,0
37.45996934228,-17.2260939849249,0
20.7539639548067,-13.0779397718617,0
1.00596753926806,9.01664294229104,0
-9.25752697036473,8.27197094268193,1
-17.7605326974555,15.2987184445107,0
7.35858564251857,5.17230814545064,1
-29.8007372337168,12.6848661424468,0
13.9414777784379,5.60266701348675,1
-22.3258002620945,-16.9085969850966,0
29.5175788995615,-11.8597355132892,0
9.01303590965456,-8.18415193541254,1
-35.2903816339348,-8.22199279351497,0
26.5562973135558,18.5038536431516,0
-27.3668132808586,-19.4375122887814,0
-20.464913384508,8.77473252871237,1
-9.45455371403304,0.056986441014562,1
-22.5647929327408,0.666797375681782,1
12.7196772091149,-2.16241594947759,1
-28.4793577472444,14.7086501540357,0
25.6390624882315,-1.18618148947427,0
15.412858448002,10.0681779487739,0
-15.6497319253902,-4.27841542625963,1
19.2277890374143,-16.8946387252093,0
25.50931417523,-4.82919987626426,0
-17.3546425377012,0.839513988741075,1
1.88284044506123,9.00528440795538,0
-37.2406437042686,-20.0715208237275,0
18.4125776201247,-11.9675569212874,0
35.5263776706686,14.5081552255112,0
36.1832174694842,-1.18673573890378,0
12.4265906383081,-5.43882774586075,0
-6.09899963897236,-3.27237899373043,1
-37.3559284833973,2.70529361214437,0
-10.4163323900064,-1.14950264641765,1
14.4129660389544,-13.3392533998802,1
-7.24756654452183,15.0747333978853,0
-19.9988209413673,3.14126599762832,1
34.7125748287865,-5.51024742311831,0
-19.2623926505345,-17.7874935111631,0
-35.1066015552915,-5.36383370371745,0
-17.9887501009249,-18.6537416577861,0
23.3373494508646,-13.5210927420247,0
22.5426194736369,19.665481038255,0
-28.3606227832144,13.5393430356387,0
-28.2480362232917,-16.5235862279783,0
-33.0432208972961,20.5112926333547,0
25.0773492562516,4.53212292895429,0
6.5819345628468,7.7705339210994,1
-12.2119112933625,-11.3209123949147,0
19.5849276783266,19.1327726457566,0
13.5372557545772,1.45813735985058,1
-17.4504288310054,-21.6139980191486,0
8.638490706797,20.700276017719,0
-1.80833238693943,16.7272406824978,0
-22.7408130304277,6.48266201744247,1
6.72564666780541,-18.0738165613672,0
27.3493755158459,6.24493546506478,1
18.2085586677323,-18.7798378221247,0
26.4778835350966,-8.81320536291713,0
1.10828402075542,5.5126889181291,1
-12.0762065436514,-20.7334144985615,0
-24.22887070346,-15.0203694650597,0
-31.780951632661,10.0569961754385,0
-2.80672898394038,1.41974150670884,1
-31.0575011440223,-13.3457740037235,0
6.80357429191597,18.4044435931294,0
25.8657266245909,-12.5281214481146,0
-34.9180181049627,-6.47301771561297,0
-8.75140177118402,-15.037540083932,0
2.2728390371549,-5.71681802265896,1
11.2741266395358,10.4321289923294,1
-29.6967063746425,-20.6800909722072,0
19.5880751157963,2.67847301481848,1
-8.05138123440179,-12.3987066292103,0
-35.3159836516396,18.3993812914195,0
-33.2443620317747,0.794813826004543,0
-37.2407007856199,-15.1006262944174,0
5.76883912861019,14.5344436912171,0
19.8593115844292,11.0642302905846,0
-31.3832996166136,-6.87826453660349,0
-33.2188139491003,5.34101434114528,0
10.6503394130768,4.89947757720787,1
30.7711741881995,4.79574209928226,0
-6.83816642481683,4.22551540975009,1
21.408677378819,-20.7093803860691,0
0.455548968984978,-4.96091542396921,1
-18.0571153225657,19.5301798284707,0
-9.18080979361104,7.0291221429465,1
-2.08683089172646,18.9786045370927,0
16.7027900258582,16.9805515754462,0
6.03983615564903,9.16871962340566,1
-2.46499945465843,-2.53060297800079,1
-18.3344747066552,13.7997724005267,0
10.895028186029,15.6312983702618,0
-35.0895252810834,-13.8164232760828,0
-33.3914773338511,-6.45875957471034,0
18.2137929762275,2.90886199203802,1
-36.3415665191621,-13.8682579967903,0
11.3321658968501,-1.51383430023386,1
29.4914402652732,-13.9360224641169,0
30.3845965139728,4.02249165849406,0
-15.6498199474489,12.3638708595573,1
23.7716697000104,6.84071612243124,0
5.12957771690073,-19.357882086795,0
32.9115456435043,8.24804013016267,0
22.6867868919462,7.12164895353138,0
-16.9729257271706,-19.6556630551993,0
37.881413644586,11.5862239463499,0
17.2346949058392,-20.4753991639521,0
-16.2175831183386,17.5005636813417,0
6.95794571219442,9.11828308578135,1
18.9326693220444,-18.0636577984647,0
-3.78205053959344,-7.31170760682143,0
-34.8762196468093,-15.9123489190504,0
34.6325793962032,-11.4739304437627,0
-1.28392058365523,20.7273906425361,0
-31.6765124435311,20.7259273940069,0
-33.9557950563162,13.5057118633166,0
9.94723341366659,18.6152473699043,0
-14.8301413559427,8.01878007666868,1
18.2573322280986,6.33621159397283,1
4.78286673500589,-0.143032502217281,1
16.1474925848248,21.642441315265,0
11.0705397955206,9.85914518960508,1
-14.6791979701459,-5.28423707362112,1
3.31207069835966,-18.4992996935051,0
22.6104914891113,10.2338413160041,0
13.5333698118338,0.60431939692976,1
36.0166193849185,0.983303103146497,0
12.1785439007873,13.8316708147499,0
-19.2620683373716,14.7233753638529,0
-3.73907421715059,19.6615108023799,0
-18.852404238423,-0.591647815839906,1
19.7978965781278,-14.0694634759415,0
1.68807194077014,-14.1421225372046,0
-29.7453357038774,4.29858187746802,0
14.1587228240472,20.8879808830229,0
12.3541978742448,18.8113525624969,0
30.8365019760702,2.37269356752756,0
-0.774764950874534,-9.28594520535497,1
-2.78609516800322,-12.0763413192037,0
12.4197022059825,11.734668743418,0
33.2506836039988,-12.3989573446482,0
-13.1582295149299,-2.42210909285203,1
-36.2358570159969,-6.54704838101292,0
20.7543140622894,-3.47659893645233,1
-31.549893529085,13.4922269908696,0
2.70931546163379,-20.6531817081488,0
22.6757206414612,-11.7422882080207,0
3.61183818904543,17.951512805623,0
23.0145806037225,15.0060106068477,0
-14.0161411395102,14.5875568149696,1
-7.86602012048623,-15.1565393359095,0
-2.22966891693389,-8.5553885558638,1
-17.9338231640484,10.436988341004,1
21.0776186162687,4.45407298024902,1
-0.449220551848484,4.01906370193647,1
9.64547635836345,18.1194308295741,0
0.930352379009278,0.195723249375256,1
26.1807897428243,12.8650752233803,0
22.8760720425152,13.406695271707,0
-0.32886024799334,6.64477520394527,0
27.9023609721985,4.35770824403263,0
-0.219601267931019,-8.88884295309282,1
35.096708396938,20.4932618597355,0
-32.4646901015722,18.5847699381478,0
-9.31559282595244,6.6125670614842,1
6.91014331327101,-14.2631196672789,1
-21.5953071418459,-14.1307382557699,0
13.4091286041319,-7.68708708164321,1
12.700250951272,5.87597543613325,1
19.372738994459,-9.52791277829721,0
21.3742391459727,-8.65068449059246,0
8.80378695902724,17.2187996032559,0
23.5531062394753,21.0693343823494,0
-15.9536153864062,15.4887423801557,1
-18.2246619394316,-0.173397214968592,1
-33.4212996581017,16.5207692158714,0
16.8665390140325,9.22302163059364,0
-4.09977080151892,19.9461839366445,0
-28.5852299001835,-10.6041603407712,0
15.8473658515608,18.6467547917169,0
36.6260329733746,11.244697415684,0
-4.6228656481235,6.9973970493551,1
-24.9522507064055,-12.1233132947935,0
-37.3950227012917,14.0642810415064,0
-16.9329838771059,-2.93757335828617,1
-4.01325413995462,-4.84977837124034,1
-34.9358313558698,-1.01643307001898,0
-33.6631170908726,-10.137929206533,0
-34.6645939044583,3.90840940752302,0
11.8081083858011,20.6670932712363,0
-35.6101454072769,16.7502284144614,0
27.4537108348509,20.3917482422384,0
-23.0968794606978,0.66027429574984,1
-20.4445887635652,0.435528157389733,1
-30.8812034570398,2.44637950672778,0
31.5784340347405,15.3853092069378,0
-25.6230792091693,14.9337284982175,0
-11.1378630945557,-16.3491422814731,0
-31.8118237580583,-10.8768578311686,0
7.34026267643012,-7.2214027416578,1
-8.64058988407499,10.1572525707386,1
-2.19367387054988,7.97125238173611,0
36.9888855911894,-7.60666852912454,0
-25.5548610000794,-6.1417727677022,1
33.8007503683677,-7.48290531797135,0
-2.88407811614772,-1.48095137904289,1
33.6028712721513,16.3272650567451,0
-12.8818025430955,19.9599155796723,0
29.5594314182516,2.82554914885632,0
-35.5827357915658,19.5656436070559,0
16.1238019928164,14.6361161871094,0
27.0654240258963,-10.0785926497508,0
-16.0255607889626,-7.15242075107982,1
9.15666114875729,-14.6309362208924,1
36.5017122734109,20.4803168588692,0
0.574708534418768,-3.90446858062591,1
23.6803404592917,16.1012658273604,0
14.37256059045,18.5088755371443,0
-35.2151726603662,12.6383513603052,0
-29.4363636981751,-6.8204047726138,0
37.0088581955182,-18.9505337777936,0
-18.2690157718229,11.5909080300894,1
-32.5458060644929,4.1788878973575,0
-36.7887590519391,2.82947940352872,0
-0.0569658727405482,8.10251782721132,0
-21.8241059195328,5.54461745863053,1
23.0070524182846,10.6190689610875,0
5.28125176123591,9.93185936784452,1
-12.9341196822543,-7.19826356229022,0
1.22914747671147,-10.6957467796426,1
-6.5821802774147,-11.7522593566642,0
3.26772643756979,19.0261474305891,0
35.6795551661056,-2.36204271024791,0
-32.3121876636222,11.3785224909962,0
-34.4127768017437,-3.89869744576683,0
-17.0958331143967,9.16351102308901,1
8.90150993179994,7.35656633774796,1
-7.81336029040667,18.2727287743366,0
15.7204393722681,10.4624697576875,0
-8.55208801918412,-7.9783274865937,0
-28.4544414396951,17.0779235106063,0
-10.9438420819803,-9.23595924507592,0
25.6897515936581,18.4279003244414,0
16.6435272790012,21.4313207227045,0
5.0651616144723,-1.58135393338219,1
-16.7441266121616,15.4690556132791,1
6.48529006078071,-7.28537394483206,1
-8.424381273547,-18.335973520194,0
-24.8357803331505,21.8535542296209,0
-36.1572445267522,-10.0652755504793,0
31.5096593960858,4.98857443689426,0
26.3137669232496,18.589205791142,0
28.1779889299596,-10.5325621191104,0
19.1779948271287,-6.56592686135035,0
8.51798560173601,11.8377571917079,0
-22.7221498439162,0.931952643065593,1
-18.4611028555531,-6.40954933809305,1
-37.2713107302006,-6.30877305821088,0
-12.2136438754348,11.9131646732906,1
18.953588601663,-17.3587375437734,0
-16.5986592046802,-18.4884163023249,0
-37.7069737394722,20.1640343263397,0
-35.682617044306,17.9679321583049,0
14.550344452157,-5.6948876659985,0
-17.3124824649967,-17.704951612816,0
-30.501376527407,-5.82107095249219,0
-9.00833024339214,8.37667474259227,1
10.1342141613832,18.3088836121752,0
-12.0822617806361,2.71398629299912,1
9.95131841402613,3.98923276824391,1
11.6389335086423,-6.62068289543094,1
31.6665726713955,-7.96413471268347,0
16.5823889973046,-21.3153972096944,0
-29.4165458566206,-3.71312683644026,0
14.061929902664,18.9021592258462,0
-19.9246453933172,-7.31039370039608,1
28.744147688746,-8.68891839506173,0
9.8485354178789,-15.9729301926956,1
-33.7027327550166,5.17819004280708,0
15.1735752831175,2.00949405651865,1
-5.28149531212527,18.6590476829009,0
-20.1696753602658,-12.6938821877465,0
12.4428735933121,14.6091410874229,0
6.94530690064795,-5.10587249043882,1
19.4224045636073,11.9431178647271,0
-13.149691164232,-12.4761282691764,0
17.6696521402844,16.8793077451495,0
-35.7674277069092,-2.32865195021598,0
-29.7478270180614,17.3461164575883,0
28.7529043621458,-6.19182767897777,0
-13.0395120527625,8.55291177079427,1
36.5970363928473,3.89949422038371,0
7.00578837613039,14.011734676653,0
-18.277501219196,-14.7481551411591,0
-11.2257687023183,-14.6699525664212,0
-0.957468289073432,2.83080743716882,1
-16.9719653707971,3.19579457181174,1
22.9570752626742,16.4793702513085,0
-17.7905423577527,4.3100221783389,1
-23.5329537527076,0.0728265340923997,1
18.4857003729707,-8.63330972275333,0
13.6444887177145,-6.03755641021977,0
15.2678436231688,14.392919888559,0
-25.5376196811247,0.984667087277298,1
-8.71809437915967,2.75352078264968,1
10.2917374743339,10.8341347296083,1
-26.3717361324805,6.96241582382997,1
-25.5925039488691,21.5878658614201,0
23.6581270416232,8.27433741522665,0
24.5376660674476,4.18159110401398,0
28.6947381583678,11.3155298224376,0
-28.9597309371581,3.21970872275058,0
10.7294246187986,13.1165398203211,0
4.7444840438925,18.6249826405821,0
27.132917861033,11.9346693523782,0
18.8226588109712,-10.1446288656493,1
-35.6558294928267,19.6928640384768,0
26.8695023926568,15.9896065452094,0
-2.37606314640776,3.92651027594195,1
-1.07314771467563,-15.3369959631083,0
1.20042133004873,10.8311590924444,0
-8.47696148629534,3.78768086501656,1
-8.79339604571981,11.270880019346,1
-22.4352415059786,-19.2240589374339,0
-29.7344258862809,-3.8081225464626,0
16.3431517604194,17.1574482702372,0
-36.3044947865095,16.5499537815614,0
37.823280656768,19.3550174870356,0
-32.22996381488,-7.23640209065808,0
-8.18399983805796,-17.8850110946217,0
-12.7634634425042,-0.16393578187661,1
11.6768334021951,-17.856335384639,1
-0.510467119020824,16.2674009270957,0
-36.2278696683063,-17.2900414816864,0
-34.9043955145567,6.15272516147038,0
-7.30021329878007,-7.18880875632473,0
-2.34548630586252,-8.10742797862254,1
34.4902431169779,15.5571796880268,0
-16.0384706293878,3.03832934838552,1
12.0359096709531,-0.851158703258541,1
12.7034517719586,5.99715833074816,1
-37.2429296532123,-10.7764521841102,0
16.4227815354055,-17.4144298729934,0
-2.14640957540041,-6.14318472512699,1
-31.3055587494616,0.809963300872148,0
-3.44652788237544,-15.2670549644834,0
-9.9139971135694,-16.5100217493929,0
33.8698101972194,15.9792092160017,0
-19.3153333981697,-10.2444765435819,0
22.29693562803,-7.48853734395849,0
30.6854290819798,-9.58551431411847,0
30.9658734563511,9.28534970809948,0
-20.8562400098902,-20.917683757549,0
-12.6056368304517,-21.7619470285209,0
-36.7187494414256,-18.3865486655544,0
-6.26435478057619,-9.17801308228685,0
24.0332281726092,15.8324577908243,0
25.9188945127143,-18.0783328522334,0
-31.6116245121901,18.0423120648319,0
35.7039750384956,-15.6459081752769,0
-26.512834677714,7.68735242132121,1
20.9758839138353,-12.6369749090685,0
0.183641192891471,-7.74098827260223,1
17.1143441044935,0.188459378582902,1
21.396169275164,-21.8277607728828,0
34.3606419834371,-20.0038881752462,0
8.25307101425382,16.8462820280824,0
-14.8738274177422,-18.9347059208937,0
30.0531660408205,4.16288706061504,0
-10.8063811093222,-7.01076681156599,0
-28.9993010249742,18.2185667698814,0
-10.5507576100795,7.21240914573347,1
-4.81657638322586,-9.96905652714054,0
15.6958031059591,-4.68147311913424,0
29.9814974873058,-15.0951613046201,0
-29.6493275401215,10.9448876895459,0
28.2934274685401,-20.410935739957,0
-31.3632783921116,21.110113841924,0
-21.6072254895034,0.244910401876098,1
-37.4267191695151,7.27172436281547,0
-7.99241531782191,1.77914146623642,1
13.2242278407118,-2.67779816236385,1
22.0069400569173,-4.46193262164029,0
1.45960165468127,-11.9895881652906,1
4.21979737771316,-7.71514485276351,1
-0.491292017202205,6.32680784353595,0
33.0865604949344,9.91347988592616,0
29.7732696749638,-20.8483676227461,0
6.35098375517612,-6.46993120769562,1
1.1110978140796,-5.65930513230337,1
-11.3685039574863,-16.7958190901133,0
-25.1557215297973,-14.402305408756,0
11.1916559264202,-2.66247809482951,1
-26.5358787906621,-12.5600398075759,1
-27.936253520277,-6.12981175082361,0
-30.1066846526504,8.20726640690352,0
24.3672435404204,11.9270631189058,0
-29.871975222993,-7.05556071358186,0
-10.6112296893136,-21.2034550368762,0
19.5936198484674,-14.9555022851764,0
27.964999191055,-9.28971248420504,0
-32.1693235906699,-3.55232945840213,0
5.06239190640436,-8.39244405237649,1
-11.7079575241402,-1.93326461749262,1
-24.965384301213,-7.30744846150226,1
24.9099557983009,-15.6927367163628,0
7.02180190475635,-9.85927438553129,1
23.9466800448516,0.923165774622582,0
-12.0483036812479,13.3835447004353,1
30.544738889703,21.4962651005516,0
-29.1577992929432,7.88238021384641,0
6.95515657214182,-13.3240726691645,1
11.0460142844132,-15.9220994273316,1
-33.4020485990244,3.17713368516101,0
23.8093691850785,-17.4472410543066,0
34.8534202523994,14.5119145062129,0
19.6612479256427,14.0172335550274,0
-0.615645575857783,12.1752330985033,0
7.06425360021927,11.7144148092446,0
-9.66755991663946,11.195951469365,1
-26.7474878219896,-10.8769205936475,1
-15.8205129021054,13.7229943041885,0
10.406683900046,-3.24255334270502,0
-3.85351109265061,16.2469752967144,0
27.8826613814268,-15.6368580691462,0
14.7178259467325,19.8608232770718,0
7.88718311801685,-15.2722227252694,1
-8.31569461883479,-20.2434142197036,0
-2.13737204145784,-4.96535327508401,1
-16.0406378661726,-9.28521980073694,0
36.0661519562689,-7.04451455876707,0
-31.8296658953987,6.98270768701625,0
-5.47178632957563,-5.63928288321303,0
-31.8014664928671,10.9878011362376,0
26.8139117614694,10.4957180385231,0
29.1765627961683,-7.37009376577778,0
-20.8047576099226,11.7838986255301,1
-1.6065862794065,-10.1785226306933,1
10.5356426413109,-13.4772902109423,1
-7.12919704097766,-20.2583189488674,0
-31.0877904792096,-4.70115035954776,0
15.306029882075,10.6528441992828,0
21.5677914761766,10.0784940151479,0
14.0650014303147,-0.634938030697736,1
15.1625850667022,-16.2438554619093,1
-12.8617862862804,8.2379883819469,1
13.1710634894111,-10.3490848858106,1
24.3867968101874,-5.91971085192336,0
29.200796013224,20.5563889488441,0
21.4827137919061,-21.8512556383048,0
-2.5654588115279,-3.45842607957864,1
21.8916707840372,11.663258558959,0
-17.1681812351593,-7.37560219774391,1
-32.8793519259283,-21.5783502752524,0
36.8111121483624,16.8751991746122,0
-2.60000715625343,17.4879067465504,0
-26.6510764390322,-18.4504984068345,0
-9.67456782302819,10.903205566892,1
-7.33147799693444,-21.1971764262276,0
4.45832564907506,-18.4440119900642,0
22.4049698217007,-9.80335294577883,0
-17.7619775396414,7.80046013169715,1
-10.400086769153,-7.92082107900465,0
-28.837822210643,-20.1754927242426,0
1.30402052154039,7.41142358831938,0
22.4360967588174,3.2146443787251,1
30.6528003166861,-14.1536101527351,0
-27.3187329490955,1.25323673371813,0
-20.7803667978353,19.7808709465572,0
-14.6950365747675,19.8605519873061,0
0.277663207436476,-17.8157204865857,0
-21.2379266838599,11.9331617314411,1
-9.60979242968568,-3.2283807228379,1
-8.97437440933175,-4.99010622679795,0
17.9450274645423,18.4443995875576,0
23.5935463130306,1.34904648457523,0
19.08930343362,-12.3834607326849,0
-22.6027922697844,-9.42840473194857,1
-34.0478642868524,-9.68331822503397,0
35.8131067350967,-17.6132892494218,0
-37.1790286896802,-5.42796571376315,0
0.863659150828653,10.1459977322693,0
-26.9456835728278,-3.81715832969067,0
2.84926926573094,-11.4188728606818,1
30.0580592782938,2.44049520803364,0
-3.50210941088033,-19.2677128736751,0
-25.18024215706,-17.3119693985899,0
-9.43493798078507,-5.47918588020179,0
-17.6598013829369,19.8660316843704,0
36.9409693202924,-18.1304961939999,0
30.320882423684,17.8234128321328,0
9.93007111108111,0.103623428347124,1
-14.4150791124811,-10.7985411611332,0
4.47891580298415,-8.88477133689315,1
20.8397305725843,4.64044784651377,1
-31.755243845081,-15.6684751053678,0
17.3138437684582,-16.7253814014587,0
-3.59783723079924,-16.8844316913527,0
-26.9954023059825,-20.5287455308682,0
-31.3225387963583,-19.3710276418067,0
30.1684006166271,12.0753675410981,0
-3.49356139462314,9.9135138711626,0
29.5423352053532,17.5363250680278,0
-7.19695384022101,-13.497980785782,0
3.90073580560249,-8.36333399651898,1
-31.430699015302,-11.8491954295807,0
21.0589650152195,-21.4371154820912,0
-28.2490038821355,-17.2212813996777,0
-29.3012210540717,6.48441655672961,0
4.94694080830448,-6.15605144278107,1
35.5809788366017,15.7656758306398,0
-5.80168112674504,-0.837488760341689,1
-0.0835379141750252,-15.1176016098719,0
21.7691522168606,-7.7749432929847,0
6.38548980747479,4.07456356089893,1
-2.28551441888457,17.5485528688506,0
-2.04561298988029,11.0445335355759,0
-12.201875281915,9.68628227756446,1
9.71374052906982,-16.1170876449924,1
-28.4720490514776,12.1350949542012,0
4.38541591144727,4.19890032667032,1
31.7581911614148,21.570500379502,0
-12.363596239279,-21.312761719262,0
-13.0950360805456,14.6610539418553,0
5.82120249219172,-15.7786609677907,0
14.3020832784243,19.6116298013459,0
9.58188071177285,-6.91612122516454,1
32.6620572676031,4.60429962650906,0
-12.8150898516677,-19.0357219598101,0
-6.31763302700705,12.9896817549397,0
-12.4782211969079,-9.82741237197537,0
-19.9286831082856,-20.5246419705743,0
-7.58305655924749,14.0291735205954,0
34.4968807596253,12.0838455672194,0
-23.3146209363867,-16.2207198289798,0
8.22325467496808,-16.6239232293601,1
-26.2531859695546,-7.05619397726491,0
-18.4886761001527,-4.86311817849624,1
22.7690089349869,-10.249270957221,0
-20.2348061740929,-20.4230431264484,0
-9.88399374034431,-5.19457412380695,0
-13.8750226446484,2.64017303238064,1
29.3138646347433,-9.15314435078119,0
-35.8770897995282,-21.0492952478934,0
9.89405955608665,-9.76477633674534,1
-20.3422877395286,5.50343956943325,1
16.1853478328689,-11.5150935599944,1
-32.2324843902264,-13.8776376969942,0
35.7449558144968,12.1585672680602,0
-7.28705465625321,15.0526724151582,0
25.1321192244125,6.86988270471887,1
-16.2758043148794,-12.2094929725719,0
-36.8600281594895,3.57109863112473,0
5.78047582024211,20.16347051322,0
-33.6252181216608,-7.75572192891699,0
7.94019304143617,-16.2625783965324,1
8.9056178937113,10.5699594333246,1
21.4880138888309,18.8554795754061,0
3.42176073177376,-5.83762730739834,1
-1.97523383840588,-16.6575705988072,0
-12.7885200457268,-15.0156923631666,0
-16.6843239924545,16.1691384405566,1
26.6267584601896,-0.585794687294594,0
-21.9386711164497,-13.1809555547211,0
-27.7255743028576,-10.8661822471385,1
4.77153023752802,8.93932926372059,1
14.2079712671375,11.7449326463438,0
-10.4394348716724,-0.639886254757982,1
14.2071784117309,18.651209017899,0
-11.8115216822517,5.35745997444531,1
25.0152982188639,-12.1217267085742,0
12.2294792045667,14.1318500207809,0
-10.9954877547774,-14.5337886560411,0
-31.7971665338463,18.5187921704226,0
7.6505667105537,12.1330848262295,0
30.187154334825,18.4845873661698,0
34.4249022249836,-12.0910947029783,0
-5.24858032948663,-2.7604872497839,1
32.0506585405844,6.79915574271267,0
4.5773619383146,21.9271843261703,0
33.0925041398185,-19.7432642087804,0
-37.9613764616315,-9.36557781079508,0
-5.1390659698978,-14.9704268347507,0
7.99607053852874,18.5014750919558,0
22.0528453433711,-17.1136459861285,0
35.9732648344814,-18.8088442452833,0
26.3630576720144,6.36521486884378,1
37.8270242497302,-1.52923547297416,0
11.1948924457736,-4.33826393872727,0
-26.1086782196543,13.6534872603151,0
-35.8914487886678,-19.3139724554322,0
34.002334251223,-19.0672589015469,0
-30.0815917239957,19.8042731565211,0
4.64631618324388,3.39840142779219,1
20.1637951308295,21.6581986216018,0
3.01624655398857,-13.7042491010706,0
-2.13195365383517,19.8522798970837,0
15.7757301997401,6.40478605402429,1
-17.0791924379231,-3.56927195735019,1
-2.29200723314358,-16.8224886542133,0
27.7032059539486,-9.98867711780469,0
6.71356458896935,-19.5790885695002,0
36.990210023252,-21.0078088736078,0
33.4885192422352,4.83993460322812,0
33.989677179605,19.1516240719787,0
5.09331413527503,9.66173774341862,1
-37.0707065630992,-19.9003174367697,0
-14.2792591731823,15.9159085870856,0
28.3304159722523,-19.7868781828471,0
-25.2965715500992,13.7722086102662,0
27.6926294868817,-8.45180096406046,0
12.2180911086648,16.5827993369503,0
-29.6988031710957,0.95803951914959,0
36.0079232771759,-0.945926831126684,0
-22.4684458569781,-2.12026143293243,1
3.25070547720143,-7.05905721006928,1
-36.5501856193254,-4.63308043750371,0
5.98265662103628,-4.85598857577109,1
-4.87963300400931,4.05752823799567,1
-23.4244074352798,-17.8943244483817,0
32.7187052130691,-4.72023779727486,0
23.382680057289,17.4074968495183,0
12.7258861819977,0.0252577401045002,1
-15.124975640998,18.1808139599739,0
-33.6736911528695,-14.942220820358,0
-32.6667191712796,-9.09694927848948,0
13.0690418992244,14.8043685564587,0
3.4351236279163,12.602032215621,0
-1.13964646114164,18.5923036517359,0
4.8856654551188,-12.6789179005809,1
23.4686755833422,-6.32838884657688,0
22.4572774298751,8.45763170008924,0
-29.4724270163245,18.9716653644603,0
0.0810637648677073,-2.96218051047027,1
-32.6977812537314,4.83431427019729,0
27.8862904267974,8.26210049737469,0
28.787252683383,12.9725808219816,0
29.7294986336313,16.1285077648077,0
10.4127494285229,-2.41802581657509,1
15.2633066886483,9.65287438839894,0
-7.78389490858795,12.1193238144644,0
21.2799098548311,-1.38223909370386,0
-16.7938403338794,5.33065722484629,1
-28.3654067278496,8.24182957795021,0
27.3513451036337,-14.6987738497114,0
37.2053112303507,-10.118374490141,0
11.7242667583101,0.183772540944368,1
-34.1962754914635,-12.9359039103588,0
24.9581670296695,-2.09095900173113,0
31.8953798077292,13.3867489749809,0
-31.48458790708,7.6017490501544,0
32.3939038090314,-10.3589193845407,0
29.477313249213,-21.2300209154115,0
-19.5574018343082,5.47637727943662,1
-7.61378364196636,7.6116879366146,1
-30.0761745191093,-4.35981969306456,0
34.6807771249416,16.9826466456753,0
-24.7091605660196,-0.776651811203802,1
0.697212652139761,-0.854341428049722,1
-5.85779441389347,17.9983052944742,0
10.2157644207666,-8.1794521039866,1
3.5584667004146,-9.75087445031012,1
-28.1888699806754,15.8919093161589,0
-0.366111300782464,15.2600792723924,0
0.0274788009654543,14.1880189692954,0
-5.50818677316184,3.86627074137862,1
7.88459748531709,21.3063952016566,0
-31.3417724997064,-10.9739833078567,0
-21.6289708057345,10.9837984199738,1
-10.4612932139439,-8.42918678767989,0
-20.5063734067728,-21.0691192991779,0
-27.3417659615423,-9.93001953144351,0
16.5602338788924,21.6236355680313,0
-16.4140462600468,-5.33278979369531,1
5.11951166091522,21.650485565307,0
-30.288842767184,-10.4811260573772,0
33.8884117943886,6.6128463277794,0
-10.2709241862532,9.54696443392794,1
10.2652905483184,9.55853145659495,1
35.4101081312351,10.4020246712472,0
2.60816750730488,-17.1485935741265,0
-35.5189535912784,-16.0477769600642,0
-12.614929227827,3.76699250704434,1
-31.6242693341722,0.634217366471383,0
21.8904334162866,5.94623196779307,1
-7.38175275825194,18.2024451316596,0
-28.0973204781306,-6.23496604894121,0
15.8554863654644,-3.16394350836114,1
12.2769217529495,13.0454247565651,0
-16.8138803972036,-8.94891113424196,0
-0.492734569043613,4.26527976550071,1
18.3823212300838,14.6905570993608,0
-2.34227203287756,-18.1589338076325,0
29.4323520229058,3.84534827960133,0
-10.6934018626394,12.8342763654292,0
19.6925665548964,-19.6427429866353,0
-32.3750121532312,-8.6392680357174,0
-37.1793055365607,-19.58332567542,0
6.49954594245997,-10.1964982552167,1
27.1336298023019,-8.66048151582899,0
6.05849825259732,-0.940813158848005,1
34.4472138457299,10.1614642399443,0
-12.2999795149258,-4.43564185881228,1
-13.9328809231315,0.880260234419392,1
18.1282070350376,-16.5142953200482,0
-26.6886426368634,7.04469409036592,1
37.6806387812071,-3.31301463607784,0
-17.3168448199147,15.7344144820131,1
-26.5517040068082,20.1791254631756,0
18.7738510659867,-11.2429182169379,0
-25.3345592747996,11.3119304966247,1
22.690693433019,20.7148328380946,0
20.0459896348878,8.24732267423284,0
-31.4011215612865,4.32034043967748,0
36.6896653061456,-1.17956427730913,0
13.1581240209263,-16.4933212349912,1
-16.2438727653179,-1.170852890157,1
-17.52285627617,8.12819686333779,1
0.473151606298757,-3.57076636432029,1
5.47795641641328,-6.56376213877925,1
-23.4244241332859,-13.0147467106951,0
7.02137313137425,-13.4045466941955,1
-5.09351417107452,-12.851287021447,0
-28.3392742863163,-16.7743253310885,0
-25.8714922364406,5.66888370297301,1
-21.5121464803585,20.3739934320037,0
-15.6557640541586,20.8548579777234,0
21.3243764711343,16.9154932035259,0
-13.3946854271669,10.5988454194375,1
5.40538350492383,11.3950581426881,0
9.44928308444749,14.9972482302959,0
-12.3604422399915,-10.2709460959956,0
37.7809270423592,-7.7785543846025,0
16.2872968850889,20.4136453604105,0
8.05617522079613,-7.45012228915393,1
-11.0606047280561,15.1388611883337,0
-23.2816518717159,15.1820689526642,0
-21.259024188746,-2.45667667943916,1
-33.3777694538051,18.9575308202465,0
21.5303439619594,-14.9556618963414,0
-24.7604830963236,-21.574244104429,0
-22.641220249287,14.8300350320334,0
-32.8945847682228,-6.88683619952541,0
21.7958254864856,-16.4606016439269,0
-21.7526058187047,2.60278033607711,1
-20.7049332486218,-12.6318027765035,0
17.4225211712714,6.75881099517992,1
16.1661065946311,-3.72030040820083,0
-20.5946081530565,-3.64161252160651,1
-7.64103572334842,9.30158326634582,1
6.63437483497516,18.4447209811102,0
-0.373022237015519,6.25009303310246,0
34.7338374956838,-7.46770378618571,0
29.7748480059211,9.6487231663958,0
17.0075154419865,-12.4741452410324,1
-31.0774804622964,-8.00761780941202,0
-14.0131983056343,-14.7598957331887,0
-24.2705550119503,-13.5341655551006,0
-30.0467442957344,15.6657337038053,0
-16.6918090809781,-14.3495850410519,0
37.3884139273475,-12.5871827692534,0
-4.63078488945858,11.1353999914111,0
-22.5729036815347,15.4145749798489,0
18.3282226238633,-7.81099732348279,0
36.1891929703173,-2.61750917775678,0
0.334105821827372,13.0467806693796,0
34.8137628336268,19.0692979873271,0
32.2318764661035,-2.66360865315509,0
1.08453470141623,-14.9829941577742,0
-11.2275658699791,13.1761029632638,0
10.2862933756232,-11.8772441065181,1
-17.1212447641421,-20.6811414589421,0
-12.2012619152678,10.5424294214234,1
22.7291273785455,-7.59906671175196,0
-19.917600469999,-17.9493710053781,0
-23.5449407696214,-11.7828016522813,0
28.3646899026363,-19.4575317868815,0
-37.1854783909677,13.1752573730412,0
23.7662146660042,-2.2877437005692,0
-2.67360521990263,-19.0687514958018,0
-7.87978525175328,20.9126091396918,0
-6.42577618252066,-8.57823888643978,0
-14.8051020281288,-12.8288980359939,0
-1.63583094603233,5.08717874266554,1
-14.8594438550011,12.9244684894343,1
-15.0002906032723,7.57650553245405,1
25.0975514478172,-12.5310558059738,0
-0.172432609894564,7.83336055519776,0
8.92774672913096,-17.4156242125495,0
13.2160928983729,8.54640267182204,1
-22.9685859339878,13.6772842567013,1
-6.57705701739824,20.4922528114625,0
7.20793485389616,14.4826587393637,0
-8.63605507408943,16.7699150159188,0
8.37910268902878,3.09758659139241,1
-36.7719601682372,18.4483978938229,0
1.27765803375756,-17.714552857615,0
3.07453768902738,-17.9501529070052,0
33.255381879072,8.89488118320563,0
33.3956350063577,-16.3804286109371,0
-6.26350406806156,5.87900258295679,1
-15.7173471626518,21.0388107490133,0
-37.5358807049076,-8.04924835604706,0
-11.3364867146769,3.09374753914635,1
0.102704894048976,-8.6735482835054,1
-31.5436496712029,-7.18210257121636,0
-24.5879415946886,5.74341960007886,1
10.8166799392664,16.0611124447788,0
32.6231182464545,-12.2250214059268,0
25.5347281284151,-5.25666292438791,0
-12.183311586517,-12.4829612902724,0
-35.9399717180666,-2.53893641011691,0
-20.525059587951,-0.259858106521325,1
10.8344829999471,11.6007702571063,0
3.35686337534327,-15.248616147172,0
-16.6512027150399,17.085030228915,0
-10.3198089432567,20.3276175277004,0
7.32755449582669,19.6745902090029,0
25.2599708047368,-4.62291725678237,0
16.5251827373093,12.3510554132089,0
-27.946129459475,14.9091450444349,0
-21.0049189825564,11.5480023291946,1
-21.5267077343301,-4.87464866662901,1
-18.4450854688395,-6.82223449758557,1
29.6434018308277,21.0005224524042,0
17.8733061846289,13.3592624764814,0
0.783378523078419,-18.9012232190755,0
-2.70990193023449,7.25890002611353,0
-35.8049406371165,12.9602325873078,0
-5.70378516061559,10.781514281267,0
-18.1065430146303,0.0252392066740228,1
-10.0716058578632,11.4419939001444,1
-25.1256842655802,2.87194229279623,1
17.7015588649435,12.0530627732748,0
-14.069155699533,5.52421363514219,1
11.8879025032426,13.3890427707339,0
12.3729061767436,2.00337216264001,1
1.96856132491374,-11.0350620878743,1
5.37704572212968,17.3861383374728,0
20.9326843181819,15.6238026404979,0
33.2495409018101,3.90760073045267,0
35.1984410536469,-19.6851156304653,0
-36.9483162809182,-0.160892334349153,0
-35.1663567520574,11.2239796890942,0
34.5498997267435,17.4872869716038,0
-9.61628545084205,-18.2701602191868,0
6.40308245282311,0.331735044987358,1
5.77072042971285,-21.2550024951343,0
-6.65229973802742,-13.2645209763259,0
2.26564626277592,-5.53298831962171,1
-9.82936807717135,9.96704598817848,1
25.7671034360473,6.15391229927291,1
5.92752447379527,21.158235722138,0
-28.9509686009306,-4.90768514136255,0
16.5676346508636,-16.5837987705037,0
-31.3497931342571,16.3243175524161,0
-17.6423301061523,12.8570718768185,1
-30.4137083858428,15.5513504013898,0
-7.80280429696202,14.4047552683584,0
11.4301561054637,21.2880941369068,0
33.71839103588,-7.72888579089983,0
-19.013869992965,-11.1545746164744,0
-14.40607002538,-13.668180971525,0
8.59167426621449,-21.0569534797276,0
15.3660080136524,-10.2906013418977,1
-16.1392492134174,-10.2975285322316,0
-23.7809582273261,18.3155553712241,0
2.16582117413229,-0.701644092639423,1
-16.8396692634175,21.9371004405238,0
-3.88699420961133,-20.7829395044863,0
-35.0067378336851,17.1024460313771,0
33.2581208915257,-1.28058451228946,0
-29.0253211702933,-15.1656469195759,0
1.82341864729223,6.63559293150771,1
21.4814148116777,-6.55615800727899,0
-13.2594152453614,-17.5501808148589,0
9.0343730041842,-6.33418947632681,1
-32.257482274742,7.17015462714505,0
-35.026128534339,-15.45443075026,0
-32.3428493868991,10.1280108950293,0
26.6365714584255,-0.154778018525114,0
23.5672018605696,-1.33173177208794,0
-13.8520654643308,3.14136338561661,1
16.9305062863937,6.21817659385673,1
26.4632209795004,-10.2740910591148,0
-33.3166779667777,-0.203941057786942,0
12.4216602629658,15.8966251730014,0
24.5437861220325,8.49581152734647,0
-30.068751316231,0.735567300922682,0
-30.8765472718266,11.4063377993219,0
7.41555946706861,-17.670857980928,0
10.9715647349295,-1.50150863013432,1
-32.5983885863996,10.6858708100238,0
34.7101104723291,17.5410561423712,0
-29.3792581919601,-17.5587883156929,0
-37.6724506104565,-8.67463090994539,0
9.9390272685458,-16.4813555276484,1
26.743222879143,-0.013496213519943,0
-4.09398019751169,11.5112530360642,0
28.4383794351768,7.32867227931067,1
24.2581063081673,5.33981589015787,1
-24.5174738225821,-13.6590494779063,0
-29.3477986830234,-3.35804512351703,0
-3.54132981365918,20.0065785139085,0
32.8786250581425,-16.056967344378,0
11.2937201670063,2.62301294743449,1
-35.6875929246679,-19.9029241563092,0
37.5982947624246,-13.3961743527905,0
5.4341918644293,0.378136298803518,1
23.9620863997781,-3.34501399557796,0
-13.9980703283267,18.8809781648112,0
-29.4359079014214,4.72332252817716,0
-33.5453992260461,-5.25281488045679,0
28.7956498955526,-19.4146552767093,0
-32.1830811921629,1.90138417963589,0
0.384491569482769,1.16007617089513,1
-24.9998399984563,17.4481441073056,0
-31.0838574233546,10.3399383360697,0
-31.7152513123207,4.2768407988471,0
-18.6592852208891,15.6448954207636,0
6.91364393232783,-17.5420810273972,0
-16.8449056946217,2.47300791055141,1
-20.2801717272463,-8.68320762604434,1
-22.3639244691827,19.2238172850201,0
-13.9217449049297,-3.5352945299747,1
33.5040281499015,-20.881812151173,0
-10.09393199784,-11.6294961018375,0
-35.250268927152,10.9597999321948,0
-15.7709080562159,17.3794579994924,0
26.5600731191784,10.1531676612767,0
-2.01407894567921,-9.34858574769566,1
0.966985241786475,12.9040679394263,0
-21.7111071923839,-11.9738798431651,0
32.2041309731277,2.05325194940647,0
-25.4210666882974,-7.49905858529524,1
-16.2567750255054,7.57340979988689,1
-37.6952815689239,8.78108677267847,0
-4.84534910357598,3.26433227901817,1
-8.77960471527228,8.76049456580835,1
37.3949211766268,17.6996869869984,0
-18.0164505639304,-0.448393577979751,1
-22.3770838297597,-10.3621056327839,1
-30.7973784406752,8.30589664602363,0
-27.4404513877528,14.8877076892526,0
32.6387966492169,20.8473835331614,0
23.5129402304795,16.4562985369006,0
28.1889473464433,-4.90288226813451,0
27.5102092578282,-18.9807450028188,0
-20.9523741116909,3.90123278743247,1
14.2406501368067,7.30328201120545,1
-15.2145718248193,-10.1731974242137,0
20.4476902146648,5.86350719535639,1
25.0441761543869,12.1194676260215,0
22.2393638830683,6.41994231437406,1
8.37872085440627,6.44577317107261,1
-27.1036136716805,-9.2514237692269,0
32.0377397339132,12.6929915983177,0
-5.84109119678079,-9.20850051399865,0
-28.2227886434063,20.2565227859272,0
-32.4226309995928,-3.4747779124412,0
5.31942880552162,-2.33525388746149,1
-27.5062125310067,-6.3681805975827,0
-28.8276255745365,-9.84432389638351,0
-9.11434221065115,19.9098489658699,0
37.637642299858,-8.12556338744655,0
-11.3384298715502,-10.6445202919493,0
30.9720532772384,-19.8826280519853,0
-2.31148362439697,-9.01659162925736,1
-17.9075596440738,-16.990053273789,0
-18.6739514194436,10.7807742465249,1
-25.8710118737102,-10.3986151442792,1
4.56421114496343,15.0170673197091,0
-23.2719940726118,11.430991032887,1
-30.5164433972938,-10.7668963835917,0
-15.1798083572437,8.4546047686561,1
-20.4203129518363,-17.7885915702946,0
8.04724838635758,9.52844394860468,1
-1.65580580403935,6.3223029640731,1
32.6004751987147,16.927385282928,0
-5.1773835379104,-5.85327479204897,0
8.45576762869348,-14.7555850297506,1
-32.2114531349576,-14.1068328133232,0
-36.0900351555814,-2.65125563393067,0
-27.8441602435128,-7.19794265593717,0
-26.7556345199997,-7.74291287808361,0
-1.81555912934822,-17.7146998839883,0
-6.77475623912586,0.643521852912727,1
21.2295732550485,-20.0241045624626,0
6.78560657888076,0.645152060883667,1
-21.3353908308509,-20.3300791674025,0
29.5119709844498,-5.24139373820567,0
31.711545488608,3.70118646305935,0
10.9966318543359,19.1744028217812,0
-8.46092584246442,-21.2543928032781,0
33.6604440650553,-8.23903531742419,0
8.50823981807862,6.9940345588268,1
26.3671416024905,-7.42831532288517,0
-24.4779593235418,-7.04406290796721,1
31.3606338722715,12.5721388294102,0
-25.6453798973957,-11.9700000112434,1
-28.023970915036,-19.2354124123962,0
-16.9914002455322,19.2105515670374,0
-11.677425044886,-19.4209349970735,0
-31.2792503348679,-19.3731521055085,0
-23.404393353763,0.96805118482974,1
-13.2098560056545,20.9398057879848,0
20.6270269381965,-19.9133652918527,0
30.9634007176711,-2.08518238030797,0
-11.2749575368806,12.8570253784708,1
-8.48752319606414,14.7216572087023,0
-25.933308018032,-13.9949672529474,0
26.3672304460772,-3.8770166334543,0
-21.8051621456448,17.6250200408106,0
-37.9620077773186,-4.66881333964362,0
35.0774456304322,3.86397042011787,0
36.1862274527226,-7.64677881789698,0
22.2535907559317,-9.87823502785947,0
-23.9557091453922,-6.19072740269531,1
-26.6732159849961,5.76774791062885,1
-18.34888373465,-2.46329004841435,1
8.83054589667488,7.14060506424175,1
33.7719125428649,-0.848238546917116,0
-3.52096877235616,-5.03545378746417,1
-16.567955226226,-5.51411691419697,1
-37.1043003600393,20.0931068677102,0
-30.1429493446744,-14.8500206241608,0
27.9828795255586,-0.967464926103411,0
-26.8923388068178,20.5123680212768,0
15.2873725189234,18.8118257539698,0
11.1592568685127,-21.4123510292224,0
-22.183909787787,-21.1250000725634,0
-8.84786161553686,-2.76752761794037,1
22.328878115096,-19.6856138485717,0
20.7425925957637,15.6854629772017,0
21.4098570079547,14.1916432773338,0
0.746203253131142,-0.873806563453321,1
-18.4718444548549,6.70622074646352,1
7.58717347402217,-10.748935033173,1
4.90645350053216,7.7446645934324,1
-11.0609163793507,-10.2881827480828,0
-25.7593405863951,15.8152683877812,0
1.77410175335839,-2.78163848766194,1
-26.2322079470191,17.5607952128083,0
30.7839506270039,18.3257026912262,0
15.2389324948451,17.3731528989147,0
32.9768521992107,0.802460762841374,0
1.99404496561234,5.51999892773986,1
-17.1196232698573,-17.1974648889029,0
-20.4751626363165,-21.3731415983254,0
-14.319363492586,-0.290459367180482,1
-10.2093133690794,-4.17350279068053,1
37.5855172330588,21.8672960061163,0
-26.3740611739509,21.9978274747652,0
25.262000226361,-8.93945303345105,0
-17.1949281620713,0.38209049219336,1
31.364788792882,15.1745201563542,0
-2.15055628495095,3.38910340790779,1
36.9447381049266,0.614763308639347,0
-31.3668483880858,-20.8418067794972,0
7.88161000669511,-21.4254809619886,0
-35.0868159567812,7.64597986574124,0
-15.6669436173433,15.5801004511783,1
-1.11547360776974,15.7146762339086,0
-25.1818371164575,11.3053224491227,1
8.27873688684598,-11.8238222120673,1
0.353310623452586,1.04438919974928,1
21.709396625728,0.713140342022719,0
-27.2897660075012,5.47752575908784,0
-11.8372053191395,0.208832437825862,1
-26.9552435065849,-8.16380373539817,0
-0.87996802242462,-20.6397649683161,0
-2.29136503861795,-19.9646892005666,0
25.8814308245423,-0.124510141436758,0
2.47766610221722,-19.6364684853414,0
24.1173456097638,16.2235374426972,0
19.3442378328072,-7.28722074279664,0
-35.0339037032429,-3.37064839769854,0
-30.0680525976949,-21.8731258883647,0
-15.9518808559041,-3.96973711971455,1
3.39739777424376,8.53236807942485,1
-28.7637414884273,-3.18537442299594,0
8.03056492947657,-12.2172145494225,1
12.1654584994151,16.5272722094497,0
-10.5947367338295,15.5217045759107,0
-17.7421565370864,-7.86329335014907,1
29.5577393748152,-5.19515512281655,0
-9.49080688173893,-11.6053379799344,0
13.252283371015,19.1678973021669,0
-13.389966053692,-14.7262908585533,0
23.5007012382987,5.61547894743376,1
-31.2226598201982,-15.8346730628449,0
-12.1033166890131,-15.1142951638927,0
0.0619837950852258,15.9405603862031,0
-27.983903623376,-13.3100227132429,0
35.3850053479146,20.2744913464794,0
-6.94788885533458,-5.97370855655722,0
35.8138434699486,-21.8000859060599,0
10.4188352076747,15.649915319059,0
-2.99287914759634,15.3039278137948,0
-18.881358283699,1.79128514696146,1
-24.4749039618794,-1.0658548581416,1
6.76572794873118,-18.260895187539,0
-25.8766249602962,-5.29559168270116,0
-7.47145762334909,1.03520193397584,1
10.5014813211696,20.717357482457,0
15.2538051497134,-2.69882714499311,1
-3.95802928112796,13.7257840492463,0
-17.0825932389955,17.4278939873406,0
-32.9033637487337,14.5215313206987,0
1.45444014850428,-0.438109792049801,1
4.25133450947379,11.7666485091648,0
23.4628173773306,-21.4151747056044,0
8.23431401737983,-6.66811637992787,1
0.552515489414048,-12.5737893622232,0
3.19894485255622,5.7015354081837,1
-3.51916990192893,-7.42726504853263,0
-17.3826293149231,-13.2011845027185,0
25.0178355654868,15.9620602412956,0
-2.06432563888846,9.57838007853046,0
10.9108024197144,-7.46204319048553,1
7.34990005137188,19.6245172164817,0
-27.6678032937083,3.96191392870174,0
-19.1052637937043,-2.97594314213911,1
-13.0090105800152,-12.9842963739957,0
-33.8290962336355,-13.6846654789748,0
16.7632475878647,-21.5252393158565,0
22.1483707891849,15.2650910712249,0
36.346369771068,-9.65971024502012,0
-30.461807849953,-4.3189201025806,0
15.1323385623201,9.54156046595461,1
-27.6780033627524,15.4369136518645,0
-14.0137790198415,-2.40430348523855,1
-6.62042816058817,9.38510747777988,1
-36.0449511965611,17.0871660223166,0
9.04657085492914,5.7792108100828,1
0.0673557302754517,21.4153560131896,0
-11.7961895736654,-14.349606426327,0
-37.407478473569,5.63590487071452,0
14.2834544753271,8.12346980602346,1
-11.3979724975998,-14.6283644623442,0
36.6376429574653,-15.440670514386,0
24.0578068018857,-15.732687976193,0
-4.82079568830128,-17.9236990142752,0
5.52137305282797,18.3622466522584,0
35.8209535015303,15.5449585205396,0
33.064325996843,-6.28620170737016,0
2.89380328072354,-17.949105776215,0
31.7534982855909,-7.38273176259679,0
19.8512951184974,-19.0316800743512,0
36.379983708205,-18.1259731677934,0
-6.14172219815327,9.81415294347179,0
-23.9612397271385,-3.92894323406427,1
29.4350748336293,0.885045566259723,0
35.9950496326815,-10.1101940239939,0
26.8965547343134,9.84762088887525,0
-34.342173844129,16.2291102663787,0
-22.614351421324,-14.2265019650698,0
25.11960103784,-4.58351742260136,0
-13.4241446741544,-4.29325760665936,1
29.5078498397207,0.993899963126804,0
-27.9639688315637,-14.3066361453515,0
34.4924872855808,-3.70847424843836,0
-20.4396168104005,-21.7983109293169,0
-33.8976762932634,18.279486034692,0
7.12691744975864,-3.00698016360793,1
30.8293662893237,10.4006043200103,0
24.9912045823258,-17.5869517760487,0
32.2705564202976,-18.3061451200307,0
-6.76776092471915,12.4317240754428,0
4.74324896170667,18.6223601280534,0
12.2914596175569,-11.9098809363877,1
-25.9759483261626,-2.09042734170246,1
27.5535630493626,-12.8832077440458,0
-7.0555791740219,-17.2968416271105,0
22.9474639591464,-18.2182493632132,0
-24.0774204501646,21.6881503394513,0
37.0668249788281,-2.60399854008524,0
27.3560180051212,-10.8214568997082,0
24.6114890530571,10.0948036088245,0
-7.17395250022646,-5.00971454211815,0
-32.7841048275486,3.87516185502782,0
8.41450853647355,12.2125019800544,0
37.314510116194,9.2997851601638,0
-4.81544806242863,19.6719854176978,0
-25.9475528002258,11.4423700063077,0
29.399368895641,-14.313615782336,0
-25.5587770113384,0.0300087498730583,1
-37.8680686012314,-8.89674170692015,0
27.6913124827083,15.9509143945863,0
36.0267358140813,7.18352025954951,0
16.8396753808312,8.22007300519169,1
16.7697801562473,-16.8895135238794,0
3.79554358733487,4.83996801954524,1
7.75348100073094,-6.05161920349119,1
-29.9394939027879,-4.16893668383156,0
14.3363360437418,-13.5560463618023,1
24.7420286357628,14.5435837479395,0
21.8884064862141,19.593555583688,0
-30.3797088779389,17.7082019029608,0
31.5781744162082,4.42632954584862,0
-10.4898032467021,-3.34065677887439,1
-13.3251528958336,-21.6328569525513,0
34.7054896305935,-19.8332028629782,0
-31.0977730110811,0.878958054898327,0
19.2906312276786,-0.776478334142013,1
-9.44638412686758,-21.4379232328811,0
-31.2579807146365,-1.74323668497605,0
36.4405304960149,-20.8474012527079,0
13.4653571747766,11.8334933940038,0
24.9920725614384,-2.99422308994768,0
35.160055741895,20.3086441823033,0
9.97277642522339,2.95241466508629,1
-35.8346692430865,16.4184164668664,0
-0.323447182886596,3.21265590379436,1
-24.0367174041836,-1.03540632608616,1
8.69213919419573,4.09868492554975,1
-9.24076607061185,19.2530237938409,0
10.1086805946644,-21.4440183736269,0
26.3826174472778,-9.63117689653053,0
19.1034369359867,-18.6698733340846,0
-9.46354304110401,7.44805109367804,1
14.2902716406374,5.63310438073026,1
-33.9971006104828,-17.8922197142095,0
23.1845534881458,7.43251909841885,0
17.1128690304761,-17.2311036500354,0
-35.2914170238441,5.8616137068,0
0.131153531089915,-14.4418079534282,0
32.535503434393,-8.43077257643425,0
-19.1523757526461,-7.04153306973913,1
32.0056151233364,15.3413673325204,0
-26.4525782088682,-12.2784044000979,1
-20.531366728952,13.8629859071525,1
25.5280701716782,3.0991209323613,0
21.4648166094271,3.86021342430998,1
15.192893815329,7.27417290317478,1
26.4393559425406,-14.626855605031,0
-28.1473467782765,-1.92097015652298,0
-25.7283684763996,-6.16596346235501,0
-22.6719914858661,-16.8300510838523,0
2.44312024787806,-10.3126170813778,1
28.688832637521,10.8611891806465,0
6.67691577856297,4.80130406493319,1
-13.2350503195447,-7.27549307183578,0
14.1146048088888,-6.58611561043293,0
-32.2630050459131,-1.09114305955786,0
-16.1739884349355,-5.96106377984198,1
7.04851854411683,10.0848460861577,1
-24.8376034485431,-0.388639524984868,1
-21.9651550345551,-19.4440617785865,0
29.7536084084774,21.2703797722959,0
28.7252735046688,-18.8064308855287,0
-23.8976280683258,-4.64786190036798,1
-15.0668247830027,10.6020048724132,1
-11.4531898230123,8.57276379730553,1
-24.5478298382941,-21.4799525434909,0
-24.3273291110078,1.9578159823247,1
21.38994995593,-4.43286810214041,0
13.3927803804453,-8.39881127870746,1
3.00594752692775,-0.632673958157973,1
9.21954504754767,21.9354114007884,0
-18.0681757799063,20.0445266540869,0
-14.2741986539707,13.9038154664539,1
26.8819777982221,20.5401497897191,0
-33.5091836778753,-7.06489759657222,0
-12.4364152289051,16.852167594496,0
33.6291679978619,-5.57952644290071,0
-28.1017838891739,-13.8718344172426,0
19.4890482653206,-10.8478736019636,0
-32.9385509670475,3.55171474864833,0
34.0488959571352,-1.36190742508662,0
11.6789711047576,10.1647441184932,1
-30.1532713633225,14.2479684957265,0
-7.57966569697777,12.8659599065758,0
5.33588436285636,-6.38356627464277,1
10.0313153453328,-15.5945802331856,1
-17.497625515554,-15.2258623982152,0
18.2471718390029,-6.0995570882239,0
-9.59492154003991,-0.267334522835352,1
20.7461351588764,-0.207631583004797,0
18.4479152194921,-3.13596906889764,1
33.7422007963875,-18.1795948342277,0
-30.566983439654,11.7553623863175,0
-13.7292187237434,0.281421606255009,1
-37.95356463464,18.8887110940461,0
-0.157309038436381,2.32417561021716,1
35.5962131538731,-12.1379678244152,0
-36.1728909606729,8.2340751606532,0
-0.00530619716815295,-9.60638508705727,1
-6.36553053047836,15.9930872800796,0
24.8655856284268,-9.77270058186913,0
16.6223455900591,6.25259361079808,1
-34.8100637549888,0.874241744529819,0
20.1071929282693,9.4938263399977,0
-24.089915306775,-0.47354071679479,1
7.30043323347659,-12.0588753709792,1
7.56439104557126,-3.87731457158402,1
26.3961613366027,-9.74200767115665,0
27.3127133321398,-7.11199109240746,0
-26.3609817317151,8.45163109207076,1
17.8969611695191,9.90167409197572,0
27.6349466833697,3.98387364103235,0
34.1541325843602,-19.1172395890512,0
-8.87402740255544,-11.526330479553,0
-30.896177400527,-15.8392474283762,0
-22.8786905882024,13.3597126562952,1
-10.5734406938545,13.3899924692507,0
32.2348213053784,7.54079948121634,0
-4.63044878499508,-3.60038422267109,1
-9.33920153422444,-6.1546524119472,0
-1.91507999703268,-17.0005494999299,0
-31.5674315459461,-18.0809751020891,0
-1.67993957890862,-13.688516259315,0
20.6177592351752,18.4117197688559,0
-26.6147274290826,12.105540017943,0
-14.9297483911131,15.3503095195182,1
36.8518268346225,21.8446752069492,0
-7.89207700584754,10.9350654595828,0
12.441405050309,-19.7215571857883,0
20.6632333589875,-21.0988421268928,0
8.64950547504328,13.612358166294,0
-24.4756673975514,8.16009929498273,1
-36.5172236377526,18.634857057572,0
-22.9706557785883,15.0208562400834,0
3.75129758544151,3.50112408525983,1
-14.4033792140456,11.8021781845252,1
-22.6623885288673,15.7611604193417,0
-0.0419175783163723,-4.64069189324349,1
8.29627318566958,-16.7274288636793,1
23.3914411801652,-2.45217281629671,0
8.77229706568964,-12.3384745692701,1
-7.1726910427149,-16.7244493237447,0
-2.19470573056618,-19.02669344271,0
-37.444704852317,-0.0567961040645422,0
-4.81783340105771,-5.29591977853413,0
-25.8124472565535,-14.7105169272762,0
-2.3410625525035,13.2980844096036,0
24.0493491280855,-21.9523085168305,0
3.5791730416637,0.501655709987098,1
-34.8567359360678,-9.55873748954586,0
-16.7356288274198,-8.54695036931837,0
-33.9916767576442,6.66128094845328,0
-11.2796143205246,-1.89516732873787,1
-27.332555913643,5.4289309643373,0
-10.6526194964273,-4.917438923102,1
-22.6366657705367,-9.75620716986042,1
-15.8641685494184,-15.5459011589052,0
18.977070351573,0.743066860096,1
22.0389580035035,0.828763384352069,0
37.5553956876805,2.21826734840689,0
28.6443497558965,-1.38680384784257,0
-22.2902143612506,6.21301058546261,1
-22.0180092525442,-5.14478771465716,1
33.6395492953488,-12.9547938157089,0
12.6847105621558,-20.3251233081061,0
-31.1743167104763,17.5543008104407,0
-0.834015206421903,-19.7611704082693,0
-26.2611747445724,-9.1509269171142,1
28.5401126452155,-19.2532211328886,0
29.2465678151375,-17.8378737978234,0
12.104378416233,20.1650244559604,0
-35.9479265247338,1.32474335242499,0
34.8114743877141,15.6352950249014,0
11.092675903227,5.16156752607869,1
-31.1595817782088,11.6854907864511,0
-16.5679874155648,-17.9811315876102,0
20.2884627636551,-4.07884289616705,0
-23.1113979251894,20.941857217277,0
-36.1053643779909,-20.7240895464286,0
-27.9878029808864,-16.368509101068,0
-11.4754869191944,-20.6057838429114,0
14.4044914263216,-12.1086784603794,1
-30.7339061759341,-15.9937492040143,0
-0.0593124617156846,11.4760551054224,0
-27.9699872335031,-19.9263229413783,0
9.64044883195674,-12.7497750812018,1
3.33334829199837,20.8959814610303,0
7.88838780170863,-10.1704027581239,1
23.1451326443349,-5.01590602525813,0
1.70199686694879,-19.3350660131484,0
-30.3204333178481,-12.9406574616131,1
13.5588920187588,15.1288256755457,0
24.2093705587991,5.15728707308598,1
-9.42266929199896,10.2634677410735,1
-37.9945258092992,-15.8168869072461,0
-36.7623167540777,21.3796955740909,0
-18.2758268744853,7.55753612342791,1
33.6502366117834,17.2549506322905,0
-7.53520109846378,-11.2424330428004,0
-26.6042104443204,5.11643808077799,1
-14.8228082454684,-3.30418050676704,1
-25.4074932200716,-5.00889668753439,1
-9.56491649282408,17.5536724499934,0
12.4814526937506,15.1565277464574,0
17.6061332230395,1.991458135217,1
-27.7423338757641,13.1584933788962,0
-19.1194776192839,-17.7823278872891,0
36.2049293890538,-6.88677210477059,0
15.4922619100847,1.77863857798355,1
-5.50298897045169,-2.43903322346067,1
-27.0704938810368,-17.669093207948,0
-3.15098448199514,4.9400303454748,1
7.61936250280388,6.35078858072633,1
19.3144734757319,3.53531521012014,1
-23.8457237093017,-2.88797865451576,1
24.5460525181979,7.83228683546275,0
-20.6077464157936,-13.6046283037216,0
30.8502826954429,17.8783406290752,0
34.4679735889571,21.4199060381972,0
0.115348827379982,19.5232795700798,0
-12.7589545018337,-7.90386768124735,0
-23.2165107225435,-18.5624156385022,0
-31.9872417151419,-21.4260809562566,0
-25.5634842194347,9.47405518171259,1
10.0975194780305,17.6018191486455,0
19.6369186734094,5.74725285273224,1
-1.05855335973008,-10.0808441449016,1
-17.6765576290066,-13.6124481769941,0
9.2353475428299,21.2398370182456,0
25.8385073018126,-3.9475047526846,0
-22.9351028806143,5.33119945765689,1
21.8107087010116,18.7216310658768,0
2.91771418688528,5.8062197787047,1
0.686615002122878,-15.2402186840017,0
4.32939728158248,-11.8026123758236,1
-13.7537549115736,19.3004459216221,0
-6.74141473748152,-0.330679273533587,1
30.7382334784401,-0.641971138816348,0
27.84157077612,1.50129641741268,0
32.112581143173,17.5160132725574,0
4.84404873379324,-0.744245313956412,1
-23.8393290744242,-18.7874001396933,0
13.4209787406167,11.6607005961747,0
-10.8451289506252,-0.747135457289794,1
-24.3064052491719,-14.5761293272788,0
-6.57675632510918,-9.07468581281246,0
22.873119818094,-9.9179586901924,0
-18.9024712825537,-9.13975437820874,0
12.539102243276,19.4141366322573,0
-24.5506685929211,-4.01502006058318,1
-5.16149927697916,-3.63168541126482,1
-30.7176627323402,-1.50157457526475,0
-15.1275389821698,-8.23499777837849,0
16.6974791846754,15.9001926139265,0
-8.85091233042591,2.46889514055413,1
-4.68192149190104,2.3310395390905,1
-37.3090120984364,-18.4704900659288,0
-24.8876611607783,-6.47235963214209,1
-31.6768549080872,-7.3109473284868,0
11.7897401358337,14.9996966511312,0
-4.9469626048525,-8.64133944067524,0
10.8288450784131,-7.32790035143716,1
1.36152622493665,13.1466693160299,0
-27.9966705960378,4.42254757181216,0
-5.37404434421769,-17.6684611939206,0
37.5021559808845,10.7992949339572,0
-9.07010454523729,-6.76920128310744,0
25.7593624733285,-10.1064418027168,0
-34.2995854672317,-11.5043276752655,0
-24.3351182694554,15.2431812673687,0
15.4439184227601,2.88817058454066,1
-15.3630263274304,-11.7317892962824,0
-5.83329350030433,-9.9978839772396,0
2.56685056196263,17.2065851402171,0
20.6441668057835,0.554034611480485,0
-19.9108411895029,13.4984071449717,1
9.54612636990809,17.7670986534674,0
16.5681388214277,8.80105278215634,1
-21.3659217489737,-0.360944704312107,1
-0.814658435850085,-3.90483051528712,1
29.329288590155,-0.307365970356141,0
37.967407608282,2.9423797842642,0
21.7785786993004,14.2314851098739,0
-25.6248374373543,0.584447807575486,1
9.64609294671661,-12.9891207358393,1
-13.1944352437011,-0.526815959173781,1
7.56466448406262,-20.4301421393328,0
18.8940214362583,-20.6423675463083,0
27.5524277992811,3.96626442654078,0
-33.3239103580171,-12.8693563180712,0
8.15525131975986,4.73693219354299,1
-6.45468790874317,-17.5328587805296,0
-6.53076215094791,-11.518085828093,0
-9.65000458500916,14.824702439681,0
-19.5619356294316,18.2278915162444,0
0.579398032133597,-16.9572488334471,0
36.332450145186,-14.2815547562853,0
-3.20070582342989,18.8115574350499,0
36.1991867963033,17.1568573457065,0
-34.6882212134466,21.2838096514429,0
3.96347905351571,8.51880395275462,1
28.528708412246,10.1701217592073,0
-15.2396837602769,19.1042188316464,0
-33.2162594165446,9.57517079282354,0
7.14329313540031,-1.03827232317288,1
-23.5049854809372,3.9308432088504,1
-15.5232419910696,9.40889449948902,1
-20.1099648199675,-17.1006410789161,0
9.9409930278599,13.8524630057043,0
-35.1294370119674,-0.777702752649514,0
-3.86932638850715,8.07641476329974,0
-21.7551752275982,17.3140374311904,0
-8.52818123056185,8.43658734744356,1
-35.4417496963985,-21.575439090101,0
33.7847424985674,-8.68664532822062,0
-3.08852617993409,2.08815621983567,1
22.0791225974128,5.20386651379442,1
-29.8740772980573,1.54090392698183,0
19.7961310021764,-21.0597073966765,0
35.9283447162671,1.59809192779565,0
-30.9984786586651,-21.1825541582039,0
-9.44770260435295,14.1844796216218,0
1.20054146735236,11.0552141492199,0
-37.6992087168627,-1.28148755473735,0
34.0011963640216,11.8921564013046,0
-3.68415893688761,3.48011144150585,1
36.7188096411728,-7.94680327418924,0
-20.2824887696081,-5.97105845435436,1
-10.0781872617471,-14.640331384678,0
-18.0242728896617,-5.90055766805286,1
-36.9931653464315,15.8980723848046,0
-32.6513241492705,-20.0363227592003,0
-9.25169368961642,20.3294023462625,0
4.55064928161393,-21.2271614776467,0
-20.0602462800023,-0.533957194493432,1
6.906054936386,-5.19309348320959,1
29.9067498002849,8.2085893658023,0
11.4738920559577,2.52349152984263,1
0.295701991830548,17.0921581569079,0
10.9737841945924,3.05478494604632,1
19.7037906421713,9.11403701130607,0
-13.0017740948249,0.285544677627328,1
3.66170808134026,6.49615969292844,1
19.8860592751898,-13.44781477776,0
-26.4875390937569,-1.08557097066585,0
31.5799089793494,-17.6373727004399,0
17.959018003633,19.846737387689,0
31.0560213750541,-5.83045720639817,0
8.27494151371423,15.7009186648215,0
9.54499516947684,21.0802281816637,0
-10.8157227101788,-8.48448011290695,0
29.3020615087018,14.861861066964,0
-17.9429318583898,-19.9697436680345,0
-30.0491181614074,16.2135780036455,0
-13.3147752724602,-7.23277269533967,0
1.9220393159665,-8.74284277065751,1
-24.2445612402927,17.3949308732023,0
3.11587813241997,0.853617411433603,1
-15.7243705086373,-10.5363053438004,0
35.3390539031465,19.3995672295948,0
-11.31873517014,13.540517682705,0
-5.0693209714123,-17.5556687052874,0
26.2245562286408,21.3797918043252,0
-12.1347558353368,-16.9022946980541,0
11.5230322403024,1.05020563942984,1
2.08215100544096,-17.4571759027862,0
-32.8723443302687,-18.2098104742525,0
-15.0051344821533,2.53203028577893,1
-0.456039507829558,18.4055726101659,0
12.7997221585758,-19.3078471077233,0
37.7197457888249,16.6985908633372,0
10.2912260647384,-0.374170585614003,1
20.6031524367201,-6.97784939585268,0
-18.3504672498056,14.2208665469179,0
-22.8847939373683,19.6555000117135,0
-19.8640833121495,6.57906083233543,1
1.45874335736141,21.0237196921933,0
9.02027308963181,0.253592609004933,1
-30.4089746020297,17.8006077436291,0
-7.12576785742729,1.96120546092211,1
35.8101640132288,14.0487259149384,0
11.4415591695221,16.3671170888465,0
21.501323141984,14.1322692537887,0
-31.9213344712874,12.3490324135461,0
-1.477352047524,16.8615810369317,0
-32.9444860162938,-20.610895877657,0
-4.96711778332221,21.2137183686815,0
3.50612346379567,16.6447077714547,0
27.1529464135658,6.50212819828836,1
-8.19178840644398,9.08636063879698,1
25.0323517578738,19.7447637700939,0
-18.3482005434407,-2.9878820138393,1
-34.1496891142625,18.0927257977268,0
31.4622713447228,21.2590357085766,0
15.860969276888,-2.59696774577104,1
13.9559946823111,-11.0106733902124,1
19.7794390301589,5.69782757227376,1
-35.6568022378497,4.32999955800592,0
9.13016440968304,-21.5570452327956,0
1.27255441282332,1.60277707448484,1
5.39489633397052,0.851187121092408,1
6.07503677721724,18.5700533087294,0
-22.0424938207465,-14.2715164699302,0
24.8531660472536,4.26637952063303,0
-13.8048315237402,-21.7352000396738,0
-4.3688445245732,13.5952827586617,0
-24.0234236267791,3.7864793005452,1
-17.9117973874465,-9.5430389084503,0
-32.4262739279808,-11.8410355394072,0
18.9638765342242,-17.7417623460199,0
-8.28925487186704,1.39985745783644,1
9.36973644193638,-15.9440183808815,1
-26.8937219738029,11.7607318997865,0
-9.71422047526228,-19.9595726727455,0
-26.782129487705,-21.4559157238428,0
-10.949372159918,14.2916886339262,0
-1.36156207096877,14.7263462980251,0
5.04326759070278,-14.3228137057853,0
5.30816800361222,12.6816336881567,0
22.8980069471238,-8.47752878395173,0
24.1098734175736,18.9869086681056,0
0.460616778446976,16.7538347629813,0
0.235650648008551,-12.9842508639254,0
15.6648017616486,1.73134373001313,1
2.76900334069941,10.1281873118981,0
30.9016051577108,13.2259100517132,0
34.1294493200758,15.3984098303969,0
7.49951421854479,-1.28454355922351,1
17.2093703849947,16.0328963367309,0
-5.52650446552679,5.90681024661357,1
-37.3390199498363,-12.2850422163013,0
2.35308275396272,-15.8339425921151,0
-21.6777475237867,-15.6238725031748,0
-24.0690841784845,12.0600598954152,1
34.4695187422918,0.0479571112505539,0
18.5775308218423,-7.44146341020469,0
-19.3494049487039,14.5495145190948,0
-29.9360347156624,10.1318261889244,0
37.9404884285729,-20.4593708645088,0
12.445998778818,13.0828101862872,0
-2.31352010716218,11.3125664885962,0
-32.8767141253753,8.50328293926809,0
0.707888296561578,-0.00585317683236752,1
4.01899790112601,-13.430241099674,0
-14.2198069752905,7.25109585610192,1
-10.46037760007,-14.7947640111694,0
18.9419227033282,-4.89254368760995,0
22.9287366624831,-15.2637988056769,0
7.65295527337936,-19.6802143284306,0
-15.5021378041264,8.46245556412178,1
13.4801599036692,-18.9926006547014,0
-7.58439995134585,3.12467615556414,1
3.53684469645407,19.7882150346838,0
11.0847603578605,-17.2114677435743,1
14.3586851774163,2.91982049678662,1
11.8338792677605,-16.1877936979356,1
-22.0914601840562,-17.1048098256233,0
34.5460680762521,13.3481578285432,0
-1.64489645804631,17.4038375932502,0
-2.92378931060573,-9.23539859441322,0
-1.43193721795241,2.88486336514284,1
-26.6161632917418,-21.1275142648734,0
-29.166384956718,-8.58602066507704,0
13.9511518675083,18.0006110987198,0
27.019807504574,4.11642606614071,0
-27.006229419824,3.58785731045016,1
-4.31601053569278,16.1561082409747,0
-36.6741108252016,14.7087144699108,0
-31.0426065873375,-15.6433334433836,0
13.6919324374815,-19.6657558075093,0
33.6378541463132,16.6110619757427,0
-2.74724234939073,-3.52849335981698,1
34.8640351147764,-15.5209772183605,0
-0.100489237060067,-12.0751251004589,0
21.551513662421,-8.47389466875343,0
12.7847757198403,11.5835167327197,0
-9.50014465826407,-8.20345215813416,0
-32.8473088451418,-21.1046494900778,0
11.1753531699352,14.5220296575911,0
-4.3025572563858,21.6380931505021,0
-26.59141829452,21.0880607426759,0
-32.4947729764342,4.63582542048839,0
20.388059178318,3.47733512429776,1
-24.4881073316879,-6.18177511290642,1
-21.6385563944425,16.3796245547342,0
5.56127511623422,14.2533791696266,0
10.37112643738,-9.86460274819692,1
-21.3064973048717,-1.10001659698287,1
-4.06035010739883,-19.058386483959,0
15.8979382781265,-21.5029757682224,0
-36.6144989140642,14.9570461573092,0
4.36790276949178,-17.7284145243898,0
3.67326341974591,0.196458606068436,1
-37.2604353115144,14.7423695449275,0
-3.62731997784218,6.73284007540383,1
-12.4558349552406,5.28432406541124,1
-11.5949616013973,7.73422896887665,1
-4.84485676049202,14.4865968040706,0
-8.69256819652838,-2.71210210653605,1
9.69369606251521,-19.6142628086833,0
15.7238992337642,-12.2821689800088,1
-19.7713329256139,16.7929424721175,0
14.6942822676294,2.84927846160657,1
-23.1745799372153,-13.5165758110694,0
-4.7258792974097,-18.5632175221784,0
11.7276532078973,-13.6477536755466,1
-23.1581324117924,20.4759072212045,0
20.8651960448279,-5.32148988103493,0
-33.0775304751651,10.1912150254755,0
-35.6817974207532,-16.6153000360679,0
37.8612449834962,4.8999462841716,0
14.7278209553854,-11.5650489977866,1
34.0761060607763,12.3544995447142,0
29.4814586431985,-8.44618173825169,0
35.1398777050572,-9.10730161768337,0
-30.3497260830258,16.9952196712812,0
30.4458277881958,-7.55318966550793,0
2.27681669326702,-16.2230583698596,0
24.2599859267061,1.23335534344192,0
19.0530944143114,-12.618294290466,0
29.50186962897,17.8514781282673,0
23.8197811250925,-3.40117086127067,0
-21.0699587473088,-0.58006469544609,1
-26.4702989077635,-18.4451120404971,0
19.9985902503355,20.3620160288888,0
35.5384740743138,-0.911541633770259,0
30.7952285568275,-14.4473585887001,0
-23.2050704420402,-19.4039711354151,0
-26.4789951248321,13.5108708397213,0
-2.39947895104098,-21.4925146160551,0
31.1339381181702,-13.3087250504399,0
-23.5474620803635,9.29116238783842,1
12.8304525216979,0.0759679686669408,1
-3.80947057323034,14.2636152708667,0
22.8803531967596,-14.6526325873803,0
8.39721513807562,15.1778979845118,0
-5.79656647488351,-8.84759258504173,0
-2.84011525613057,3.65687632112013,1
33.2649874789203,20.774068355436,0
31.3604299151988,15.8096224039773,0
8.02553618158596,9.73631187068551,1
28.8351807682533,7.564239715118,1
-13.4457229341266,13.1549592662592,1
20.6724960164348,13.3988191093356,0
-11.249093585626,-6.60237613729425,0
-14.3031192065836,-21.0414238471123,0
23.5040076417944,2.4729160166226,0
1.89186636034594,-11.5482394892253,1
-10.3652189296869,-6.00668955942938,0
10.5714403790904,-3.40941739215716,0
-23.2547598995276,5.93415398929754,1
17.6142476680808,15.2635805707233,0
-18.0216299144883,16.3432641427108,0
-19.9028287882129,19.7256914043026,0
1.69899953969552,17.2408532070105,0
23.5194146720169,-16.8505049700838,0
-5.84503119558327,9.54449731510732,0
9.66157111043587,6.31179053374723,1
-24.3082775692733,-18.9674616109631,0
11.969452382518,12.1463242446002,0
-15.4397991806522,-8.21042795954391,0
37.183087464561,-6.3117831520062,0
-3.78390094964514,-16.6645972380282,0
-11.2951094354244,-10.6931701670337,0
6.45693418074868,-4.71118807527713,1
29.1535873464055,20.9674553860223,0
23.7393254661591,-7.37403297280785,0
13.890795349001,2.52079852593607,1
37.555782508833,11.874963563809,0
-21.2388754555739,2.235188055253,1
31.849030983716,-9.32371974528474,0
30.0251794521273,-0.761639611445027,0
29.7112625511786,7.27945299746586,1
-16.5160332761238,19.8568786442551,0
-14.229847180638,17.9458978810147,0
1.22607610438035,15.3287376460465,0
32.3694531494573,11.7021085686125,0
2.5965140990067,-16.1497146840021,0
13.6481381961137,7.09233169669623,1
-29.453050000788,4.21563129043641,0
8.10092419381743,-3.01643820713551,1
-16.7441316825737,9.87914549937964,1
-29.2345596100131,20.2722168588075,0
28.365404117412,-19.283686825054,0
12.8582893874685,-9.94662569907265,1
-27.0448053037757,2.95348957613403,1
21.2957180148879,12.0274214159606,0
-8.42586608226735,-11.9409219859685,0
-14.0670674662977,-0.149345418767627,1
27.4444833914463,-12.6153571876558,0
31.5544716764096,20.7954640729072,0
-17.3024471782112,-8.94096087371147,0
26.9381812589012,8.18044780261783,0
-32.9653355113144,-5.6804152227983,0
10.202707922811,-5.01167905534459,1
28.7853995539873,-5.27062149851353,0
-29.1259717214601,2.43323040331973,0
32.0396960909244,-7.50262514151528,0
7.96972177588852,-10.7661045902384,1
-34.5750483361274,16.0804974629842,0
-35.3617488488973,-18.6573726272022,0
-28.35669152953,16.0713400465227,0
27.7671175439473,14.8066789302402,0
1.83043172629373,-1.44064539065191,1
-23.6999278872837,11.9475519239412,1
-31.6659958349604,11.4514528669826,0
-16.9753206157726,-14.4026781579961,0
-30.3514398116199,20.4052250768606,0
29.7357651045358,16.7458857015252,0
27.7532757974863,4.46202418042791,0
-16.0861135103536,-21.0474894490841,0
-28.7412629839591,-14.0010286063367,0
17.6585264163453,-8.85128057686351,1
-19.6454814931075,1.90455975326379,1
-32.7392622398085,9.0559538227465,0
-11.0600477658897,-20.4663743119803,0
-5.84708078016611,-5.8941196604234,0
-0.272693846262868,3.19550194032087,1
17.0624744885954,-7.21656482813898,0
32.0642202128666,-10.9294964650962,0
14.541636548186,2.81459799393444,1
22.5187476331169,13.4837902853549,0
25.6307971461055,18.9626376275925,0
-34.4242139233611,14.7346012869972,0
27.0918025683055,17.8666697690623,0
-7.36876279661216,3.29790400408899,1
4.80015074183951,19.6585173434476,0
-37.0345359115929,-20.1889728559471,0
21.6883504133813,9.76911387293353,0
-1.09886616522188,5.92797971445388,1
-12.7801722216403,-13.2748882576688,0
1.8431604940647,9.10581105051832,0
22.5207755525454,17.100166727661,0
12.8099850461791,-18.8172902574783,0
23.9071065178639,19.3708279033306,0
33.4123990349979,5.49566782272503,0
7.92326104965895,-8.12917811550144,1
-4.53520298051549,2.69267441285261,1
18.2315063168856,-18.2123401643425,0
-18.6766717334626,-11.1532678419251,0
-7.58548638384127,-6.70216371868589,0
21.5253244181436,16.0418654702381,0
16.3096000189013,-17.627798151674,0
12.6589594760579,10.4853204495613,1
-10.0965307103561,-9.58541225909913,0
-24.3738474156395,-16.7090636019877,0
-4.35523640456029,14.7065368201651,0
23.8335155303958,11.6265342190417,0
-26.5428377688333,11.6904698745198,0
-36.4273500630541,-17.8288758020948,0
23.4562816937068,9.27298289076717,0
-11.2012020658631,-1.62150085351147,1
-21.1932178578093,-17.8550847588746,0
23.645655117241,3.72281110991043,0
-30.0654567888089,14.1163603791213,0
-18.7545425381451,-15.597339213862,0
23.1991441335743,16.1452804404901,0
-14.8394021610734,20.6632851227203,0
15.3560243642382,-17.7930580886931,0
13.6002214784215,-4.93110956494248,0
-16.617679975138,11.8548532059708,1
-23.1854104444321,-9.02351477344551,1
-17.5162137084754,16.5386471755255,1
-25.8891678662335,-15.2718960469605,0
-18.1820221460959,19.823417972611,0
-29.2182769365383,2.03095086610722,0
3.64179355715594,15.0035816153473,0
12.1642774007117,14.542875998958,0
-4.45635856753822,-4.78388474229374,1
-0.824517949978954,-10.4254882093941,1
34.3747653153767,12.0390264537112,0
-22.9695116271054,14.6595046699061,0
25.6226494942689,-10.150115303434,0
-15.2765964920522,10.8838843309122,1
10.8729927622494,5.11153687184907,1
-1.47064311988223,-4.11174566308956,1
-33.3439211696452,6.8241221008665,0
-1.27321922161052,-1.89383495281778,1
10.4968917950934,10.9669160706865,0
-8.72859110873057,-17.449647199442,0
-18.0886426301256,-14.9425900045972,0
8.19300494189658,2.46530719088621,1
-6.31382525766607,-3.73358356351497,0
-10.3179454798438,-7.4012590157897,0
-34.1939707599324,-12.5517877675822,0
0.365901614631326,11.9615709810097,0
9.14840360448328,10.0082978190493,1
33.9489236058117,15.0361369232524,0
18.7324523788546,-15.299461411615,0
29.2812345328344,13.912918740658,0
-3.77065994754086,-17.881098337549,0
5.87710172866775,1.21704256102086,1
9.30706071841048,-14.4818812800284,1
-19.8056982798388,5.96940024123031,1
-28.106899392902,-15.5519772815487,0
-18.7333120673466,18.5430305994233,0
-20.3442591025086,11.3205901747974,1
-18.9864287172912,18.876700713805,0
-22.4144066751197,14.8406473529936,0
21.9704714943138,-21.4258988373743,0
-2.65993032863197,-7.77800309015552,1
-31.9343768261909,-9.20528442460644,0
-33.7097469110417,-16.9344291030827,0
11.281181654752,15.4122340504251,0
-28.9629511518349,21.0715351278867,0
-0.120830960886188,1.36853198532951,1
9.0295377655784,2.28335634708594,1
-20.7498146439707,1.60967049539098,1
35.1313020825926,-7.65291667832131,0
19.0000958021836,2.29018776805022,1
-8.48366609765509,-14.1105846562713,0
-15.6576641253146,1.48099310656439,1
30.2654554511621,-11.6392999193658,0
-8.66420361762394,-2.13834614037182,1
-37.082275883145,-11.2852772445423,0
-27.84443938434,15.6425235884259,0
10.0671499466939,-19.7689008482415,0
3.92068581242879,-13.5233974324203,0
-18.7889786416746,17.3413237647862,1
-7.83386042809557,12.1582002448894,0
-24.7454503700753,-16.0947081218205,0
19.9537185247391,-6.2952197298375,0
22.271044900257,2.05200960641718,0
-1.64431069260475,-16.0222211347135,0
-31.4927110268401,2.69298537510686,0
8.98109508456108,-3.44929885951471,1
35.8373928469492,-5.40766018221929,0
0.0833319317865175,3.31702454296108,1
-1.83826179042315,15.5918849397885,0
37.9425375592925,15.203321887229,0
16.4982038287315,12.7227604093101,0
-2.29629284019718,-15.3925823145892,0
-36.5551887988449,5.10968744558993,0
1.16104688468816,-14.2578314279659,0
14.9938715853763,-1.60875813502583,1
-32.3201626001826,-20.0561611879455,0
-31.7720775123724,15.1266599834071,0
9.39065449362465,1.54670357720106,1
-6.60726417535008,18.580592286754,0
-6.17843385839753,10.1983683886485,0
3.05123713296633,-4.69335519197151,1
-32.3138057119421,5.01995238523825,0
5.35065255396599,4.76844557482846,1
25.1488768161021,17.4311675159997,0
-15.4823086150971,20.6785631139744,0
10.9485155364477,3.28100793526225,1
-27.5239728353546,-7.0439746120993,0
26.1842009107368,16.7079753980329,0
24.6342945228431,20.0977063887986,0
19.2027430778822,10.7138359900424,0
31.6777196212505,18.4652844310509,0
-3.69361169104053,7.65058158749109,1
15.6496130364321,19.2513271276057,0
13.4032301826951,-15.8693100793623,1
-7.06331561640032,0.808728836790209,1
31.1289006135452,-0.746358061050945,0
27.4697445112687,-1.81485066041782,0
-20.1538273948293,10.7241186890333,1
4.91020774222985,-0.066595755478442,1
0.0284803472882516,-15.1503886047042,0
34.0152068482743,7.53544624858401,0
-36.759483538519,13.5566190611473,0
-14.4690410787635,6.23632714037886,1
35.4480725031883,-2.6189825069554,0
26.4772171195457,-10.5815043809041,0
-30.4527875078853,3.82786589139353,0
-34.8444768103226,-8.27040716517798,0
31.0932004489515,14.2314884099398,0
4.09003020892877,-7.51570767939066,1
26.0183030310178,2.60331916983667,0
-14.1743223450029,17.8959149985379,0
1.52219804543113,-19.4690151774873,0
-23.1531567690922,7.89271676391792,1
-37.0027790593255,9.15078565819531,0
33.9379253632719,19.7528100584501,0
2.58177178871415,20.1185303921315,0
-30.3661989704373,13.8956866253621,0
-3.69374343653516,16.0110737613614,0
18.8899142091228,-14.6275245326456,0
2.43859118664072,-7.60988693229753,1
32.5630307660719,12.0144073333264,0
-7.98621131643364,-20.4794256252516,0
-25.8279702580416,-20.3084761250905,0
26.3332548425899,21.8331919480543,0
-25.555019815484,-12.3132701165108,0
26.9083875826701,7.3306336805978,1
26.08016466572,-1.95785136520242,0
-1.18023917676308,-9.99777111766367,1
20.8203811356861,-9.09829976911028,0
26.2529643342474,19.0405683877384,0
-7.61995436585858,16.0914043882297,0
4.55464584089439,-17.6949292966534,0
1.31264554844396,-16.1121869532933,0
-15.7908864961415,7.6238769778927,1
32.0421112268977,-3.73464407502631,0
-7.37158056650107,0.447809759734731,1
31.1119350244345,-21.7898940003022,0
-1.24730859518529,12.4460097070614,0
-6.90581757317357,-21.4572121596871,0
15.1289038355267,7.97311119371509,1
25.8512805218329,17.5280845794129,0
-23.4977221009358,20.3204098467023,0
27.8490737795,-11.6981020323344,0
8.8735261274059,-5.16158089802359,1
-4.38878310701286,3.41027113769355,1
11.7009251101849,13.9238881177813,0
-28.9988372680219,16.6898130985569,0
16.1140165384008,-14.8293951687405,1
-30.1765102685292,2.04449390232647,0
5.10772156966853,-20.6367010185782,0
18.0370514749457,4.19651112664335,1
31.8415589592127,17.156991910475,0
28.8505542337889,-0.840584370031664,0
-9.86090054607989,-10.4758482188751,0
15.8869816636582,-13.9761045014536,1
-9.06090871708508,16.1839483794185,0
-4.1715680435956,18.3171075852235,0
-20.3687937886418,-12.468779265758,0
6.37638648656072,19.5634736409318,0
-36.9182055893931,1.51168309781812,0
-6.95026734624873,14.9284208769328,0
-8.86378750306224,20.5684794863225,0
-27.0824707227599,21.4938889797031,0
18.2288320757237,-5.78855346602424,0
-13.3160637958985,1.09571291559081,1
-8.89624912029154,6.6842291080241,1
37.1675761944428,-15.2585090360228,0
9.34803892543665,-18.1373859545313,0
-7.29778459679773,-11.1275267198114,0
-20.3442821022257,-15.9307832598915,0
35.3872570857752,9.57452745059394,0
-26.9942240317083,-21.3977940733773,0
-7.52267479566312,5.20740369260484,1
2.43581338263272,20.853015910884,0
-30.3281677431301,3.79774188763992,0
6.13904970790503,0.21296889545113,1
-30.0589616885792,-15.2318049056681,0
7.28630065772232,7.17834225681032,1
-1.66365875271871,9.20410233250563,0
24.0382150490462,3.63146992029973,0
5.60137185821206,4.38343660649423,1
-21.9926174200949,-20.9822100074338,0
-5.23996412883572,10.9702244675458,0
-5.10763557662552,7.38571386086542,1
28.2137951314644,-21.619574366767,0
18.7716281364456,6.56036234827836,1
-7.85518868512851,-15.67262624537,0
-25.3488088875095,6.69684555085272,1
3.17929053149273,-7.39877837310475,1
-36.460649312447,6.40513583255801,0
-28.8541308148798,4.87254372187952,0
10.1926722488263,13.614869568059,0
-1.15622754045276,16.9587678661658,0
37.6072491253838,9.87647916559552,0
12.0814841035725,2.42291181767116,1
35.8967081680948,8.56717398208835,0
28.9334751196555,2.16958152787918,0
15.5477680857837,-4.03834071532358,0
-31.6648086086872,-14.727292575165,1
-4.42498241332643,-11.9291792614,0
-37.9603291085283,-16.5553960828721,0
13.5752959443496,-13.2180108749344,1
20.8874704746545,-19.261292759255,0
31.3026764334523,17.1952544182551,0
-11.0770391688316,10.1460079058839,1
3.33129018072384,-16.6324055154439,0
11.6404367766129,-13.4732368941335,1
-24.5073008342888,-4.55142542821846,1
36.8438264876791,9.94462186233758,0
-37.7923312931575,-5.54408019357188,0
-23.1215122051961,-9.44760179852174,1
-2.4129963759021,-17.3488617402861,0
4.32337193640182,13.0559898809783,0
-18.6881071417024,0.518483495660881,1
37.6172983772251,4.55535847231122,0
-4.05518854772836,-19.9009074234081,0
-33.798096450267,-3.49908814617069,0
14.9284754111383,14.9224948319218,0
-19.9376442989011,-4.66836150370331,1
-15.223653738769,-3.91892754646942,1
-18.5403711514442,-9.64605132641263,0
-31.3768888439596,-11.5243638170738,0
5.12412684188094,16.8704545791561,0
-17.7736158146582,-20.5944321773433,0
-35.5661137146797,10.0926517826,0
10.6465938817793,-9.3047419502695,1
7.66854551015367,4.6570165737612,1
-23.478962455066,11.9796590704212,1
14.2813115842979,19.739349128282,0
-14.4032712003886,-10.7701479979306,0
-5.58617379972935,-3.74611662773097,1
-9.00465796523106,-20.8992410060191,0
9.47580745312679,-1.36124662169398,1
21.625611615004,5.72530523944448,1
7.19165688091129,6.26264886429364,1
11.5197328613863,0.139029254587118,1
6.79675060730838,-4.2070796976934,1
-25.9043945352872,2.91087071019599,1
-34.7978996612165,3.36106096624809,0
-27.5861202417712,11.1990176931021,0
-16.5173519245379,-16.6700013890979,0
19.526292035775,7.61411516908424,0
-6.45833230882742,15.3014989478639,0
-26.9305855354611,-9.58682485331166,0
17.7852701743034,11.6590650571862,0
12.8820845059958,-1.00366277566948,1
10.295671393833,-14.6347448263086,1
3.25628058314079,11.7521894568173,0
-18.8428339789253,20.2736855442378,0
-32.3835702399967,-11.5314710008642,0
-8.57419666602437,-19.7406614078969,0
34.5551860061015,-17.1601103702147,0
-36.1628462414759,13.2898167365595,0
6.9421783924247,-4.84518185975639,1
29.2125062286106,3.15235449840462,0
6.22465698326187,-15.5530724930007,0
16.4400849909308,0.253632280920606,1
16.4599377807473,19.6042968945533,0
-9.1847096011656,17.6508376173061,0
-26.2756562854982,-3.64381798437203,0
-26.0298591028868,-1.99404215367519,1
-2.84534486462509,-7.86959746449544,1
-35.3387560436106,-17.6217451565382,0
17.2135559359399,-3.03587171350554,1
19.1423214462025,-8.14915413123256,0
-3.75515969058549,21.4625787499969,0
-16.1984143548992,-2.90176445672798,1
-27.1830425091742,-4.33970351160782,0
-0.478462252804604,-4.63066458201795,1
-10.251649300013,-14.8417385665423,0
21.3466212370113,-3.62924225688306,1
-27.4037808060931,0.387539860134115,0
18.727182722206,-9.58364975733847,1
9.16584155131495,6.69113937029561,1
30.9893968913299,5.3563493529191,0
16.5586619215128,9.17977836818793,0
-29.0659579098655,-10.8653585172729,0
28.1713575799585,-0.425786975942415,0
-32.9872107463886,-7.83948948116556,0
-37.8976405082265,6.48008389295376,0
-14.693368134673,21.2028630777323,0
-7.87965395949694,12.3891229380267,0
-16.2702527403395,-4.67017636953925,1
11.3281351350758,-1.85841126668731,1
-18.2224687426629,2.28250943069322,1
36.939322167399,7.47460964818097,0
13.1411296373486,12.5873348484315,0
12.7108702822459,-4.03318563970168,0
21.9910734684273,8.55999863587472,0
-32.7252411898904,-9.64117224249867,0
-19.5133353110654,-15.9760407337538,0
0.750221074293194,-21.4760949908718,0
27.7952854728463,-20.4061634664353,0
37.8016813137491,-6.47502071476144,0
8.34733962425391,13.3598924239427,0
-36.2383352489566,-2.83378815488516,0
30.8281830629821,-15.6558176619921,0
21.8406066909674,-8.27484319072918,0
0.649933591044224,-16.433366894992,0
19.3508561343498,14.947019981451,0
8.43650310679049,-2.36733995225798,1
-5.91639866212486,-17.6588246958133,0
-19.2595455277507,19.4626768712587,0
-22.3206809383918,20.3554692712065,0
-13.4128949658198,-9.89522279242234,0
-10.8810452081253,15.1505779949131,0
-6.99200458515532,16.6838065926713,0
1.09469679961749,5.5002202053511,1
31.0683873159387,-1.68820395243233,0
-29.1124835329182,8.48031314331771,0
-24.3171977823758,-8.17701760170599,1
-2.34727477886643,0.702206125057895,1
-14.2772228589427,-6.81454228051338,1
32.8288031030212,2.46081628399005,0
28.7095060424925,9.380279572993,0
37.1948076075671,-6.12514913038415,0
-23.2273631823237,-14.5543705671299,0
24.2749825924639,6.60972607131038,1
8.67993681150009,-7.13874336082417,1
-20.1226660551363,1.00708287152688,1
22.2006488111787,5.40470686744388,1
-5.05921375611304,7.89549142645497,1
-28.1442054117523,18.6199379787048,0
5.33900131659954,-18.1843857347935,0
-28.2843825736061,0.512205852369505,0
-21.43746785949,4.25620999514186,1
-2.45050760949733,10.5372259669107,0
-0.779951351168961,-14.3313736739687,0
-23.2974881020069,2.31941124463685,1
-28.8699534849874,8.47485373513173,0
13.3444296644062,-20.9686402669365,0
37.2521355927749,9.01704864948307,0
11.9462137906941,-5.3877831735158,1
-20.7927296686482,20.1616534074144,0
24.9275411253356,4.60360561429828,0
-9.67677050360658,-3.50775234304724,1
15.0074591028621,-6.02741100754128,0
11.0164268319841,-20.3578046958383,0
-36.0748688066176,-14.3258362298938,0
-15.3722146576296,-4.29431373242915,1
30.8274562263535,-11.4423395491438,0
12.0254680502734,-16.4388254238841,1
-15.0490313290593,-3.11722258967995,1
6.14378751722751,21.4926274884075,0
-9.83048072024715,2.09361579642244,1
-25.1505319165962,0.318650089325565,1
-34.8520798083161,-8.77893548860614,0
36.6604213981882,3.02635416112804,0
6.45197608134462,-8.27478673025566,1
8.97812106750678,-20.0824670870313,0
-16.7184972045486,-1.08126601828435,1
30.5699492948877,8.93179312499996,0
-4.56187852273582,9.13127665949569,0
-19.5553390513672,3.72521127072494,1
-34.6949351916626,-4.99768099306408,0
-28.7355812867301,-19.9786861974286,0
-0.199268927981969,3.57263134733052,1
15.2688956949652,-9.75867594173085,1
-13.4461805267609,-8.46725624077764,0
-37.02233394304,0.642291097411096,0
11.4589763192027,-6.88968999704334,1
-23.5670187535848,12.7008990465299,1
1.53879844261657,11.7222320425807,0
32.4063643086234,-10.5538573427388,0
-2.46741770209466,-5.95775427877519,1
27.9597515990699,-10.0805998191857,0
-5.93220936289258,-0.398297774706656,1
29.4588451646359,-1.98617795135494,0
-9.7664968781712,18.267344377152,0
-27.9340684426425,12.7554559414432,0
-5.36792691242766,5.79198762998163,1
-8.35990007595251,-0.731063587674562,1
36.6725820355189,-8.70817520231344,0
36.447724205695,17.5688399302444,0
-14.6329241423375,7.20574814317375,1
32.8225642382695,9.53466442424081,0
22.7613075047435,-12.9503170114531,0
33.242999081493,14.279971794192,0
9.06532327817638,8.16583754451581,1
-10.046369838629,10.0530501233709,1
-6.89340007233758,10.8316222033833,0
16.6876459595939,1.40115142083877,1
10.1294979850224,-20.1928107405916,0
5.59558589727985,-1.57465944600155,1
23.8967111067926,8.45083741378443,0
-26.8760467563138,13.1204178680338,0
-17.7553167645632,-1.70540715560177,1
-9.53935693028071,-18.4060245150417,0
-30.1674189604446,7.96151927586243,0
18.1924829149238,14.1505991564283,0
-13.2227273483825,19.5257504836998,0
7.25092248387865,-17.0683427555964,0
29.7837211863766,19.0230431436803,0
-16.1197150159612,10.1187670690525,1
18.3563799209353,-8.59546649630634,0
-1.78105110976366,1.66908783142766,1
-6.47920269920398,8.30057750032678,1
24.9047922924164,-5.22716367957518,0
1.85803893549612,10.841553859683,0
-1.80538354617866,19.5022942655115,0
27.4197842410871,16.3973861016592,0
-28.0698401914308,21.8346656071511,0
-28.5327664331577,-11.8949099797008,1
-27.9553505895972,-15.504821971573,0
11.6062053153874,-4.93124656144879,0
36.3452469494233,-18.649283272176,0
6.73619547254982,0.571348374227512,1
-6.29024639435853,-18.7099669061082,0
-37.318923362292,17.9617239269996,0
30.084024842184,0.143534995348588,0
36.1217198944735,-15.6645502595773,0
37.3476614154962,3.02702306037757,0
32.0932682215809,-17.7431424966839,0
-24.156097641011,12.805647426091,1
4.71785245721509,-8.10340260350183,1
-0.00424075064130136,-9.327089905289,1
27.6950729574758,-5.36939131599057,0
-9.98665718900775,-6.23740975904776,0
30.6675718330219,6.72036657301862,0
8.76308098978704,-4.39380605939311,1
20.6797297684013,0.17255219982038,0
17.5994011165327,18.8443287976208,0
35.9902683491745,-3.19135366020981,0
22.1471284875766,-3.590622429209,1
-3.0279301439447,0.0418772699462764,1
20.1342265470535,16.4070600576714,0
35.8798328446301,18.97404128675,0
-18.5416325960703,-1.89232253347252,1
31.5962071601891,6.54323809264684,0
-12.571170047231,11.9199197287952,1
-24.2095549210664,-6.62455419462242,1
-4.99029476519273,5.8876657081281,1
19.8035753956271,-14.5951509133589,0
31.6432447249851,-10.0230064283955,0
0.135787933916042,-12.3440746252215,0
-9.52103726036908,-3.77173272025735,1
20.6399456070374,-9.53628900690932,0
-23.5779331016926,-2.12777961496906,1
-1.74842178907335,10.8931305706703,0
6.16817134314043,-11.9680480983236,1
27.1591460438455,-19.0942354913563,0
13.0306502001698,-18.9334818685647,0
-23.2979444644579,-11.4191473762678,0
32.9471338771676,13.6803819206129,0
7.51883533523101,18.9782787137301,0
11.6960441428387,-6.78038542452977,1
-9.46741742998725,-3.24675116256579,1
-13.0666516078318,-0.367897662827716,1
-35.5593436715408,16.3656620924339,0
-4.67792314735807,7.83965650811586,1
24.4042384560748,-0.157819412817229,0
11.5746795721778,15.9762004623657,0
37.579797513158,-0.796577711780614,0
7.59032514238481,-19.8130332580012,0
1.41903384039043,3.96832696846255,1
-32.5123475112435,-0.0842302031430613,0
12.3843936638967,19.2856879991337,0
-6.83167978801653,-21.7651794000295,0
-18.2523573429747,20.3741359406056,0
20.0358361111688,14.4363130442048,0
28.9341110203647,11.2173918719935,0
3.67544802660336,11.0781972207755,0
-3.68878978322515,-14.0814999515427,0
33.0799201636033,-8.44289701030914,0
-31.6605793700318,19.211906641393,0
-10.0288605383224,-9.87360087700931,0
-35.481981007107,15.7132054159062,0
-34.5036531920201,-0.421333138152988,0
10.6848369006886,-16.1741956062092,1
0.774171823499614,4.78837501546772,1
4.69664118911999,9.84103376971686,0
-16.6098625825546,3.55077387046975,1
13.5833531069924,7.26402917001227,1
9.64160768526123,16.0889967726592,0
15.8798277341532,-0.104075686657872,1
8.76786417393367,-9.23104159246234,1
-3.8325466534863,21.9168731827933,0
17.2889963389384,-0.233871861205742,1
36.8458829713053,14.6173110495733,0
2.62018052960995,10.4829631497928,0
21.2710042335888,0.294189274887174,0
37.3561256608028,20.6341002114509,0
10.3806255249904,-19.5403494698948,0
-17.2312042950391,-17.3199052735351,0
7.83406966155076,10.6862244791173,1
10.3390669398327,-17.9327978376033,0
31.2425212380333,5.81430087785865,0
8.78881536582026,-0.83759571151057,1
33.7185311222444,-0.716843596742514,0
-18.5642128657372,-3.407122609699,1
-22.9363518876745,3.63267659942953,1
-4.26587328236084,10.9862255171655,0
28.6650495318129,-17.3464223456101,0
-11.5223488155019,-1.19245882345946,1
-29.8283271587681,-17.2014067883089,0
20.1198966042408,-16.1261855653142,0
30.1170327166609,-7.11689317450941,0
-23.6631396971443,-18.0025136397775,0
13.1877088771786,18.1453170625949,0
1.20762486307757,7.06642302425041,0
27.5092183429876,3.69633020777404,0
-15.3402249616109,-15.2047658043258,0
-14.9494353025956,3.91064818615477,1
-21.1960661488597,5.68968092926334,1
-27.3726122433292,-9.63828831194214,0
34.884891873197,-15.1433805682357,0
13.7318980718926,1.02988387649817,1
23.164367494206,-10.590284696754,0
2.75167160034122,-18.4970358108569,0
24.4306424046005,-19.9944083683834,0
-18.055074937197,-18.720463598389,0
14.8735884616161,-0.876759174582869,1
26.6783959928358,1.70210996217059,0
-31.376343568917,15.9420725518753,0
35.3997955425309,-9.12943316190307,0
15.2697341003,-21.8188001209838,0
-32.2593006689969,1.94143329994138,0
33.6558161198728,5.22260476402658,0
35.1471664161621,-5.60799872837733,0
-8.45478620951322,-1.45877965715585,1
5.84759089923208,13.985639336134,0
24.1042777876414,-18.3389888537518,0
-32.182691958939,-19.0393767693247,0
27.7637858595565,13.8799726181205,0
-24.2157581155384,-10.952154300698,1
25.4352302777024,-11.7983910278045,0
25.918702072306,-5.7331009160773,0
0.654930090539473,-21.4740673136597,0
1.52144531052858,-5.00268848770091,1
-10.1159574516257,13.6024452084713,0
32.1937112949837,12.2278947734622,0
15.2173039867638,-4.82490073768523,0
37.2953777970674,14.4726033383763,0
35.6414344782905,-0.849761122936712,0
-30.9526878515623,-11.5538313899049,0
-9.83468411981783,11.9827992988708,1
2.29242217563642,-3.48811266049047,1
-31.8749608092129,-20.7847406253505,0
15.5271939533503,-5.96436968398227,0
-11.6301592551078,-2.947222692084,1
-29.4658084849396,-0.381682462002775,0
33.5844507363615,-9.39034318030815,0
-22.2417162792771,-1.14792568544274,1
-37.2548335655445,-2.26211805397048,0
28.0107900210154,20.0889481132697,0
13.5762286937689,3.93195941261548,1
-24.9504216182631,-0.383790901973192,1
-24.5737575104705,-12.2134959599215,0
30.0850014925356,6.47816487740534,0
-31.845739006258,-7.00106182579578,0
-32.5398978488798,8.1355050329535,0
-36.218914824601,17.601418951857,0
5.51065400499143,-7.90515287719614,1
-13.2702812860863,-8.765854062182,0
1.89341219594044,-17.8563993073226,0
-7.45500859900859,-13.0433124980595,0
9.82155531761545,20.6867246393342,0
10.0034683232082,6.30854819922257,1
-11.956611108834,-3.977656701214,1
34.7061292513806,-12.0385396547309,0
-12.6658000954723,5.25899550996314,1
12.9991784632836,15.755682696561,0
-36.010803433892,17.5145590562804,0
27.4947559860854,4.4769252054614,0
-12.5268231053638,7.19806879205839,1
31.9252678181035,-2.41098538569403,0
-19.297947606455,-15.6061900649555,0
-32.0979600963174,3.49225282475525,0
-16.4582400536418,21.6230123869893,0
-14.976441608239,-6.03480103346115,1
9.28399674218124,1.05824147358902,1
6.21556871126268,-6.53515457480516,1
14.6161117840832,-21.4038928852142,0
-27.0893412168877,-2.95744312520157,0
-11.5516579411791,-11.095730884829,0
9.37787231915745,7.06544700574242,1
27.2822523893098,-4.44813791057591,0
-2.16082565236959,18.1850011050233,0
14.4946916173139,-3.85990511858826,0
-30.8743292641109,-3.54887571818442,0
-33.6225707444402,-15.5297737578369,0
24.715320832512,-0.0233379504336,0
-31.099942363174,-5.02993816095273,0
-22.3152411201785,-8.70491202721704,1
22.2862414937073,12.2142366105259,0
13.8115980043224,-16.514905105468,1
-2.28071554615643,1.70046798009919,1
30.2304158265548,15.4780544564569,0
-6.9517293198865,-5.69160824527719,0
12.0496791008063,-6.49549187131463,1
34.8398770376867,20.4680540377867,0
-15.0616520736482,-8.33520302040951,0
17.089040068072,-12.144957940229,1
19.1445725421784,19.3158187293604,0
-23.8920607672582,7.14483630085269,1
5.19687133655808,-4.1429777836202,1
-33.3554447849146,-4.18812538968871,0
13.9294006928178,-0.458750170892042,1
12.8231685679328,-7.39051474508285,1
-27.8008190965566,20.2640103267207,0
29.8753502447081,16.5842850552132,0
-25.1055086644315,0.18350332685916,1
3.35235679676336,-17.2830326212949,0
-35.3693390074618,3.00812291260812,0
23.9068726124112,-5.23070582061785,0
7.22778740511688,4.41296688441441,1
-7.15917166582016,-19.7376269057795,0
10.946675941815,8.69600016205109,1
-10.1579243530545,12.1093768615356,1
37.9977450957745,13.9814378623243,0
15.6594373309851,17.0729530665034,0
-23.043076751636,7.96610722761609,1
25.0475586920468,17.683242602339,0
-15.0108716540827,16.0000418608019,0
1.74934279187872,6.56588500176899,1
9.48971041495752,-4.29382882449187,1
-37.638910413237,1.49138441669503,0
20.9281580237797,-20.446454375793,0
-21.8579273395249,-16.6462503234108,0
-22.497630006075,2.95564412619666,1
22.4049629677969,21.5528381784324,0
-17.4875668304137,-6.2123520120403,1
25.1401324475421,18.5067757773879,0
37.7918664895699,-1.46045116937449,0
-7.95141198352365,-2.1295843435495,1
30.3728419390034,20.1452753119155,0
2.34409780434093,5.60984749542397,1
-31.7489522027145,15.6118750854167,0
-6.19024556370071,-7.28737004088127,0
-36.5632775551714,2.02281028269912,0
30.5156183660242,5.45155720029058,0
-9.50312130996573,13.8997030524875,0
-37.0998920258604,-3.21589068757733,0
0.0873984805901244,-19.9964393541239,0
-4.30283665519842,12.8893340129572,0
26.7857295266862,12.4870359537344,0
0.0655749583048859,7.88212946958257,0
-29.4731426858536,19.8290406878463,0
22.1465002566284,-4.65651881831239,0
33.0468428776664,-16.3879582669159,0
27.0474641853349,6.73445275725338,1
-26.2194977745121,17.2126963811042,0
-31.8211558769693,-14.9109893479057,1
9.74792842948049,1.40120761651843,1
-30.6312875197043,-1.55806229099793,0
-35.4591129766783,-9.79057085135258,0
-13.4056363877295,13.3967590096961,1
11.0238815575456,-3.34382582017034,0
6.40498313290901,-18.9334893153651,0
13.0854509189087,-15.5916169233688,1
22.2443503452244,1.05994622608737,0
-9.10523387867649,-9.41961334910902,0
-31.9737080168769,-2.1886953266723,0
-5.00141937344159,12.8750899836,0
21.6960122046064,14.3246852861416,0
-14.8289885446637,3.40105176192548,1
17.7864215524633,12.4100061813326,0
-30.3850145105294,-6.35345373277145,0
-24.8697018915447,-20.559482461313,0
32.3087826728534,15.6963142605931,0
21.9201094577282,-7.05507681624314,0
21.1907942066449,-4.58683392104528,0
28.6752755147303,11.9564608079079,0
31.1387910997591,19.5709978222938,0
32.7093362339822,-16.4662147163105,0
-7.29556531685198,7.03606524337423,1
-16.0246431692751,-18.6418736089566,0
20.4219085065643,-3.04097605020848,1
33.7349103786842,19.4633357839656,0
-16.7658535033929,4.55701392887731,1
-9.79408654447763,-19.2571803624981,0
-17.235692249852,-10.5275165193002,0
-2.01101943421778,9.01644047841488,0
35.001359441048,19.7551196555261,0
-30.2664853909579,-7.68607658755988,0
3.0889953495318,-3.77421797124365,1
-14.6276465658039,7.9348669285964,1
-26.4745395289982,-21.67993407101,0
-5.88068951557657,-2.88705361398376,1
-13.3599281600838,4.67450350863661,1
4.28692102756627,17.1182656594287,0
-23.9825499967667,3.91027366863115,1
-21.6673681446346,11.0387222983706,1
4.95988223508806,-3.87507959831827,1
31.0571670536587,16.2252551251369,0
