x,y,Sortida
23.9190001658816,-9.4254503511459,0
30.8401872177471,18.9749582932837,0
-28.3490019616935,13.1934759939813,0
31.4165650665655,-7.43271161612165,0
10.0593027131311,10.4464584379392,1
-30.5869292200449,2.96735489068375,0
-16.8341353661043,-21.2931986454371,0
3.56299545957877,-3.27735958274154,1
34.7705194930066,-20.7073488591566,0
35.331528675145,12.5037730729265,0
-26.0214057925063,21.1558528880029,0
35.7650514138068,8.35754448081059,0
34.7446880664639,12.3061566337919,0
-1.11145069706406,4.31105444395506,1
22.8213156355488,-9.47718368466304,0
-27.2166382643316,10.8352119502988,0
-5.9461425204031,8.53046689970654,1
31.5958999143691,-2.52898150941509,0
22.2077570465261,-3.55835444144808,1
34.9214244058606,-15.3660594815297,0
11.8362931359006,1.77284909815294,1
-35.2859124283616,-13.3601482800701,0
26.5338272460271,10.9640375502382,0
32.9834868295738,9.48905089042574,0
13.5838717691908,8.99786991191194,1
19.5882499239533,10.3966435379283,0
18.4780675774936,6.89423437190516,1
-8.19074651540322,17.2082304629439,0
11.8163196534943,-0.392501563872223,1
-24.9898117263213,-6.96180285711299,1
15.6595026894903,20.3591844534699,0
-35.580703675316,-16.5024498773765,0
-16.9538531429724,-12.8210605200407,0
-34.4909743120323,-15.1813124697822,0
-30.6179846260756,13.5346140853949,0
24.5827949528742,-19.0358707368549,0
14.8069753461621,-0.41346018095858,1
-13.9004395153746,4.33039972193303,1
34.216875711715,-5.93911237763629,0
-35.3820978817789,8.29659208701721,0
-4.65542866611374,15.703914393657,0
-9.00155726093136,17.628092605887,0
20.1792758993242,19.8658038984886,0
22.4351924864168,17.6020602552938,0
-23.7976820538672,-21.7123752294923,0
-0.77790592009444,-20.1549830576074,0
-4.13544874597164,16.3192558025614,0
11.1197887684561,-2.44637440624063,1
15.9117271452135,-2.52821656958604,1
19.3561878306594,-7.45366068245225,0
-17.022094148108,19.3456166723568,0
13.6574034408793,9.3650155416266,1
11.7874483020119,19.311908935392,0
-25.6415081252081,1.36206137555514,1
-28.9561762015634,-21.040668801698,0
-0.124332049357136,14.0972075720865,0
34.9405408472222,-9.35017345792537,0
-12.1306847733739,16.1647053096004,0
6.48034907446308,15.8492757384279,0
-20.9902925986736,2.22782421495509,1
19.0962965072296,-1.88150607770674,1
-18.6127712250955,15.4010750743234,0
0.452735926550822,-6.69775250828523,1
15.1298309219081,-11.5077160754191,1
29.7086471927207,-19.7587364364731,0
34.9061483156138,-16.0618260775484,0
3.58838027724903,3.43786853789308,1
-27.4645423450204,17.7922550874379,0
-26.6536555775116,11.9313203641962,0
-18.429372686596,8.98229700256121,1
25.8945114547584,-3.41391347198481,0
-18.6745543981636,20.1456883962049,0
23.88564678123,11.2459267409706,0
-19.4921023769008,-5.89584693457936,1
32.6240353622293,2.22702225597911,0
-11.4012337851545,-12.257104452771,0
-23.0587609672282,-10.7384291024016,1
-18.9176267938216,10.3511513195712,1
8.81939538714457,-8.11601021945701,1
-2.03004748339258,-3.41416656965854,1
-11.2738774632122,10.9314467253473,1
25.1429757201181,-6.46408252395354,0
6.48007092760704,-2.35582478364388,1
3.77899423012661,-20.506856826744,0
31.7067184510656,10.0326358359128,0
-16.2762345696516,5.34053773485226,1
19.5472174124148,-16.4650332286133,0
19.2834111651656,-12.5199393821313,0
-9.08611562987289,-8.43140015274565,0
5.15444469511681,-20.6381159880127,0
-32.2350739932072,-13.1359759372803,0
-33.8997909813379,-19.0330892581185,0
2.34061402868193,-21.9933010186752,0
21.2167094877529,6.0028958017717,1
32.9848120014179,13.3211734222793,0
-28.1271281559965,-4.64912511007039,0
5.23059822628665,-10.4396225928574,1
-2.32631127957636,-9.51155234682299,1
-37.0954427179057,9.40035020494328,0
-12.378679025685,-13.457633703915,0
-25.6741445773136,3.52353931213869,1
22.3656250919769,-11.111211892027,0
-14.3476568045948,19.1798990935876,0
2.16851829847216,2.84050040487706,1
-25.4106965580166,16.7028000084697,0
7.75062754652438,21.6777500909757,0
-18.014182374949,19.6351282773273,0
11.7100114842355,-0.95144351940349,1
14.3803022386406,-16.5002534287649,1
18.8595210546019,-19.1771366342998,0
-3.75883851381017,-4.98674525655207,1
-31.6295752722331,2.56281041630663,0
-20.5977503775218,18.5868858930306,0
31.4136394741269,19.1095723022538,0
-26.4192705583391,14.291725280908,0
24.7620902892056,-13.9223864974092,0
2.91402507976434,-4.70324388826403,1
37.7062384636433,18.1624144701383,0
-32.058659814758,1.50349286506376,0
-4.35645149706608,-2.13568965346147,1
-29.8943894662756,-9.4337525272114,0
35.1042541449841,5.40206028740765,0
-37.6477989658109,-14.0020105996307,0
20.8931953180742,18.794420849823,0
24.1150447696609,9.41483954155509,0
28.0207976076267,14.6241818724101,0
-31.5828757411708,-0.154765499298559,0
-7.61651866848387,20.381542957505,0
-18.2498493833503,15.1058248028637,0
22.8052044970474,-16.9885075167245,0
-5.21254911277061,19.1918879050494,0
31.2092171766437,8.28803115895857,1
-24.1796258489832,-8.48708118327772,1
-17.9509783443288,15.8688003079426,0
-26.9390374907615,19.7321737562574,0
-27.6587895381416,8.00101405529949,0
28.0662077806468,2.78058452538066,0
6.05754863978333,-15.4011400793759,0
3.78937533956123,21.3932515921241,0
-26.9834353349968,13.8610498417673,0
26.8303649468639,18.1376789928325,0
9.27618999286501,8.09449968356692,1
-11.3276190521874,-8.66664521701372,0
1.00696502989605,10.1990864290108,0
-7.46258943485243,-9.84674448594649,0
-32.226531431496,5.0705038623902,0
-19.766372329922,-9.02650672655796,1
-28.6277609525274,0.804120701449762,0
-24.0230080905363,10.5126464831339,1
-19.7636080494674,10.7369277681236,1
-6.28770274958792,-4.24778454858453,0
-34.2262632952436,-14.9191494813831,0
30.6064243535614,-21.0143574427894,0
33.8038264188451,-17.3413430616706,0
-0.694328972425922,19.0079571785077,0
-0.816799481598565,5.08417607937975,1
-12.3333248535753,5.86449636421265,1
30.4040923277423,-21.7057653097123,0
-9.93724463486366,-12.5459101823192,0
-29.5485905976722,-18.4358580819351,0
21.2991571924065,-14.8955477325429,0
-8.37984839094474,-17.9606432157264,0
-19.6314622705487,-16.0981347525442,0
-7.30267693530328,-18.8409682790375,0
-30.6694560872025,-10.1707174391441,0
-27.9700297619185,-20.2370649722856,0
33.5958448989369,10.7395245406604,0
34.666225057465,19.5726579767684,0
5.71585322596339,-12.2601363438143,1
-33.4567547360162,4.42487627161489,0
-20.1567265836971,-2.81189727942258,1
-11.1599485871226,-14.3633358153736,0
24.4107470550449,-13.4246647544157,0
-36.8293387384818,-13.6786832013639,0
-34.7301910740066,18.9152328164368,0
-25.1567577608345,-0.416072722486682,1
11.3327760966904,13.0382742330283,0
17.6109013100589,-13.8688389568914,0
11.2286931983593,-11.9774813333551,1
-3.72979831124819,15.3915684250561,0
3.57267581376222,-0.251368899429796,1
-15.4796187738092,21.3725017344399,0
18.5966533376359,-14.4220288060085,0
-23.6394188575266,19.8045347985383,0
14.1949329357639,-5.17725593781665,0
-24.0531521639675,-2.30413220679845,1
-9.99517066673443,-6.16478249613791,0
9.54701061545646,-15.6434514789233,1
21.2972850715046,13.9321123127628,0
-31.8344415662003,-14.0046944409902,0
32.6333337936235,14.6508028738876,0
20.9541635742386,-4.12299170950955,0
-1.0038359373589,-3.45616441218631,1
-4.87474726785015,1.46318402905527,1
-4.04443504333472,-3.06603102707885,1
-14.7174401267416,-21.893462473556,0
0.646657808965649,7.2450141024545,0
0.818638877080332,-10.7013313370225,1
24.1397058324919,4.04462860525593,0
22.4071876831424,-6.25461664466346,0
10.9681778947206,2.11436190246037,1
-9.2256869178196,12.3502971339415,0
23.6801148294683,2.59073491983373,0
2.49474474875857,-8.72553709916715,1
-11.3447401281569,-1.73294772198967,1
33.3641187119914,18.5204060670862,0
28.5716536734668,16.9919655489234,0
3.81188206028008,16.6968478415375,0
9.30810653609329,20.695096045416,0
6.61539754438768,11.101427810632,0
-22.2115857522898,-21.3160952259488,0
-15.1052788987587,21.6630444814385,0
-2.20982551266311,-1.94642070739311,1
-20.4828998239216,0.901923216925493,1
26.1674682448496,-18.0887069627962,0
-23.1979139929043,12.5446014299281,1
-20.8299446460977,9.57852855479783,1
-25.0261884167627,1.99766914931582,1
-20.6975133659419,10.7419702634582,1
-4.88690000810367,8.2422249123213,1
-14.3562262145686,4.89691623925208,1
32.1768527998465,-18.3769730422172,0
-5.30423825895162,-5.41189195996438,0
-23.9539596705657,-4.18133546179249,1
30.7709536196719,8.24463194896409,1
36.4608767550625,-4.17935395945627,0
-4.64588204241615,2.3965337023173,1
-29.5549390185145,5.2036811174438,0
-18.3870831106829,-3.63168279772557,1
-6.93729169544604,15.1746653047941,0
7.21210162465469,2.26643637859655,1
-18.0719071686557,13.778590131893,0
7.8160747930383,-8.12261992800281,1
16.0523993129599,15.8119727971522,0
-21.1472482146898,-12.4359376932825,0
-29.0762585349588,-16.9243504957514,0
-15.4526336354072,-18.2216536690615,0
-13.7728490536329,-15.1961666088503,0
-5.76332626175065,13.2959228619501,0
0.597229634244982,20.4367783173378,0
-31.5007994211567,-13.3411459702665,0
-18.0513501629267,12.234181933067,1
22.8771113305001,-20.8347542262261,0
-35.7792589052769,-16.989329476997,0
32.5929146003314,-13.7886063300005,0
17.5051455770144,18.7178325482894,0
-0.865717990927983,2.18723722802797,1
5.96790463778136,-20.6283766739626,0
-19.9664479373644,16.5684392128666,0
-3.12748905832524,19.8093424397091,0
35.1947289858054,-0.756763207072538,0
3.55723462416157,-2.95233908755428,1
1.60632314110411,5.27153834598822,1
-20.3988266101522,-11.8687270432504,0
-0.843771462067309,8.82413304318049,0
9.4285667012004,21.1636701291705,0
13.6143011057968,-14.8053312895317,1
-7.94084360918693,5.75452277223362,1
-10.0748147106198,6.2388146838866,1
37.0866322402841,6.0071971149212,0
-35.131846165794,21.4374497740533,0
29.2727686233881,-4.97578558980345,0
31.4097989005822,-10.4841214213814,0
22.5099743924761,-1.85641997836499,0
-30.4978668221764,-16.9675333533068,0
-18.0977900258256,-6.24338635398607,1
-12.5128801628275,12.5553561742084,1
13.6593243046777,-8.57491758727731,1
-27.6219615609919,10.1496559760711,0
16.8132898922123,6.38342547366536,1
-29.8860985178496,14.9320848457196,0
11.6855584988105,0.906851579286716,1
-0.442780815415475,-5.21799727283316,1
21.2079309655769,5.24679098997751,1
16.3428179584527,4.6094495496097,1
30.68276260228,1.56440543406548,0
29.71011032914,10.124912450136,0
-12.6036079919503,-5.44221547731637,1
15.1046832574444,-16.6433572847426,1
-22.9664531718694,-5.85541798067994,1
-35.6788880808476,13.6743074666801,0
18.5496437879271,17.4989743862038,0
0.00170510485526876,-6.74457238824352,1
-1.52591727289941,-21.3002683645945,0
30.7588900931196,-20.7335327942747,0
8.34986528011444,15.3842600010941,0
8.94264560872256,19.3405972885918,0
27.3176152291121,11.5590538508526,0
23.2171962642561,20.4953165516906,0
5.83083518671607,-0.320426609511024,1
-24.0978923244665,2.41749882833781,1
-19.7651671967775,6.69843574307629,1
29.3749069137837,20.81767854645,0
-35.8207644127279,17.7641048069516,0
-0.767494473070983,-20.8980317298308,0
-25.2375369281485,3.27021295192622,1
36.3797293727281,10.0925330540976,0
16.1647798475975,-15.3265066301375,0
0.0358434357680721,-19.8227733253956,0
-2.19728353481261,1.53730212312089,1
-33.4689660639474,-20.2458067781911,0
13.8298647153288,-0.000891134566675333,1
-34.7752335499436,-12.7452853207958,0
-32.5701446903512,-1.05640773677939,0
1.64538802728556,6.77817246614112,0
-30.6485180406541,-19.8451971441601,0
24.1792900933315,15.7657872335107,0
24.1335789980258,-20.2616362539407,0
16.90540901988,6.18441226576015,1
-26.6102263716745,0.283119846192093,1
12.1299992210313,3.39310012721898,1
1.4132156308009,16.6784052061672,0
35.9460661620536,-13.8884483020115,0
11.3233534461391,-13.1358770966215,1
22.8251237267825,-16.1937400549521,0
-3.51137413675412,14.1770976421601,0
-5.13824571245691,10.3550920633212,0
24.7238484505555,17.3134529233761,0
-31.6562940707225,-14.9738652581308,0
-27.8790034218557,-3.41915292476215,0
-24.8224654029556,5.67194016186187,1
-8.2887270233961,4.25837768401259,1
25.1848604557693,-8.98746338320552,0
23.0556937617855,12.4090567925321,0
-33.4041903830881,-5.2020216920419,0
-7.65640943336825,21.3299324570155,0
2.04256311863049,-12.974368887054,0
-6.32324043726019,12.3090129779817,0
11.9213517140018,15.1808712785321,0
9.72597529844792,-1.70345434373039,1
-15.8092099229097,7.8815200863838,1
-5.19451106109726,13.0748147529182,0
-36.8229784516626,-11.6347083959303,0
36.7888430528157,11.0981076028301,0
-25.2952008464861,18.4827354018886,0
-29.9275577854215,21.7640895974929,0
-9.69685975577919,16.8503752114189,0
-22.9430014067339,0.149683833516111,1
-0.783739510782183,-21.7412708871174,0
-12.1985005823024,-21.3361990355071,0
34.3239153231072,-17.7787792146091,0
31.9452350275788,12.6262484308523,0
-33.9965481762598,2.35807409415885,0
18.0772152592917,9.65884198947587,0
-17.5469235937097,-11.9469468095128,0
-5.8644932593306,-21.4415565012723,0
3.6381884923282,-16.7101506175116,0
33.648010805047,5.85104288507099,0
-6.25144807193367,-21.3307248614981,0
36.7119874517091,19.3716952560913,0
-15.089423897883,21.9808952953193,0
15.2835054484704,-5.35838257008941,0
12.6417527204163,17.3890564767402,0
2.9736113432571,3.96220202941434,1
15.0560195337034,14.7424493924205,0
12.6561214185966,-0.77678067483599,1
-24.4619334655743,-19.3845940978426,0
-28.2709056212669,-1.74520403624607,0
37.9301100018634,-7.97673685952796,0
-24.9947989569112,18.0470597300607,0
-35.5223376396799,17.5058900780778,0
4.65118424593417,6.65139589897068,1
29.0218540343376,-11.1736626022568,0
12.8573231446139,-11.7029200680645,1
-23.5270716943235,2.13113977182788,1
-9.96234249914399,-4.715772202351,1
-2.98482876820872,11.2109704708133,0
36.604484273777,-4.72679899503664,0
-26.1132236307812,-10.3214963234777,1
27.0197332442893,-6.73678609945366,0
11.0021048021267,19.1075563022921,0
-9.4033120188088,-5.55045830753181,0
-23.489799162041,-0.768835832522239,1
-5.45277253356667,-11.5185574151085,0
-1.36632336157892,1.37495860053543,1
-28.8335173894157,-12.7546432682501,1
6.80256883682448,-9.01088924022349,1
-20.8097363387966,1.40738189779656,1
-8.76894654792478,0.333709239319166,1
6.30696508882322,-0.0386976930099543,1
-18.8627346921042,18.1058908079622,0
-15.9265095149496,10.1351099378908,1
8.89890721388497,17.5873359630178,0
-17.8386508544378,13.4166925349726,0
24.6525962683515,-2.29089509378159,0
36.6824183788682,-11.6597475476362,0
17.4989082123374,-19.0465561527824,0
-11.8653476872613,-9.49525457117956,0
6.38926932916235,-3.00353117216915,1
-29.8095548414755,-1.97452892808187,0
30.8794194493797,21.0914826465373,0
28.8536830606248,18.7838483854246,0
24.1498025121688,4.29324451948485,1
-18.1846720717847,3.68191366783882,1
7.17107505048914,-17.0248295205455,0
-36.2890429517424,-4.43521293578893,0
-5.68029166372575,19.4866873300197,0
-14.2333646016332,-12.5697149217916,0
-25.727159432307,-14.5000952001767,0
-24.41376980682,-6.73707653859432,1
-5.86068762839358,5.28832744444947,1
-30.8385702445322,-2.82764745672391,0
7.48779882551233,-3.70356488309384,1
-2.20975651676662,-9.45136421123837,1
14.8921478109222,17.823937717474,0
15.1914765945502,8.0422251027663,1
10.5283376286597,-17.4124253103578,1
-35.4461084589514,-18.3269461489677,0
-32.7707364670281,-21.4106645264798,0
-13.7104201262823,18.4255093727422,0
2.34568533275361,-5.8267912505783,1
11.737873789537,-3.43090070397204,0
-7.0209410248724,3.33122135009406,1
24.3185729314275,-13.8149855887339,0
16.5952796836472,-21.0220402762507,0
35.6173490975631,6.95202459490402,0
2.38137689899126,-1.81942817687607,1
-13.2889281816374,-13.2004922666446,0
-29.9721805469943,-13.3531408353278,1
8.43285806471125,8.51726144104426,1
21.188970378631,10.8863546210737,0
-5.81757815883189,1.90670851881449,1
-31.0974302801546,1.13767658097603,0
-17.7481667007905,-4.10456567821991,1
-26.3220894630607,2.50678185725469,1
-16.6435970074258,10.1477595637246,1
-4.55352943586922,-9.08547887361628,0
2.06284837380957,12.5204252726277,0
-3.23574820773678,-18.6639693093929,0
28.528241493918,-1.24605961747555,0
1.37196023544391,-4.4371311344832,1
33.7153194656775,18.0889155925345,0
10.4658914534852,-3.1670210384633,0
34.7847394279603,19.5837021452303,0
-19.7062653035078,-4.20071149300087,1
13.3852950936451,-11.3301467409907,1
-16.0310925527398,16.3952453059937,1
13.0574205714803,-0.264515055733781,1
14.830677965932,-3.36275066685664,0
-32.8325495962792,2.30412428481904,0
-18.6359480986276,-11.0629645540602,0
-20.9729576573594,-10.6850085056467,0
12.7552872530425,-12.7716412888519,1
26.1738038960675,3.54742646973589,0
-11.8208567411208,14.746638374829,0
21.3194936075832,15.5170398850201,0
13.325236996772,6.33147166479684,1
-37.4896361117957,21.3403416762048,0
7.76495705621644,21.075205099505,0
-8.60538921640517,8.03555083422393,1
31.6153345539883,12.5610208667677,0
-37.9125196581878,-6.65289222603438,0
-2.85386389758303,12.3426465025571,0
-5.74947297403148,-19.9585171146973,0
-2.97035618179873,-6.47536385167537,1
20.5321393742543,-6.29209570105321,0
-13.4921426538048,-16.2916583088094,0
21.6401864018164,21.2188362330562,0
-2.17685631799352,-3.70683087416183,1
-35.282032271547,-4.11464830303365,0
-24.6335444080517,12.4383921724054,1
16.8536105377238,-2.93902064716901,1
-2.01506453463566,3.35623787770959,1
-26.3931887666944,6.62060661174737,1
-12.0745298642677,-20.5475252611218,0
8.16158024639441,-4.22348578506762,1
-23.4273605849034,20.1935464326179,0
18.1204398382476,4.20287072517196,1
-19.5434305278191,19.0554516771,0
31.7242499957531,19.2297952794383,0
-17.5513194118626,11.2525218125261,1
20.1780012632293,1.71222415742469,0
-23.6616897638467,14.2688185900073,1
-16.150138846974,-21.5271387410554,0
-31.0753767598233,10.8468342962892,0
5.79191293038853,-17.4664700550749,0
13.9356064903936,-19.8699255081251,0
3.54107670886453,-13.829590772055,0
-5.64460801778972,-1.19505277784799,1
10.9776513887816,-21.5760325383014,0
11.218939893124,15.7599414501808,0
13.6052733110834,-1.16646084349621,1
10.3197899990704,-15.4028709890854,1
33.8332325963145,-11.1999955921109,0
-22.1209458956223,-19.5011896871897,0
15.9054094060014,-12.9692288985578,1
-20.0464761484715,-1.51847787567164,1
-28.9258851674048,-1.71709216040175,0
8.15509949210823,-6.55353271822743,1
-3.78953503059191,-2.59587803535101,1
-3.13686248268604,-7.50609050055855,1
12.3078011448295,3.17227973318189,1
20.5416991250782,21.663544947319,0
-11.383430978476,9.58543628793826,1
12.3127294752942,-6.11619582224656,1
-6.37194716229547,3.20005536781459,1
25.9866156045395,-5.26527688580956,0
25.3016782497164,-5.62833629801219,0
-18.5104845905848,-3.33191566051465,1
8.62301599777852,10.6975831786619,1
6.25093650406926,-6.15645861686906,1
3.09618962145514,5.56552711439427,1
28.1155184592086,15.5262667117386,0
-17.8767939878521,-16.7189109491603,0
-13.8263702634395,-14.3289229149666,0
-28.9396948798815,19.8276230853744,0
33.427039746214,21.0100648764432,0
11.0619424979118,-10.9117854991197,1
-1.56079490388453,-9.4766994811257,1
10.5880890390482,14.8845981784355,0
3.39842440003397,13.2924325884526,0
11.1956725022777,-5.72170168796016,1
3.33533098397257,-6.03631684047114,1
16.7995431640657,-10.0433836637798,1
1.70964323905976,-10.5833504999192,1
37.5215514331848,21.7533525650448,0
-21.3805759376278,-19.9644138531637,0
-29.9593312329827,7.75865740149161,0
-29.6629926962372,0.0741244985565963,0
-33.167055805892,-17.0153278009125,0
-7.25192031482044,-1.70215491561437,1
-3.92365868294635,9.61974238418086,0
-10.197970560299,20.2665235068561,0
20.0263527045098,1.2716047154253,0
9.72012485067683,19.15833475632,0
20.6705093021226,21.5418256555985,0
32.8968713411903,-1.50850153267966,0
35.9283049042291,-5.99295560548466,0
-23.4058454434891,-18.0252222462518,0
-27.4455605849842,15.1449653393621,0
14.9162416183076,-3.79693318485653,0
-30.8696779651102,11.3237716382118,0
1.93073469330952,2.37746923562695,1
2.30616059785762,-1.04542814116424,1
27.4466256658933,-10.2700196070577,0
-1.15114665004025,-16.0477911858821,0
-8.09731654763975,-18.5811655734149,0
13.028766615226,15.2501117164805,0
18.3356037025197,-7.17010942232154,0
1.5239875216694,7.65572757674401,0
-11.5738369829081,-17.4049588802961,0
-26.6002087087921,3.84409833158175,1
6.54299710959111,-16.9486714497194,0
-18.0769558526866,-11.0288047264853,0
-34.6214889868539,-3.77640034276004,0
19.3749283095696,9.48053660644085,0
-19.5483128056069,16.265505542581,0
-4.37742421185231,13.8788278090261,0
14.2725024691281,-11.7722340249813,1
-10.6986560094586,-6.76124978746499,0
17.9618456468913,20.2669440162048,0
-8.002231878814,-8.74223680589735,0
13.9396058895664,-15.2153640582234,1
15.5076047054042,10.755205514822,0
-4.38478858286382,-9.55262795460937,0
-36.5121006099478,-7.53106489931903,0
-12.8548011037306,-21.9413964297323,0
-5.75247824068155,2.81219411910463,1
-17.459447819163,-2.45811867521802,1
-23.0239113447454,-14.900029202271,0
24.4508100570595,8.95233121537364,0
-5.32597288687175,1.93736761203677,1
29.4705925234829,-10.7967322740689,0
-8.27009234495159,-4.70312276175734,0
20.4526934415105,-11.2367601125274,0
-7.84384470696514,3.63831550939122,1
23.4470712874382,-19.6792871944597,0
19.3858595245383,4.50087768445773,1
-9.31793859253218,-20.2412844058214,0
-21.582562386934,15.9460479704719,0
22.0709485654854,-6.90316610349847,0
34.1470973005846,-17.0617274584671,0
-13.1050270102844,4.11076949077472,1
13.0160921543322,5.72337671955934,1
-4.66298132339137,12.3807388593621,0
25.3460452647621,10.4066216744876,0
20.4329231846507,12.830274582106,0
-25.2887305424012,6.54329885398875,1
27.5105163813575,18.1239660984214,0
37.2302836759943,4.66734813826199,0
1.09618269443354,10.4036060654939,0
29.2053577576486,9.38306711098449,0
6.68998020344581,8.35943651453461,1
-26.2388215021406,18.4742743418089,0
-22.8104254628336,20.6600210363919,0
-7.07143237744308,-7.52725286626828,0
18.9016345843925,-17.8281076573322,0
24.7443699997478,13.4874398687783,0
22.0371902757843,8.04033128014212,0
-13.7921573496766,-14.3771331023485,0
2.5888736801752,-0.835562289859986,1
-31.1637484134358,19.33089383316,0
-29.5103634413165,-15.9248164615557,0
-27.6417662806893,7.02477471135266,0
13.5775751648143,-13.4622728165746,1
-0.366546549185792,5.5652950059712,0
-23.5820091426639,5.31234293682617,1
-0.379557300743215,-2.59700397921346,1
-26.7817751297717,6.99368267117849,1
-33.8219648351297,-2.32530254347812,0
26.6541632459646,15.4705935562229,0
4.60252407897124,9.12230736570591,1
32.6502738735064,-3.14397198547726,0
14.9467072421973,5.28866832470473,1
6.29211335336385,6.21246165216461,1
23.970188072284,17.0610050159968,0
28.8050567493855,21.7185966305252,0
37.1572828220488,10.0475673307156,0
-37.9602994728722,0.256202179291357,0
27.7733329169899,-19.8471249894279,0
8.5550516807839,-17.2383799799036,0
37.2362156338711,15.7650379097094,0
2.10368526972162,18.3015573808395,0
-1.55622272402337,7.553033089779,0
22.9024180196684,-1.65723479578898,0
-20.6839368863408,20.301148096105,0
-0.144833869074382,-18.4836413222147,0
30.4647891284324,-5.01980695157838,0
5.67425265389426,-21.2768067584209,0
26.2335420641068,4.04391459963853,0
18.1366621916505,3.00239747842262,1
6.53501472281216,-21.4600896137225,0
-19.2481760250659,3.95143363765559,1
12.6476325162796,-6.15047259694636,1
-31.6553061662007,-20.8808744854717,0
9.57294367304033,21.0575094944812,0
12.231786403998,-16.1834604540745,1
17.4611410041088,2.22536885748244,1
29.6971608407245,15.9912758481488,0
36.6550449391541,8.0317903080709,0
20.4462104855281,-20.4613553394956,0
6.18993307853023,-2.63129344921679,1
32.5517927358783,-2.64760643054583,0
6.08686779764157,11.7089157536824,0
-36.7092966863681,21.9929285836188,0
-28.8146725965096,-10.6714965133044,0
27.5660146211749,16.9758301180063,0
-1.19346514788021,-19.8122508745084,0
26.209031267796,-7.40714610636531,0
-22.085213614409,10.1003621238353,1
3.9741419569469,-0.0571219537252574,1
9.87113726489601,2.05302217110022,1
-35.5686828020449,-12.1158681012374,0
8.71821985290268,-16.5888506779931,1
-10.456728867248,-0.65067242883746,1
-34.2355239928034,16.4578608343487,0
-0.79268082252355,6.22271103086114,0
-23.3692098992823,-2.27756035189931,1
-28.6456351865082,-15.965674835133,0
-22.3824430110163,-15.7889924435175,0
-26.8648667932684,21.2342146591468,0
-23.6305147400813,20.7629074083248,0
-34.7584167707531,-3.12872790854178,0
10.275041681351,11.2656944427316,0
-16.5781189530873,2.57798857767769,1
2.93334753144587,11.2927933384127,0
14.8323909977692,20.9404840969739,0
-0.0671829753231989,-20.1575418479272,0
2.72088023708461,-6.55584602390546,1
-4.16607943750078,-1.0274896423171,1
-28.5811469025467,-14.3028454187939,0
-0.732845696430623,-6.34020008916481,1
26.827859805902,17.0926565363781,0
28.4184828454917,-18.9572658356415,0
-17.457630745755,-17.919112889115,0
-22.1569367349002,-12.9446160285413,0
4.93844737610329,5.06875511003562,1
10.6636987123696,-9.96898977721428,1
-6.30579967514066,10.9025563812667,0
-22.3458608195495,-8.54804146609312,1
34.0429172182808,11.6795518764557,0
-31.7625882605728,-10.8730278192171,0
-29.9660835797892,7.52470291785739,0
-27.2048747352961,-16.1957792618544,0
-25.349006493392,19.4677294907549,0
9.19285693908343,-2.43833994783328,1
5.60194212793106,-6.24820508593294,1
-34.0420803382739,-14.5287578459648,0
32.771305230227,-0.0407411269316746,0
17.3782878075486,-2.10468718332635,1
18.0759656886169,-19.0864968718561,0
-33.1812579473458,17.0667936841689,0
27.3934827909056,17.9425015396592,0
33.0147890410522,12.4367904543996,0
36.8142717303138,-1.23448339463263,0
27.2793500679738,13.0302613650425,0
21.7024831841423,16.5284850920319,0
1.01668381265569,7.57906873551071,0
-24.5022130015543,-18.90315962953,0
-7.70719824807593,-16.5232361727985,0
-27.8212249249142,-3.28388793262752,0
-35.6523942953837,12.4372938239951,0
33.3747696612856,3.92244798960055,0
-15.1007390914342,-1.22602011899096,1
-15.5394285798729,-20.5133072622683,0
-12.6968425804507,-14.0767644324681,0
-2.50281778580722,19.0000649867165,0
11.2630788914279,3.99361640490027,1
-36.0826582065292,0.278762325619969,0
26.0077025438694,-12.3886903048068,0
4.48647341914082,19.8902455813631,0
26.9115961447817,-6.06058138985122,0
-11.5611812311282,-1.82394279306054,1
-4.10197474781219,14.555646071189,0
-33.8777991824741,12.7892612889294,0
-24.5398274320277,-2.5949997358374,1
12.3734127090341,5.4574869263996,1
-12.8569963645489,20.0423632779827,0
30.2849464754068,7.19306097264178,0
-29.02020491805,-10.2743984919684,0
37.1197625876585,9.8188129694671,0
3.03863952688262,2.68742699915603,1
15.72572386853,20.8111493635582,0
37.9613631274256,-8.76160363447415,0
-16.1234497940496,-0.131098075356547,1
-6.49628704412376,-9.50601922960742,0
-2.67216443648957,-18.7348477892096,0
20.0607379653887,-17.09852375623,0
24.183506956983,-18.6864948172943,0
-30.3831629451426,21.832449214649,0
-24.4631115046058,4.38229791747898,1
-10.6677465753619,12.7145925888279,0
-33.6904436308099,15.8958201429247,0
1.66331119825723,14.3910037164405,0
-12.4754779245537,19.224644205264,0
-24.6491537446498,-20.4224477336559,0
-22.1200527765217,-15.8527253795426,0
30.7916704843393,9.91945155846376,0
13.3297294775548,16.372143437955,0
-2.3964168072962,-5.53945605280547,1
31.3220680422113,-12.4877492415461,0
-30.0951203167672,3.34444436361114,0
18.6615016013305,-20.871542776537,0
17.9563266253445,-20.0857833176249,0
4.70146832140444,19.0717684980102,0
-24.00124858882,-4.3273151562505,1
7.38806262567697,12.5365138007273,0
-15.204788753176,-11.3243429937166,0
-27.8066571050201,4.77587989830237,0
-21.8422834647279,17.3000920181943,0
30.0155673335019,5.69447389609939,0
-32.5695862281846,18.6624623394661,0
-19.5710215208093,21.8154011548462,0
-33.9146661921378,-15.3960456008432,0
-4.42912366310378,-20.9089364103747,0
-36.9904767644888,18.095620306256,0
30.1865426739915,-15.4881118270441,0
-23.05397745606,-18.0425054792775,0
-30.9038407266129,9.49051836265486,0
-14.6401156313181,-14.2993660162584,0
-3.33961731987564,-14.9722500322336,0
-30.2731260845186,-0.926985671317542,0
37.649619301787,19.7441926700895,0
-12.7609446576101,10.6070862241696,1
-15.401641992518,7.58267233375175,1
-33.2845631797079,-18.9048090981547,0
-15.3334581365299,-8.53135864522581,0
-34.4773038677383,19.2206544427149,0
0.412538826785422,15.7052281615435,0
19.8683673884486,17.1972847524343,0
9.96131994023311,3.89782442885499,1
-31.168234541017,-14.8462015879195,0
-31.8544558420962,-14.2540147284877,1
21.0702807777197,10.8927990452902,0
30.7902405609914,19.5925759029652,0
2.56666833429202,6.9511107161102,1
-29.7042798847732,1.92860698577252,0
24.7614731970255,4.29673588454242,0
-12.3045733710349,-11.6774727516318,0
-15.6580479699872,14.0697801809529,1
18.7198205054796,12.693803464702,0
-37.2144170059019,3.918622979759,0
-34.3180022167551,-2.80456976036614,0
12.7616252395954,2.18853482187232,1
7.86356677113848,-6.46937693883784,1
1.98378740046265,21.8148125152703,0
17.4579180649653,-5.94160159930674,0
15.751264883972,20.5116776267705,0
21.3846559367451,-20.9114015900804,0
-16.113749853323,12.2249210218644,1
14.6324309653754,-2.63198674853436,1
4.30690745726496,5.74199684524461,1
-7.86441976379896,-8.18291336708075,0
-33.3191093038987,18.5598725183407,0
21.2933403933292,-12.173716697147,0
-12.3436263320446,-5.52260403823875,1
8.19780895198388,-8.44164717557123,1
18.3353077621686,-20.3358111385907,0
-30.034193610014,4.6274656785129,0
-28.2804831364924,14.7780322518249,0
3.76504813315505,3.883098243797,1
-1.12256494754309,-6.00798900200453,1
29.6761516180173,-15.8450519207395,0
22.7209811897788,-16.8725162523511,0
17.8099223608937,21.1735670990552,0
-34.0987766554598,1.83446335733631,0
-32.4607172684778,-18.193564028705,0
-31.2719130647212,-10.7317659772856,0
22.6746656726604,-12.7698995232036,0
33.6686186073734,-8.15716864139298,0
13.9623835030352,17.7650702285009,0
-27.9616953657692,0.910637513596583,0
16.9270650139142,-14.8616155594623,0
-29.6131354711815,-15.6810628694161,0
-29.0705432364607,-19.181664678964,0
10.6945621454103,15.6044001794386,0
-13.010119678483,20.8760985661084,0
11.6897137172788,18.8771045564016,0
18.9339911958674,-3.98111026392554,0
6.32211559057059,17.6708936815334,0
18.2424569270711,-0.682121933578571,1
-20.1531544791593,-1.33435102955482,1
17.8567731689,-14.6155592490002,0
35.7654879065827,-18.3542271834944,0
27.8867021731456,5.85909522150024,0
-31.4461757303743,-8.31692763244404,0
-10.1508171597409,-1.48042247103265,1
-9.94089087091862,-12.7129454402405,0
14.0621639222823,-21.9363883356597,0
7.44356428917557,13.0948956610089,0
21.9916597167848,-5.80591325207738,0
-10.0583781987213,-21.3339468227598,0
-22.3418826776052,9.45905252468604,1
-31.4133423979395,-12.3825344685508,0
20.6669776995322,8.30355986350772,0
-22.3687363686783,-11.175682264279,0
-8.49135604036707,-10.2922663980983,0
3.93516842874929,-16.1888837539287,0
-20.5995528462444,-6.85474524094143,1
10.7874871503382,11.1931592866917,0
-1.17949169773829,17.1265004519236,0
-26.4597400911637,9.25920057250501,0
21.4268294606881,-11.1550988894187,0
-30.353919500456,-2.13886866621715,0
-15.6509586343442,18.973868068535,0
-19.959650502376,5.08937352887451,1
2.34629153412256,-10.635240858288,1
-31.0460964182047,5.76853965851877,0
-7.19602808907506,8.60341654343923,1
-30.0316852192025,-4.23896536396514,0
-29.466418876142,-13.4867982738229,1
21.6165196965374,-8.48873411261997,0
-15.8406558390733,8.48999858908411,1
7.8685413450674,5.73582088095438,1
35.2961227084085,-11.0077444910108,0
-5.13114045825257,-20.0894312197219,0
14.8011667909634,1.38386395905207,1
19.6155449219985,-14.2471362889419,0
-5.11918321282036,0.963689648814007,1
11.8178510250688,16.3364139704843,0
-29.6586161450481,4.99896434772475,0
32.9657484772853,-10.0569866554684,0
-23.7529787119518,15.5997428497019,0
-17.7704082430194,-15.0717538573403,0
22.6350997760814,-10.5855799222806,0
-0.942113067021801,7.50554114696865,0
20.4408280684741,-12.057874713858,0
-7.90348736344149,14.3425273002069,0
-17.2566516465995,-7.73976357812462,1
-35.1701678106551,-0.510990663651327,0
13.1704134722576,11.6038451482442,0
-5.35310109685917,10.4577221026368,0
-3.6678181472401,5.98514163356609,1
8.34914486605642,-11.0377986780413,1
-33.4853494387709,10.309940422488,0
-13.9983306862462,-7.06177393132189,0
20.726881945583,-8.67821511083208,0
14.9289071644632,-16.4057524847428,1
-28.4747542357023,-21.5538268560479,0
-28.1084897704038,18.6968661904075,0
-30.9812222573407,18.0402726075679,0
-37.4056576887305,-5.18549186236801,0
-5.84368672752335,8.8612508990679,1
11.8235612952815,7.58304488016276,1
16.9421118765938,-16.3823382730398,0
2.37190631226535,-13.1573623018656,0
-29.7298366912485,17.7243679163524,0
10.0142443881652,17.2407975650794,0
-28.386010234973,-5.38200366585531,0
-27.7929488721683,-10.9915123420324,1
-30.5068489539642,4.51886513017961,0
-27.2059291191734,5.51982400041398,0
-25.2129013146439,-21.1339528629295,0
-23.0850819084714,14.0682345057772,1
-13.8715370886429,0.789561138025391,1
-13.9513960648819,18.0151067434654,0
-21.4651884838656,-16.7805014350536,0
-18.9208197028041,19.6305578152668,0
29.8621028017343,18.7899719795572,0
15.4449650662781,-17.8285795066122,0
4.23608364667338,-3.72867487761517,1
-23.9830412504184,-7.79405806313777,1
-21.8856559675436,15.2351566124444,0
-32.1216425834366,19.7098140625149,0
31.4488312192472,10.0857054071059,0
15.7103565449667,8.08938789012202,1
4.39196147337059,6.22212384832893,1
-14.1793967648191,-8.10116557537833,0
-25.3685292194365,10.2144580332035,1
9.30979170527203,-15.0634699823545,1
37.0830398563896,11.4431104140468,0
-25.0471662476769,-17.9559642603847,0
-18.407788956527,20.5767756461093,0
-7.84325178388108,4.79451932724401,1
-32.3763975121527,17.3779073721184,0
13.9913010891127,-13.4575526481845,1
-7.4184867150917,21.4745494501297,0
36.6954753059403,-11.3821460907462,0
-7.43401712309117,-12.1694779461836,0
9.17106798716796,-4.3120905614723,1
-26.2678947835753,12.3598800820157,0
-9.01776446222013,14.925328569224,0
-25.7538181394486,-3.98200991948611,1
19.6165447808838,-4.29437656649093,0
28.2044452655696,11.9570014618136,0
-11.3409673886722,-11.0385138022369,0
14.1007138648128,16.0926068444084,0
-15.6447038336434,8.01618693967022,1
2.3278270931233,21.0052911379766,0
25.264177357674,-13.8369481560642,0
7.40925458231603,-12.4879585374219,1
-12.5163388664013,-8.23143823948637,0
-15.2588982266839,11.0885296599321,1
-3.60296684073137,-5.81958929815105,1
-5.87893035524485,4.59606415572225,1
-10.6699198341101,-5.12886477806808,1
4.43225919006658,2.22146448743832,1
18.4334477933474,-5.04053344454512,0
-5.75055644444751,7.27914146403378,1
-5.36896006820842,-21.3525768039611,0
-28.5096703372942,13.777476625435,0
-36.1430147801716,-6.60633710751505,0
-15.9459198500647,9.48268311165351,1
-13.8684356996588,20.1913273706592,0
11.6804501814521,0.32635331160375,1
34.727130229372,7.31140169178706,0
33.1155463316509,-3.10352088806341,0
-3.20063862706812,15.3779359170027,0
-19.7236418407616,6.78626860051508,1
20.0562437657724,0.187340894056486,1
19.7088811179633,-5.78529338064862,0
18.2892529383747,8.15097487685401,0
18.5203139530368,-17.6348693322667,0
-29.9500483283098,-19.9035391734628,0
13.798592715744,16.2507802590034,0
-2.79219602687734,6.68216409801108,1
-21.875596400625,4.86018285305893,1
-30.5125759357038,-3.43438896905518,0
24.5916600185157,0.163124498141922,0
-24.699259958962,-14.7777993714649,0
-25.5686868563405,-17.900426300942,0
12.6150284472444,8.15429403896573,1
29.9735925269224,-15.7224628841761,0
1.25842383469655,1.26331274383715,1
15.4053753282361,-21.8427979737319,0
-26.3271313769256,-3.29745719886085,0
34.4627373113548,-12.129000172238,0
3.10719017435221,7.03745382179341,1
13.6597762639955,0.136483440705508,1
-35.2212106283176,4.40251855154485,0
23.4994926983283,-13.192359010141,0
18.895034254991,-15.9543551761333,0
-28.8657866329819,-20.9532827400871,0
1.90343252195827,19.3398787217189,0
-13.2366442139931,8.60205824676181,1
3.5301574326332,2.38626005240272,1
-7.68506281887688,-9.00177127876117,0
-6.45290261740845,-20.1242031097499,0
-24.2639302206356,15.5654491667163,0
-18.5906077229081,4.25401243702246,1
-36.439281125978,-21.1848216957108,0
32.199346559151,19.0604023223451,0
11.6811915646272,-21.5693137322576,0
32.8786314756909,6.20204374363886,0
-25.5730599919081,12.7021568761627,0
32.003391447807,1.16612954616578,0
22.3939992895452,-9.18506963962571,0
5.8819589497053,5.64645579889405,1
-4.55729472222072,-3.2793784517224,1
-18.4213560098547,2.04029598399204,1
19.1479259339262,-13.6049283339788,0
-20.6211193599819,10.7575088284191,1
-33.1217813582157,-12.6343263517605,0
20.3170428190197,-17.5946119414034,0
13.0113660870967,17.4409393970906,0
16.3561511237238,14.1828269170604,0
10.7966229609728,16.8424850022092,0
-6.15232968450889,-18.1225310018647,0
-8.30208175248274,8.80825650059919,1
24.0266478185245,-14.5101341558856,0
-13.8754823621554,14.6539479263342,1
23.9050227404495,10.0345117277582,0
21.9695871353608,12.139292665983,0
26.7720556661323,11.5937910637627,0
0.42838293545347,-19.4876235147123,0
10.3102655534646,4.83329975122966,1
34.2679755687383,17.5327592197289,0
-4.25872421857041,0.709751878405442,1
-33.4385696967598,0.271547674966456,0
27.8729921719482,-10.752871517931,0
9.97034380444485,20.7505379381756,0
-11.0144024572075,3.56945258783312,1
37.7722486421052,20.6090022308129,0
-20.9629660772823,-20.1767115914805,0
11.5862815456147,-13.7003579080653,1
7.97928878502771,0.869442598993579,1
-8.56934720728174,6.1975724651653,1
-27.1937758939217,-7.00782180888396,0
-36.0897410860246,6.52651204513809,0
-5.99546871384166,-6.36072951596497,0
-24.0083780035091,15.4189210578206,0
17.1589203276784,1.88340597461373,1
-9.85243582484495,7.61552384827345,1
25.9585666475837,-10.7108065102114,0
17.8014565306918,-16.6611158248508,0
5.39796633465279,-20.213316382145,0
-24.559015620477,17.069497855937,0
34.761185717275,11.1402418965962,0
-17.8355252493381,13.2914841411557,0
32.2681480382097,-2.57815242752025,0
-20.9934492430249,-18.6924062284863,0
-9.60915061915898,-15.2138933193415,0
-31.3499734321795,-11.121257470663,0
10.6488576667503,-18.5140565784195,0
-24.2731165307638,15.5390207779033,0
-34.5761158320084,-15.0842183672052,0
16.9611844179152,5.13315808231415,1
-11.594738935784,1.25179755619343,1
12.2068786622207,-13.5863277723522,1
-8.82598631853017,11.4290334500051,0
9.67833418570349,5.05993072168655,1
-36.3546140880967,-15.3092013018084,0
31.2033191277502,-1.99595233824112,0
22.8424578771896,8.01229439159428,0
18.6844088100468,-9.62459865065999,1
23.7965738344178,5.49397731583964,1
-8.86871978445978,19.4361253944624,0
8.91322165605014,2.93934678608862,1
5.73760933741386,8.49708636062784,1
2.28392956214119,21.0578020855102,0
-17.0946985575329,17.5611646617039,0
-19.1041990656902,6.53311542467451,1
-3.67545344565007,21.2485158575783,0
-20.6938252219824,-14.7921414000883,0
23.1381683545933,0.430621718013295,0
36.9439223840937,5.60333090486856,0
-35.7206117795264,13.2000398786647,0
2.71047849071007,-3.61816021128073,1
-31.3821312875322,-19.5872849966736,0
22.9589494822411,0.842344520642083,0
37.1750131372258,-16.0805860297144,0
-32.912084361771,-5.85312487561826,0
33.3942755032246,8.6513190457509,0
-36.6185074436111,-16.2983249124487,0
13.971734644723,12.5773793194478,0
21.5639724863246,-19.7864051617605,0
2.59445515908735,13.8870828668304,0
29.2873182707668,16.1453099482115,0
30.3243723168666,-13.3365560392405,0
9.57125958211768,4.72532724957819,1
-27.5219565766456,21.8539090829929,0
-21.4470788778785,-20.1355295917564,0
-24.157278232327,-15.8917878623061,0
-34.8216903380555,-12.1900251399861,0
-29.8724339501843,3.65246103042831,0
8.84970486651207,7.52868542164709,1
33.4142367722411,9.82062334520178,0
-11.061364446483,0.195294571389699,1
-6.79218915547694,6.36373156457055,1
36.8105556908183,-20.3997490102541,0
33.86401836668,-13.4705196852617,0
13.424995560949,10.9800113325243,0
37.1109719358098,-8.44015146282476,0
20.2791854284612,10.9582946802866,0
-12.4108559062478,15.4896421394884,0
12.3410213903606,-17.628359039157,1
-19.4434382039388,4.30224074667042,1
-15.5414489367986,9.70649925363023,1
13.6935562135182,3.02340861308075,1
2.11635911182864,-11.6551559922464,1
-6.71889298102737,18.0679939619821,0
7.80050457076619,19.8272693121977,0
19.0395242502039,0.717872972071561,1
6.34852124390886,9.11187773131558,1
3.93623113513353,13.1469884893733,0
6.3513670255863,-13.2136678672779,1
0.898313916844117,-17.299017320213,0
-31.7229527480988,5.2172931058957,0
16.6873302493212,-21.0221466055787,0
37.7078644585621,-20.347270077714,0
-11.0553928232739,-16.9239786501271,0
35.8156699539388,14.022678579636,0
-11.6698941411727,-5.41643406466276,1
29.3773334937833,-11.917122266009,0
-3.443190260615,-5.80184382637642,1
-6.57952603441804,-14.3202213496612,0
-21.4523628048452,12.0903041086405,1
-28.4502513604404,-7.47865296842338,0
-14.522490888922,-8.10567384314778,0
17.1839368065272,9.88182362756519,0
21.4982775464134,3.73801927144896,1
14.7278587390042,12.2212430677554,0
-37.2550288280073,-6.17863894337219,0
26.0842136887987,-13.8717479156749,0
32.097231832517,3.24232075766115,0
20.5925207712183,-0.743838279149653,1
-34.7578509489363,-3.44841462002073,0
-9.25785358418337,-8.03769153521831,0
15.5298114607359,20.7931463165,0
17.4429914583532,-10.6382038031723,1
-20.9549426294969,2.95239558444305,1
-17.5518403852243,-6.50905619139675,1
13.150368540313,-8.27069720753518,1
-1.71059297275855,-21.5865054786748,0
9.40244736272563,7.39760964957573,1
-20.0301851192908,16.9702579418764,0
-24.5385946581279,-3.46202003524663,1
25.0528973130164,15.7775223203249,0
20.2860467630801,19.7116696344809,0
33.0203487569885,-5.45130190892946,0
-29.8004432135884,-13.0550970664471,1
-24.1507095743198,-14.1165422093784,0
-30.4687585358932,-8.52306033298676,0
-0.777951053818036,15.4137251693101,0
-23.3133548843658,1.1265113659686,1
30.0877596082352,14.4514590827293,0
-30.4691866241821,-17.2974358095478,0
-34.6434165460378,5.15424939482192,0
4.3544318411619,2.94036681692297,1
20.7096251062594,-10.5188090960945,0
-14.2925556302836,-21.8984431409507,0
-24.3973315721105,-9.36077723328814,1
-12.2393684531734,14.135883628098,0
-22.02893158469,17.3850778059405,0
0.771591502159019,21.8155480226741,0
30.8836885681563,-21.6287103204905,0
9.79821933757616,10.2451024913645,1
-30.2834244502643,-18.2768402105286,0
-8.29503879279705,5.86733699636498,1
-33.849137243002,13.4238027267775,0
0.0975014034443618,14.518455003143,0
-5.18919093679721,2.95774378785332,1
37.8145865629264,-10.5580908183057,0
23.6817961556445,12.5194101736732,0
-1.09047308775066,-14.5549653030718,0
29.9780294231219,-9.93263281228974,0
-27.5464587977031,-21.7842594513032,0
-8.35962650215831,-4.50730541676628,0
32.4790730998575,-20.8317316578447,0
31.7295312636249,15.6067581916345,0
16.231624881168,-12.9847656768121,1
8.99364115526744,15.8554255682981,0
-11.9101203416577,-19.5305128125558,0
33.1380768284225,-12.1654820158788,0
-28.5171729098026,-20.0076572164307,0
17.5244874744337,11.043638016955,0
11.1322848643618,8.71448071692921,1
25.3195509108664,18.42666712133,0
-7.73055065537307,17.992594590615,0
18.9864879114083,13.4430496879606,0
25.4767587963379,21.9858075964846,0
-13.4930098004683,13.2337161332,1
3.97188288123498,-7.79172536365829,1
36.4138140649758,-20.893638297644,0
3.74744850939101,10.2442327364868,0
-12.8878056698982,-1.19738499987969,1
9.07983819351127,-4.72611030473994,1
-10.5916206038326,15.8406172237872,0
19.4947253061478,-19.4716874386929,0
-6.54354309954558,-5.0800139048762,0
-0.581772066744733,-15.7590215038583,0
14.8004857180784,-19.9900184978992,0
35.9277752660636,8.71176825033252,0
-13.0906230025011,18.1945060910005,0
25.6730419139717,-5.12399217921319,0
18.1694892727881,-11.3031240388283,1
34.5172586848453,17.9123002365016,0
-35.5738801576976,8.88878816619568,0
-10.8779570501268,17.4080670233212,0
12.3616914058283,19.7108366066784,0
-16.6058815047147,19.2144461710265,0
-20.4908868838728,21.8586117645273,0
16.0457698897047,-4.53453123631531,0
9.46754169149145,7.03720377254285,1
6.88625762189233,14.2098131097767,0
12.1932854397577,5.38413612027642,1
-34.3858448433462,8.82227799837828,0
-11.4923545532355,-0.461335392586353,1
-3.69811589296351,0.387939254591565,1
-19.6912202188716,12.307385004634,1
16.3434210105094,-20.2186258488342,0
27.0698541924779,17.644325712909,0
-16.6054151709899,10.2100117293249,1
17.5598630590043,5.0944550130864,1
-27.5300201685168,11.2282739566786,0
25.5909314129785,-9.48344383385639,0
-27.4662696035806,-12.9250389586148,1
6.70391328960152,6.69619336800415,1
-10.1720831654247,18.8372772711523,0
23.313725394244,13.4012346533961,0
0.287339718987852,-6.58081322350197,1
-0.790830257025078,-10.1117101361937,1
28.6557029772633,10.7631793774447,0
-11.1612222166394,9.81165284191576,1
-3.84228970054713,15.6956956584611,0
35.2283018001004,18.4280502403218,0
-34.7853673584947,-10.1636317567392,0
35.9448333946882,8.27867829192814,0
-23.6202799226994,5.19187027436503,1
12.7011428030457,-18.8516471906652,0
6.56941071559776,-13.7104776604914,1
13.3085436467888,-7.23494337012219,1
-10.5623242612058,-8.31398387779798,0
9.1411604574025,-3.51102320973466,1
23.6474672676217,-18.139492841289,0
-36.5364317165253,2.63421324790845,0
-31.6256133704996,7.37551099394449,0
36.0849267060517,-16.9267245998771,0
11.5025644635669,-8.11094287524446,1
-20.4259259715092,21.155039065482,0
-7.33467312253117,16.9782596592974,0
-28.7264406128382,-20.9986335051904,0
-17.5986495738065,15.9845622306191,1
-18.403691071442,-11.2202806811299,0
-12.7934418555602,-2.92152391352974,1
-26.4302150224161,-16.0434471268145,0
-11.5514178615754,-12.5136000778005,0
-28.7539574726128,12.0880722647521,0
29.1956323889742,-18.1638045188489,0
-30.8348423551249,-4.38337568546538,0
32.6830875841692,3.96488257235748,0
-7.67448235337378,-13.3529629607903,0
-34.3974888857845,8.65974842677399,0
-11.9796137597838,4.09064985677477,1
17.9334280748925,-1.57564106804426,1
22.3958439573692,-11.3891822941842,0
3.41284826659503,-3.83810000182948,1
14.1529831867871,11.901756712888,0
29.9160848909537,-20.4450887676361,0
-33.8358239661003,4.73221316187231,0
-14.9217351415068,-18.5031594484875,0
-34.4894417188024,-3.72343597806404,0
-23.1437659638313,21.3610133532226,0
16.7326009912559,15.0765311521866,0
16.8532487859466,-19.6942855072454,0
28.7127294075161,10.0107880765689,0
6.26490530104319,-16.9418466911959,0
-32.6279905106146,-0.643237690073406,0
32.128587334371,16.2181521842092,0
22.8282790186841,-21.2650293189973,0
-16.2680389120524,14.0319686336567,0
3.3184056959435,12.4904415860329,0
36.8429940097663,-13.4768597533905,0
16.3915331016232,18.1651488178685,0
25.76168939708,8.08235743308738,0
-5.07219736339593,17.089314375218,0
-2.2325216139029,9.36626699354023,0
4.61421923938626,-0.664751052163119,1
-17.5490426916442,14.6615938770468,0
18.9254035407879,-18.007157485985,0
0.295470782997135,-20.8783627137639,0
11.1575346367313,-7.22797368232922,1
-14.6113357656485,-0.575404441331479,1
-27.456927658061,-12.0840355990487,1
-1.85645703138522,2.4071871775387,1
-10.4530946577753,7.97052928134995,1
21.8966205582896,14.73750117048,0
21.3024823841523,17.4184037818093,0
12.8069282832694,-2.74569159354387,1
-27.8537066657403,-4.41516729058392,0
-36.3617525725342,-2.63472201808015,0
4.54789364631073,-8.37644026586831,1
-15.1377546267188,-2.33405163038913,1
33.3951382543828,20.433165422903,0
36.5486763395613,-1.65667777694915,0
-16.2168504440363,-0.176351455017588,1
22.8623418083166,-21.0522447172309,0
30.1044627088779,-13.539454215473,0
7.41201983815505,17.5179074633022,0
29.1852719150103,-4.87114216949136,0
33.7235971308802,-17.5099692206512,0
3.7360146439126,-6.61326240616803,1
17.3573986691711,-14.1439719912205,0
5.83363063720874,-11.0399932554495,1
-36.0348321976814,6.20331579492426,0
-4.06364565035411,20.9331830473217,0
11.1189487586498,18.509209474245,0
1.61142440310378,-19.6324951459921,0
-9.70423778075708,17.7357258764859,0
33.2222346419587,-13.6400273374363,0
25.0444946640151,21.6750686998639,0
26.5304964765386,-7.6340177939888,0
-9.687397767635,-11.98808618594,0
7.08202771660527,19.5232720872581,0
28.3139949132145,13.6772624620177,0
32.94612224654,18.6755430404157,0
12.8032848514645,9.61408801735215,1
-22.284989196932,16.6872886953178,0
11.6926449967567,16.0627177686825,0
-32.5240821072306,-6.27329610829194,0
-7.08875445320835,-16.003835392572,0
12.6867965237699,13.4543380104131,0
32.9631501254907,7.96949325423986,0
23.6322024501081,-3.01896687957995,0
-1.17433134054073,19.6730784368565,0
19.5129399649789,19.8516004278936,0
-6.30439351554971,-20.5884532779992,0
35.8557354671863,-9.84866256297092,0
37.0860772935432,-19.0188674221564,0
27.6752122063714,14.3857692758505,0
-8.44483303065543,-4.56176840973673,0
-3.4396210690275,3.57177531094051,1
-19.251772979506,-6.88451368034372,1
21.6161550698375,20.7332287176263,0
29.095658024312,4.5498554484899,0
31.4420877782694,7.37621059836684,0
4.4296541952929,15.9863070905293,0
7.51397580871161,-3.51616986933667,1
-26.6853692543463,-18.7699159028344,0
30.3782248247161,16.3414705594506,0
-3.77008787043922,8.56478671404119,0
-22.3689022007388,15.0226863347515,0
30.3734752786901,7.75481672205626,1
19.9565009923652,8.86167518428602,0
29.0689593624226,17.3983575564506,0
-16.3437834301136,3.84621291230822,1
13.1651749703716,-7.69140404607443,1
12.4852727357719,21.7734284098871,0
-28.666060463636,-12.8683092279405,1
-7.04379984768222,-9.40488488640325,0
-17.0781917000076,14.6567668986375,0
16.4669002885748,11.8909008871906,0
-16.4627869962008,-13.1745192603136,0
30.1111131205617,11.6497170491422,0
24.8199958158306,5.10062927945315,1
-8.35798502613618,20.4277663032837,0
-0.15937633472182,0.162415393456889,1
14.8051946431095,-0.937119797328531,1
25.4120440835953,3.77066156951621,0
8.33185641535566,21.1020359498543,0
5.68002422508701,-6.63964009850193,1
-13.2207950098679,-10.5158786975535,0
-3.31173033526723,3.9574662760962,1
16.2484643257182,10.7969331216272,0
29.2147834409756,-18.3927082120194,0
16.7850309820868,-5.50194309265153,0
-36.5854291207947,-18.1716284489536,0
13.2830115017497,-8.00133815883577,1
-4.67332935802502,-2.05788239459408,1
-4.72566638336347,-14.9124401691561,0
-29.10520171757,-19.365801457373,0
23.9158084034122,-2.42593041622388,0
-13.3109866640813,-9.44795422714354,0
-19.2866633181673,-13.2361581770363,0
-11.9537951946308,0.431723403027899,1
-9.44739735927129,-21.1429489476782,0
3.53808827430488,14.5245141838505,0
4.70593172421423,-13.1830352205168,1
-7.91751062457593,-3.23121804346543,1
-7.74205315561847,10.2558937103377,1
1.1679086600795,1.17905800900373,1
11.9723211992892,-10.150865504254,1
34.2695550681369,11.7847500210167,0
16.8984870888898,19.9941488490118,0
-7.59393935246234,-16.8217556640305,0
25.2222217890656,-20.9049183159943,0
-27.7902860286182,-3.43023495957146,0
-33.404525332573,-19.1671057403714,0
-31.5972240240859,-16.4734831423812,0
-25.5437278069422,-17.9336188310139,0
-13.3592860576523,-11.7616719668496,0
-15.0687649324468,-12.7075053088101,0
-37.1122446740942,4.83168314204098,0
3.03278713257152,-4.64080968086851,1
-30.7516753602856,9.97472924298155,0
-26.8648709103904,20.2971187693843,0
9.96673173313658,11.0095569909903,1
27.3083512685877,-18.5354499932969,0
36.0408439741422,16.1899342491942,0
5.38372048788595,-6.03808198966557,1
37.7606163076961,13.0683135964697,0
4.06915958566047,12.6010362676749,0
1.17484256786476,-7.42039110559251,1
-12.8681629847397,19.7996240339967,0
-5.31986332210187,14.4535443134921,0
-0.622724726115401,5.6817088682203,0
-32.6011816226156,-8.99256019507693,0
29.4681803804864,5.14819906409785,0
-33.087847080134,21.4941509482118,0
-4.84994336440992,-6.8636087493034,0
24.8238425030358,-11.4556346851048,0
-8.01536399828945,-21.9825273401034,0
8.62409100959991,18.0087535011884,0
24.2166958662479,5.61178011915524,1
29.3538629687581,12.5940891243326,0
32.7644836890288,10.9435187841655,0
-23.5003667513067,5.14349590759872,1
-18.3477488921733,-13.9303304273329,0
30.2377920478627,15.1181028710962,0
7.09550138934428,9.50368933578577,1
0.291846220360441,6.67925876538803,0
8.57352875150249,4.96351115008519,1
24.2760904096226,16.4465900379545,0
2.42357688146236,12.8777999601679,0
-22.6422926623192,9.87469894257746,1
-3.50409660828034,-3.99720511243084,1
-5.47877009366702,21.8967497010893,0
35.4200089705119,5.44757415908418,0
9.124184114144,-6.46072884222991,1
14.8496363457683,-13.9601817870096,1
16.7325105133664,-7.88020854111647,0
-11.6359655381414,-10.7533022761537,0
1.29127195992358,19.40772888081,0
4.30879203291975,17.2878937246498,0
-26.1063633473326,21.4742927502549,0
4.71625946269489,19.908766902809,0
14.8050499722427,16.465104376076,0
-5.58937928602196,-14.8612859677592,0
25.5565519713999,-15.5457098209392,0
17.5854170283069,6.59133641620452,1
-10.6376408014814,12.7637814102503,0
-3.47985973914171,-18.8187291948746,0
-8.6343677069949,-11.2411446237975,0
20.9421528110407,-21.5288853097314,0
17.8046040321314,-11.7681780224316,1
-5.29888377436418,-10.7863853238759,0
14.7251956341774,18.1362703218218,0
33.836225024803,-5.82795079856677,0
21.6016774656123,-20.3265029648906,0
15.6234612179612,6.63662192986058,1
-29.6905977961497,13.9201419982384,0
-8.36527005610714,-18.3149820465292,0
6.90875951080557,-21.4948339153044,0
-3.08711635455927,-5.91292581792875,1
-34.1741610078395,-3.83832054346524,0
-20.6197436144632,-3.69507644184473,1
25.3983686403244,-1.61145534111063,0
-36.8110033550639,-1.49571344781542,0
27.6420257442458,2.11897542345424,0
-32.066751969535,1.4384005586325,0
12.8472368461982,0.338472379265312,1
0.0160606453637797,12.3680184329667,0
-21.4324712949883,-9.24153348881781,1
5.44279513071077,2.22208277478576,1
-28.7136245298201,3.2852745474314,0
13.0086337071376,-13.0287736431793,1
7.56850165733385,2.43042678615185,1
-33.7458120385279,-12.5788949486114,0
-33.7179305907049,2.16289576969623,0
-26.4099515878123,-18.9301274835706,0
-36.5087989258156,15.8596906372134,0
-4.92665852703166,-12.8311608778512,0
25.2488321214941,-11.5001877904983,0
8.92165303051041,-5.25425052774114,1
1.52983556361639,-9.35587876138544,1
27.6539849429544,11.0230176945552,0
-30.5749582197303,-7.9666852649844,0
31.0119674421945,-17.2757342851741,0
-29.7907312456063,13.4699782068088,0
1.29175361536781,-10.9094280032804,1
-27.1201423216482,0.171813490438662,0
4.5121635026283,-20.246563093192,0
-37.6519485800034,5.46452518530543,0
20.267831895233,-4.95256926170513,0
26.5019012108295,-8.43595061382709,0
31.6784165392841,-7.38980165523603,0
37.009588883558,18.9901028405602,0
0.390115736710513,-1.40845934635579,1
-17.3719565442689,-21.996876299488,0
-30.3429610939861,9.93434217811578,0
0.596511143044779,-4.42275155198498,1
6.50629355334276,-20.991360105172,0
19.9794192892163,6.06066511910896,1
-31.6948386675987,-2.66851144059029,0
12.2813106742863,4.03784200075917,1
1.29040511767219,5.19132285570868,1
-25.000350668066,-2.01974641065178,1
33.33039768922,-19.8402478605497,0
6.87672146283545,9.66654360076894,1
-4.51176426217615,10.5640859449302,0
33.5858387036575,-4.18885303779463,0
11.8494503395427,-19.7378488826636,0
-3.65212609621068,19.7122047471147,0
25.8170039746948,16.605021410358,0
2.47938618805032,14.4165976983146,0
4.0954170001369,-2.2599898936212,1
13.6849802863354,16.9168874245631,0
-10.0935671958801,15.5636068437994,0
-19.8139139292906,6.50041674106184,1
5.99818542689111,0.298463750447667,1
27.8834161551106,-18.6549920239981,0
-7.08496622364285,-6.05409708199535,0
-29.4412492820964,-11.8319891445733,0
-4.26771640875124,15.8479421638537,0
-15.1859855077436,5.91316245683165,1
-7.49459911009855,10.1841130502165,1
25.3356308224382,-15.1203675315756,0
-7.32422162920586,19.7844652681567,0
-8.3466287020739,-4.38139003399408,0
-10.6058841032002,4.90101371547684,1
-27.3405926955222,13.1335262462655,0
-18.2301052474546,8.2002720588904,1
-31.4020523341966,-21.9978728394696,0
-5.3658023814788,0.116936791560246,1
-18.4465083574907,21.3672798131729,0
-15.385790804515,-21.6918362783235,0
-5.71076071044844,-20.1991097273956,0
-28.9402482839822,-17.4493919012514,0
-0.374913791165106,4.54988856769686,1
15.6869492928546,-19.9676274016456,0
-19.4884236762477,-3.43763442785362,1
21.6653262269845,-6.34202345720271,0
-32.3691921585696,8.69750011051539,0
-8.06485954939106,-6.02898006855663,0
-37.7420466547126,-7.71957790427816,0
-21.2285562130902,7.80893269876813,1
-37.9011567787547,3.66310427359169,0
-23.6223450044001,-11.4199889203193,0
-27.1712118336062,-5.50587108138505,0
-17.6262240666234,-12.9916770411353,0
-24.7082030344805,-10.6197482741827,1
-27.4626781589628,15.2818376696443,0
7.51530638795774,-3.21019853528347,1
30.4804008318871,6.90725037225134,0
33.3928622072021,1.37595691372929,0
-21.1899813486301,19.2288377927812,0
-1.31697546987255,-7.32941351586198,1
-9.42315518971865,-6.1198793808326,0
1.80728280940608,10.845715780043,0
-17.8696828903072,16.0128966258098,0
-32.804851244217,-21.0296341228845,0
-4.8391421115122,15.379052792278,0
-24.7871691602599,13.5355187961155,1
-36.0158597802272,1.88244960018515,0
34.5555488301142,-2.91354471186763,0
-5.27466449068429,4.50722444123831,1
35.0784515558784,-7.25537106650909,0
19.9435007842275,12.236717008974,0
-37.4415017561836,-17.7443308498361,0
13.6829366749705,-2.11398114396467,1
15.6522573229151,11.5257588788272,0
11.0297877821611,5.5366622620564,1
3.97554818258747,-21.9343729767513,0
-21.4237365364707,-21.2444141733669,0
20.6998322345912,-1.89842082456722,1
-20.6698474063658,-12.2511815186057,0
-9.8142813580212,-5.65748982468827,0
29.7105903979528,-2.58578477264606,0
27.0846449873478,-19.329659931076,0
-7.41505021417824,-5.98213553796473,0
-13.8305470702481,-5.41776074351692,1
8.25629272825921,-8.74542956063291,1
31.1748372287806,18.4091239265232,0
31.091462272867,-0.99657026605103,0
6.96117507696528,-14.062732726695,1
-12.7245730424981,-8.93034386364007,0
26.8328358199539,14.4891768407901,0
-4.37776012887146,5.19745568778683,1
30.7310163445637,7.19837982649652,0
-35.4783651476383,5.11295011991741,0
2.46441267001008,-10.5042641273627,1
16.453798334333,16.3899435326044,0
-24.373059869544,-21.7638023942377,0
-12.4234976391192,-5.92876715806212,1
-23.7338159082797,4.04676088961468,1
-13.5335340780978,18.6929186101604,0
-7.30688994650429,-1.84778450614035,1
3.69103878912923,-3.33483813089973,1
-34.2958669485477,6.81831093081476,0
4.00764212159963,11.6263975702146,0
-17.1143332323499,-5.29568307778887,1
-19.6458676282075,-2.02096544899693,1
-19.5209663651022,6.32728854092744,1
-26.2838818630743,10.3467991588743,0
34.6876434366098,5.8881487663852,0
33.1102645392616,12.449547962026,0
24.2222972278265,-20.4825711498784,0
17.3479004345354,-17.5620570770183,0
-24.6383086510597,-20.1634057346423,0
-10.6118057447735,-14.9371893700879,0
-23.651962079238,14.7401296724432,1
-37.9089218401567,2.61509962831253,0
-13.9521169563267,-14.4310452076634,0
15.1708909661762,19.3071564011931,0
9.51939369360708,1.85501047170683,1
3.27272532613272,14.5313456699963,0
-4.63317254253715,-8.03247410533664,0
-16.1555276713268,-11.759468316195,0
0.126092112748459,8.88772774979451,0
19.8775101108932,0.870480514613661,0
19.9430117079423,-9.40956317038735,0
5.78024851373834,-20.7823912249652,0
18.8223756607704,-15.2766723002999,0
11.0606224545804,12.4925948272798,0
-28.6353166073375,0.825083150989379,0
0.334237367050264,-3.65979404242228,1
-11.6081402331558,-17.2239074926815,0
-30.9967759548121,5.78281770397762,0
-26.7634404295286,-16.4237230054979,0
-22.9391027189535,3.54832119458807,1
13.0925380467646,-13.8819834759786,1
-5.2051500994563,-0.223912031057733,1
14.7746971360261,-7.24061279408841,1
-18.4843731914688,-12.8986541276604,0
-37.2583426087279,-17.3727170713982,0
2.45351340062754,-15.2401692093704,0
-16.7662106407747,16.4265001976934,1
33.9134916675144,9.87234592672826,0
30.8896882547602,-21.8422962552905,0
-8.15597222596752,13.6582704725307,0
-36.1110022277897,-11.1926140494158,0
13.0291965395069,16.9812081478773,0
25.6249682886561,14.9283485769089,0
35.833972511656,-6.35503505168042,0
-33.6731007069212,-8.12912685938311,0
-3.77539023225757,-15.2158024330789,0
6.26774293195782,-4.90937789741001,1
14.184473901719,-8.56064667924635,1
16.6768891972959,14.1317357752129,0
11.4030971463297,-9.68517675029489,1
17.2455058693616,15.4639737014529,0
-9.5875773961614,-13.4074531375636,0
6.2002383241778,-6.379891461056,1
-29.1749930287656,-6.7770744316489,0
-33.6182685476697,3.76777945746307,0
36.462157022175,-1.92496500210186,0
-16.353396758593,-20.3082566879116,0
7.21804670952932,-5.27931384873654,1
35.1242383568557,2.04542998027665,0
-23.8808519809481,-18.9966450684845,0
-23.328973985746,-12.6180355397633,0
-12.0350480469692,11.9634929527163,1
32.9002400821741,5.73669225075499,0
-8.30926721706269,13.5837398717106,0
-17.2355301920028,-21.0544396377877,0
-26.4520219316398,-21.4826969329246,0
-7.81972795149767,-4.45294673152175,0
-9.52109251170556,-12.7733903072839,0
-28.0352822647316,3.86824856781959,0
-4.93690543993236,14.1997633837984,0
-31.0449992918416,10.9593432237724,0
8.71164880898389,18.8823762482227,0
-37.1655889858983,1.08000351015416,0
5.5677891280163,1.70039833190464,1
22.0194692099579,7.36095797274902,0
-20.1121252405339,16.3354926566291,0
-3.95050177673213,-14.0217031160099,0
5.27122192965484,8.76069148200219,1
-33.3334903858956,-13.6879510564754,0
-0.282044691368753,-13.2080866533139,0
10.8159578284827,11.9225017606988,0
-21.18380451034,1.31543228103172,1
25.6162898604229,-21.792555963408,0
35.801717589631,20.0358862031705,0
26.3243394646812,16.6002760213769,0
0.455958647681669,16.381591440875,0
-16.8054535529625,-0.262889664242074,1
18.7429088589433,1.36847447848648,1
-19.9932908074219,-20.5805284084046,0
34.7582414030534,11.0068951660618,0
9.13976274191058,11.367488568447,0
7.61992305857972,3.67676051627158,1
-24.8820578747772,-5.71485163629108,1
-31.1336479011149,-0.352002749516636,0
-18.6000725990873,1.19602815612899,1
27.2513603756999,-2.25612352346982,0
31.2410960582323,-15.734360173476,0
15.172166309158,6.72072422249375,1
17.1138589817774,7.68549268881401,1
-20.5286580068303,10.9895620952356,1
5.78006268042294,-8.53926233051762,1
23.6077359806034,13.3912940536588,0
-7.30790400281101,-8.80146086458957,0
37.1213843071806,-9.94018629857802,0
-31.1600900609965,-10.0986607892428,0
-13.6084815187701,11.5936008882795,1
0.867079350257519,-7.98269052056214,1
-33.3939161408136,-6.29180427596693,0
17.1522821894841,7.72120259351698,1
4.29823689071139,-20.5243180974447,0
2.2313525885755,-15.3990080614556,0
25.0786648345228,-3.45179462779191,0
27.2656865894571,-12.6326576292488,0
21.9661981718601,11.4431734796972,0
-13.8446879168066,6.30547000844103,1
-3.63223351401339,14.9444554135929,0
19.1693257237956,-12.8569863500158,0
-29.6505103629479,-2.71270591998078,0
-29.6595799868633,10.2132690722356,0
-17.4888415584655,-17.3909243823331,0
1.87243825011963,-2.43915257707624,1
35.9214818502898,-0.415680950322969,0
15.9910600811409,8.55475954451104,1
-14.2986441687875,18.9555513612015,0
-15.8492582987727,-15.1733658836849,0
26.6271576404712,-19.6820262906007,0
31.2852042245969,4.7817639338028,0
10.5849871929808,-11.3106054798819,1
-18.5918573562223,2.56529664299072,1
-31.2613961575465,7.85402967501729,0
25.7074246528292,-1.47379018496319,0
6.43861506401235,6.96982289651789,1
34.0562638900977,13.5673709126537,0
-33.3618013813693,15.6833263627502,0
6.4327390549884,9.27862821708061,1
-16.3317854899432,-10.4133209064508,0
24.907645182068,-8.97128143452397,0
-23.4850305069978,-13.8228090254776,0
-4.36772287258084,4.37257508907607,1
-8.10072551606419,12.2450874532482,0
24.8196224072501,-17.786285963949,0
13.4422031013198,-3.96103625091199,0
-22.2221693871215,5.77481129284524,1
-13.82404081258,11.6737880552126,1
-27.8303651129344,0.686694798249285,0
13.0311796003303,-19.9412684554321,0
5.39532173514283,-2.61185663940661,1
-25.0977029819869,12.3758396884586,1
-26.778160936468,21.6104228523097,0
-1.81794141167332,15.3682761370196,0
31.0157836545282,-19.3606025605185,0
3.96530203040344,11.7359087183231,0
-35.4965681510094,9.89588875305367,0
-33.9064175908977,11.2060479418016,0
23.1848053704766,-13.1370158845471,0
-3.69551104253794,-7.75110279450117,0
-8.91888655344315,4.27146906412017,1
22.0129214804165,20.9929967673601,0
-10.3141979180157,-2.13715305157823,1
2.45859505991719,-0.162562275046458,1
16.0859096545763,20.7528700957308,0
28.2322153676843,11.5722020524216,0
-13.0195895129106,21.1096746673286,0
11.4089699302311,-13.0754210934723,1
36.0875472482096,-20.6065810164863,0
-32.2264805416457,-15.0414867374096,1
6.61345669829065,9.6669496829368,1
-6.54462616922464,12.2004239155902,0
-14.5056315885637,6.37814224817075,1
-17.9486128439636,-7.12515502255375,1
19.6662361460955,6.80470243736587,1
37.6364145658611,-19.9911206289218,0
-23.8205702452559,16.169330323877,0
21.3670404086421,-17.4696830225229,0
-23.1193534419684,19.6666507708185,0
37.4192819616744,-5.30209905068043,0
22.9718793020859,-16.0810805758403,0
-5.75877004734873,-8.23328735528147,0
17.3936539719044,17.5421000099873,0
-0.125127728210074,12.3547774716091,0
23.4832603071274,-13.5061817499411,0
-10.9053210554405,-14.3466035709912,0
-32.4334989787746,17.305913672266,0
6.91535060088854,11.9136383332718,0
31.1742751353387,12.8531454502258,0
-23.2737888513376,-12.6034544894686,0
-5.14004784338578,-13.4916022467994,0
18.9361394091687,6.45651963317234,1
-35.0219790147837,-17.1033747738571,0
33.9206992252167,0.260150911935373,0
20.0391725984459,8.1365491870936,0
4.47036183872658,-15.0907869987331,0
-24.0279362206011,-5.57151600279752,1
-0.155890058560033,13.5683766750911,0
1.35626561778786,18.0101649747027,0
37.5624688089478,-14.9296603947005,0
26.9687279148913,10.4697068113828,0
35.1426994181098,2.4506078661362,0
13.5995166822545,-13.7343097367754,1
-7.33389445086859,8.36063157832125,1
33.0584105495319,-8.80808222267331,0
-1.5591745319314,5.81979541294763,1
-20.3838375136031,-11.6255259368922,0
-7.88194111325706,-0.468903563211413,1
15.585888108572,11.3636255322614,0
4.45048662660181,5.28912646171336,1
19.5039332679719,-11.0978876609151,0
37.6565604501996,6.74114837789936,0
35.1447867318642,-7.44542110040225,0
2.66509999946793,-16.7550609096154,0
35.2541298778503,6.9016729362623,0
-29.2124331822243,19.6820750939482,0
-34.0899297145044,15.010790843734,0
-14.8694801316204,-15.5589248417529,0
6.09457931884614,8.24968251115004,1
2.35329837770939,7.22537569040511,1
30.4918150416389,0.461524084305935,0
3.08183231293857,-2.87223669894983,1
-5.16947357489212,-5.12211639231069,0
3.24269104516196,15.0609463164875,0
16.1435252400036,-10.9632592009673,1
-36.7327218165423,-9.17488875542083,0
22.8699870363965,2.68262936792311,0
-27.1692913057919,5.57320237477103,0
-1.6359400593824,-2.21234392938923,1
-18.4805130823479,16.0347141896529,0
-9.9490316493106,19.9741132620604,0
12.2941334157715,13.9272030421246,0
-25.1097301774721,9.68277693213689,1
-16.8124144466346,-16.6301605072038,0
-22.9351436169482,-18.3500139753915,0
-23.1745634703962,14.9214267835582,0
-13.1601867254018,-6.57574720564014,0
28.9056773888192,17.8480261456279,0
-2.19625825880312,3.4272215750637,1
-7.29832771500848,-19.7521925676411,0
-24.378407791818,-12.5112207429054,0
35.6382997071942,-15.54587911976,0
-7.03336392700086,-3.68274100178655,0
26.1810421327421,16.6125648254967,0
8.76470738194456,-17.9098169505975,0
-9.37755806951197,18.9131774643307,0
28.6658129496194,19.1768595708131,0
21.6487844735098,-10.3242508654835,0
-2.66347446809539,-20.430129732747,0
23.862246438391,-1.47544239130511,0
30.2817544256891,3.71271987644034,0
-5.37787072327312,9.97668293157733,0
-12.5909641087113,-7.32624775965555,0
7.34517993783872,-19.1979802640047,0
30.5513014616987,17.2320499010223,0
15.3570501513354,14.4743536234138,0
-9.31341224261427,-5.59021836383407,0
17.8566503326811,11.6803793477254,0
34.5118117718122,-2.75435771309543,0
3.25379659586989,0.803955410359183,1
3.0480432593118,2.64831278388202,1
-14.3556673900959,-11.1977412111109,0
-32.5861725337316,-16.3545672943021,0
-24.1694844951544,4.86126472598384,1
-30.9328415578285,4.99697910706239,0
-2.77481717006952,-11.6630226247449,0
-37.2907290858895,15.7348378453278,0
31.54196929192,-16.9265943826821,0
10.8483721741159,16.8306607433675,0
-37.8921515766174,-4.8879991364012,0
-35.6907192903863,-8.80781272706333,0
-22.1562630287957,11.1282222971685,1
-3.42257297984061,-10.3325419361558,0
-28.3277814672899,1.1241262797487,0
-37.3427757212651,-11.9136724202939,0
17.2580496872881,-19.5190357478033,0
-11.0871485796994,14.4223662851615,0
21.3138919032979,-16.9041789974872,0
-4.81409523571787,1.84461204534697,1
-4.82183653970762,5.48609449562942,1
-34.259798292907,-21.9834638236667,0
-34.2279754845263,-14.8009347120531,0
-31.0763866686079,-21.5812711583569,0
7.14681438975322,11.1320640089363,1
-19.6776118071543,8.96322920715956,1
25.9440517498829,-6.32099332567401,0
27.148170070886,7.49813304919285,1
35.234527272303,-17.9962176134842,0
-0.843616251794103,14.1968195789468,0
-21.2564323567839,-3.37832113664151,1
-20.8081432960623,-17.5301196993414,0
2.79587314297476,-17.7060683435251,0
19.9203379000472,-17.320277506039,0
-11.5848965658943,5.22275056224902,1
-2.94638628624606,-13.1565565150967,0
10.5886059271511,-3.37928642464457,0
31.7175391058802,13.5969747560735,0
-25.7204843843349,-7.52767521124064,1
16.388290716728,-9.97260763684395,1
5.90815459062311,14.0284676927833,0
-5.06927773210696,-12.9154787185575,0
29.2024514799631,6.80094127863851,0
-8.12806659135462,3.34457542922679,1
-24.3978884002924,2.80336175295075,1
10.1333521043292,-8.15419061017853,1
9.42404212773815,-15.5907918873026,1
-13.0764386300331,-16.2704587271384,0
23.025364012826,15.0773351077919,0
37.9603172563278,-1.1170856595,0
36.5543402308431,-11.8053166280382,0
-28.3451923931909,12.3658503085631,0
-20.3497489069038,8.02667197845625,1
-36.2039325339749,-14.9063831462552,0
8.16487839054099,-15.787476474659,1
-29.5784915821766,7.4246845426531,0
-7.03307740124168,6.98424693013704,1
29.1898373063091,6.32746121480023,0
3.65809108822065,-13.7813296351669,0
-9.95576616991709,14.1723324503508,0
-22.1657053061856,5.00482730573804,1
-4.48831098415141,19.0177675310942,0
34.6709075653667,7.10231099863056,0
-28.5740303347487,-11.0350607460392,0
-2.22199331411128,-19.9455431386655,0
27.1241209114467,-20.3658163708218,0
-34.7023241609116,9.60384672626396,0
14.5635110352992,-11.2896036682371,1
36.4028954673029,-15.5902420593981,0
-16.4716397145976,-20.0659733217671,0
-27.8326820004238,13.5885399368774,0
14.0812560153642,14.9918449167917,0
31.118546236954,-11.9012506739803,0
8.42604266112649,10.9049180376433,1
30.3986925288974,-9.59433474345098,0
-23.299034852629,-7.11693341445224,1
19.336268193107,-7.5149281593709,0
-11.6841855334771,-19.0680861685416,0
-6.18446851299382,-18.6052480510328,0
-26.1652928930282,-0.227408299687479,1
24.2440443784399,-5.45174654636651,0
9.49418811631707,-3.67018745359418,0
18.1305920424092,5.26614782281138,1
23.1885439737285,7.19529926443283,0
-32.8910780251984,5.96240104123808,0
34.260064054423,-7.03112791609127,0
-0.184147162315789,10.7692306825899,0
19.3910887572397,8.60224641138024,0
18.4227853714476,3.80939002642523,1
25.1658477539686,16.8406599022932,0
-26.1058596469847,20.1172044396751,0
-3.24453723809295,15.8434833601694,0
8.97563770317295,-7.9040568545225,1
32.8459349835758,7.1978712841699,0
25.4667059025107,17.8478364676511,0
30.0521872420186,8.15809308177205,1
6.27140787477029,21.9614893712097,0
6.28875728349615,-0.0266626049383873,1
26.9743713617166,-9.99241244741442,0
-35.3502067963573,8.51005470620055,0
29.291927256845,21.7805512531216,0
-7.01245833694539,-12.7433852825366,0
-35.2349656859648,-3.70784774039763,0
18.7072436480667,-14.8716696863603,0
-26.233013422916,-11.0122330072554,1
-27.06296702071,-4.67686198065709,0
8.05288805260478,-7.03266693175482,1
-18.659455852096,18.8550948813783,0
-13.3642804195575,-2.08015043530112,1
-7.46389024362811,1.16892937271241,1
-7.11562757351434,0.0507815055235845,1
-8.64947346937066,13.6543607846152,0
8.34493861168456,13.4128808209744,0
-25.3163050773653,-16.8158833783201,0
-23.7050024371611,5.2074100725067,1
-30.8082058904754,12.0000109968502,0
-13.4378432701439,-9.46710798616802,0
20.4893666246975,-10.1587095352392,0
-20.2070318131161,-1.49088485608253,1
18.2677756914439,-5.66498570724386,0
14.6541994512114,-0.913410661298322,1
24.6299442158449,-2.71886178367721,0
24.926293734601,-10.7700473820011,0
-15.7040370153622,-15.7899436798332,0
-14.4879375758711,-10.2884337802786,0
1.75026468159147,-6.66671622294143,1
-13.2772765704236,-10.8890335393013,0
25.2200307969412,-21.2204067489509,0
23.5824040965319,-2.16711048037049,0
4.33186785717428,17.8015946087041,0
-18.0147334365081,6.91085931221981,1
13.7230313751382,-15.6889752366774,1
-20.2423609463787,-10.6261391902467,0
-3.3116722894035,12.8156474907584,0
-8.77291601712418,10.0047151678715,1
2.93370934104966,14.2172151189915,0
37.3694827931086,19.1973219909836,0
19.3967505275151,-13.5884499516262,0
36.5145685567085,1.18552107117046,0
-20.1565193096236,-9.65316173323742,1
2.17049073000255,-4.03095322104382,1
-34.090859928915,-11.4464720679954,0
19.5225357948313,-6.26755440187315,0
7.75046223693877,-14.7698763825169,1
27.1448218932879,-21.8886934429733,0
37.1090625836167,-4.1070467979715,0
32.6408199043469,-9.69682257133272,0
-6.87686505865004,-14.1998771084684,0
-37.9740488714214,3.76895099075329,0
3.10675252999129,9.74680030862362,0
-22.2124727282995,9.73548024718765,1
-21.3344472981353,0.377789263971792,1
-13.2387240321991,-7.65926350556909,0
-30.7078443378236,-1.98713252075468,0
18.812558292111,-8.93725367322581,0
18.8866807618902,8.05318157900494,0
3.29075691446828,18.6880383005833,0
-12.301943944172,-9.16319128242184,0
25.2573582831601,-1.05625365692116,0
3.99548552997277,-4.77204899112097,1
34.7732768891136,-7.96858109036469,0
29.8553322681681,-4.39182360665333,0
-10.9057250983477,16.6140717535067,0
3.52654386738343,19.9390565913326,0
-11.6521869046239,-21.8071287168039,0
9.33301209009391,4.46283814205234,1
22.5434760834381,12.5654151132877,0
18.6864925170894,6.09429157152354,1
-28.4592464170337,-16.8513492131118,0
24.5019445136856,9.2625616184018,0
-36.0885618914338,-17.699011502422,0
-6.5034050497736,3.72968677197212,1
17.5869675659432,15.2928499277109,0
21.3844240209732,-11.8480837397022,0
-10.086270450016,-13.3765318426915,0
18.6099570743671,-20.3355610685131,0
29.8123063055642,14.4120548428604,0
-19.5621426427451,-20.7564863540314,0
-28.1506298363469,-5.84150111400741,0
-20.8948409582786,-14.308295479964,0
-11.3989421559418,0.179212402902493,1
-16.1815694008906,-0.176607287890818,1
32.4890885456365,16.0547830828041,0
-34.1001544819235,3.13014165705347,0
7.04267339568538,-14.4753144156391,1
-25.6196835834523,17.9675320586471,0
25.7188384951503,7.20005998567937,0
-25.2653693039434,0.118315643262108,1
0.167246771119927,14.1717386886859,0
37.9490404059547,-9.34133913432296,0
-10.989056503641,16.7624642796841,0
-34.4220940742886,1.38327809808303,0
-21.7617955308193,-17.9258796730812,0
-7.7642265681944,-0.724052283466996,1
-12.6412182910976,-7.84092529643605,0
-20.550207570417,1.89554844923056,1
33.1451334901572,20.0949705026629,0
13.9223476371987,-5.82893618558982,0
35.1206484749376,-20.8357299047137,0
-4.71403849990735,10.5384636989873,0
33.4655857359889,-7.70506140462837,0
-37.5565913324998,7.27260751485388,0
8.38333428531053,-0.0947630235766219,1
22.8817575294251,15.7381475933532,0
-20.2934034605627,10.9398064894946,1
32.8676193699944,-4.49170390531328,0
20.0079709253644,0.621031631370148,0
24.8101650174038,3.68527842783536,0
5.58323273396982,0.362726564000944,1
22.2362064731372,10.2903156270246,0
-12.9928691162172,10.0579629364724,1
-21.0168898144352,-13.4582916066103,0
-14.2586380065367,-1.98472198850886,1
6.42378436817022,0.81911743457411,1
25.0734747176357,-15.4402265130477,0
-15.9248506424076,12.4053574265458,1
-7.40586620320269,-14.7209489004015,0
27.5163546809191,-0.210145711809183,0
8.72020581644637,-10.596298691502,1
37.3302719130643,5.35738442688664,0
-22.5188854858927,-1.88708192234237,1
24.8678904559458,-10.7599451907958,0
13.3654830404108,1.51362739317895,1
-19.0798402769746,-17.9686541552543,0
-1.84029238071552,2.70745131168891,1
-7.67028276876382,15.4967945846654,0
7.55730693094732,10.0095865220602,1
22.8397302010927,1.70269049104365,0
-30.014773381871,7.55115133980268,0
24.4296067536058,15.8700307693361,0
25.9225610834521,2.28481937282674,0
-11.0575254255666,18.0700570724461,0
-5.31472084119666,2.49697836545657,1
5.49018059936403,15.766864351005,0
15.262679538614,-2.0784365547306,1
18.4277015310333,-14.9329001228966,0
19.5991954471797,-11.5625358730405,0
-8.42621396873876,4.91670851205919,1
-5.37301114001235,-2.91624490523044,1
34.6821939700501,4.71483385537086,0
5.54582391255681,-11.5871432540274,1
26.5788761206192,19.075097095004,0
-16.997755961335,8.94999401055824,1
9.29659475158623,7.72795134074128,1
6.71548803062895,-4.68002416969228,1
35.2236034013314,6.49016441826944,0
-31.4713951824889,-2.2327733764956,0
0.0379157619002441,21.558759060523,0
1.64081541385217,-17.8809482374226,0
-31.1473838351588,-1.3915417045827,0
30.7546524564495,8.52201816186503,0
29.2135593267494,19.4400007576045,0
-4.63678532277514,5.78651298805235,1
21.4109185817046,5.1531034359454,1
-26.716658256301,6.31527167949618,1
9.1060104718262,-15.3325595805429,1
-18.192600366024,-11.2345980453967,0
-4.13012793059228,2.20626070179113,1
26.1439628720951,-11.3824648129089,0
-23.0884261764248,0.178809051655168,1
-14.9072766688984,13.2550808711186,1
-1.26961285219429,7.1946616813535,0
-12.3262846658022,-20.381971961346,0
22.6849230436377,-12.8466901117665,0
37.0490557143908,-4.26258135753864,0
-25.912385841098,18.4024819711907,0
-19.9971364748198,4.75162102027701,1
15.3699840827597,-12.3948011102295,1
-9.4641536349864,-6.64771798373758,0
36.0015726032988,-10.2115472638119,0
35.8952222323227,-5.04301918791609,0
10.9210517560268,16.6441050046475,0
27.3675146409162,2.42109015444924,0
-7.4568617513855,-7.70404509138676,0
10.0267406462867,6.53557264127986,1
36.8779845955271,4.85775925318488,0
4.52028285503294,-18.0856443177058,0
32.9529856040079,-5.8605585556097,0
16.7460836560569,19.3579066983544,0
-1.21307272226203,18.6037945529194,0
10.5663630437735,-10.5222793041568,1
29.4604018076099,-10.35877517167,0
-22.896006992482,12.3345550770117,1
-7.95216317940402,-4.31605716917182,0
37.4053229896432,17.0040603315203,0
-7.42127711286794,-2.10376918503001,1
12.0730925615428,-0.132504823759568,1
30.5024573506229,-5.58967789296902,0
37.6490150153594,-5.20478015602218,0
11.6404093631965,-1.84423135982268,1
-29.7588314829809,9.58253761365974,0
-35.2553336595529,10.1178558137986,0
8.97493416757001,-7.21018922085248,1
5.10297150424766,-1.57089037435955,1
35.1093139932048,-5.3809486448738,0
18.7040156758355,-19.1862077084655,0
12.3512234810662,21.2388859657663,0
1.77181219931273,4.23690001633337,1
-18.2480346071858,-2.19397930399812,1
35.1115262856291,20.7684658982898,0
3.05550685102752,8.30079332179821,0
-35.6994675800976,-0.528731775593279,0
14.9198992192457,-6.27675572296384,0
1.49842800198674,-3.01453041202234,1
-33.5136777694992,-12.9274300889923,0
29.6427537253442,1.9733960171065,0
-12.9046295689344,20.1300918512036,0
-20.5427089617949,-13.7717725345721,0
-29.3399032083656,11.889010994876,0
-14.369873777526,14.844742045951,1
-20.639143517684,17.9658045756421,0
11.5517847084922,5.7491751097656,1
-32.9718305305272,4.11815575270025,0
-17.0672151305703,11.9945163486564,1
-16.5816619453741,-9.98497946066517,0
28.8850357391803,-21.637544938104,0
-4.23089273885817,-10.1895725932152,0
19.449473189005,1.48960412452061,1
7.85052456196648,-12.0937902153181,1
21.5282112427068,18.1496045244066,0
-29.3412714604396,-17.0395041945538,0
36.3708552721583,-10.2809500987279,0
26.4933473364457,-0.888973025789319,0
-34.1508661770387,7.08111020781656,0
-2.56866063191167,14.7816720177165,0
-13.2503511039495,5.92736013344899,1
9.89558949998098,13.5009871455776,0
-20.4972635528968,3.18649480202804,1
6.07125796937796,-0.364702495823032,1
7.83988035343214,13.2666013619494,0
7.59081128329714,-2.59373837813683,1
-3.91948109082244,-19.8497320038318,0
-35.3078169881081,21.4482527998533,0
1.04992746290902,10.9669770471882,0
-7.01250770527959,3.46036996085896,1
-29.7885012172175,-7.29667011602978,0
-3.04945220038414,4.10748768838472,1
-3.73291072063689,17.6723488472744,0
3.88666552113582,15.0895861739903,0
23.2107280926078,16.2103098925342,0
15.2646055317406,-17.4399632704667,0
28.2898982980414,12.641666817841,0
-34.0333964154035,-4.13772063529772,0
-21.3042203331937,-8.49345879003843,1
-3.06720723153614,-20.8331057186338,0
34.8485533058047,9.26005852841061,0
22.0434471304373,15.1196130608658,0
-3.65752971276994,-19.8049365675815,0
-12.6594578289741,-11.1922182655751,0
-33.5087562363139,19.8068998074492,0
18.3088030199127,-17.1564630995752,0
0.516383828218189,20.1508994839789,0
-22.805668601409,-6.80301451907806,1
-5.5332901163021,16.7397206309135,0
-25.1795388178674,-9.85470167043186,1
19.1287889049562,9.43573561305597,0
-10.0053360362112,-19.8125072310416,0
33.5781524382312,-17.2808432651457,0
-36.6948868907855,15.7955931553125,0
25.0082490671888,-3.33170340308206,0
9.62091409660097,2.75113014024959,1
2.94473515194866,10.2398821494104,0
11.4385802888846,20.2788512282876,0
17.2238444552951,-19.3980607088457,0
-30.818869142036,-16.7390921273417,0
28.6956190073821,-16.2447933279918,0
-36.9084770601051,13.3197026827265,0
-15.633000359686,-14.9524822845832,0
-24.3264692336777,1.1233311972172,1
32.3983643830442,9.17805472836501,0
-32.8182868011454,21.5774328230782,0
6.16308529596535,4.85914744927516,1
10.4234929119171,-9.17037891797681,1
11.4964641221356,2.23872719842998,1
27.71127295255,1.79126595961444,0
-33.7476077650664,17.6227159178715,0
24.0809932068126,-18.879139596373,0
2.19810744096057,21.2850706654317,0
14.7706426073056,17.8505362228139,0
-21.8572278825806,19.3156747103171,0
3.28927591498869,7.56185752319816,1
15.3915406836633,9.96835491594555,0
34.6890263517956,-17.8917276804506,0
-4.21479562161618,-16.0391703297903,0
-31.509764858239,13.6682955907281,0
-33.6421487868644,15.1928742155372,0
9.83823694356042,-17.4692380883836,1
22.5096090538828,11.2594530889444,0
14.5305412972189,-7.86835483459023,1
-11.7566024716474,-11.5175470494786,0
33.9580667042812,14.9423968715491,0
1.53446418407227,-3.45645982836889,1
34.4897899150424,7.03818595779365,0
-32.4067316785768,-20.4257372346527,0
-22.2655719464464,10.5953347699938,1
20.9021138626295,21.8929298142423,0
31.4782744145268,-5.09751983878312,0
21.4738492259828,1.28729220196166,0
-15.5394010914694,12.5032269300919,1
-26.4597251040992,-14.8631646937537,0
26.4411996958474,17.6624586731456,0
21.6489489230794,-8.34732643949857,0
-17.4168058364999,7.88960982593355,1
-20.6863864339738,-1.79584330269788,1
-13.6022355012397,7.22409987466292,1
25.0466971343367,8.04752595060639,0
24.4858467896742,-11.3375378737152,0
5.37189663662275,1.92411846347274,1
5.45905235339241,-14.7738961728908,1
-16.2626112900471,17.889901071345,0
15.1341505068919,3.19976879387284,1
22.5156036893999,15.1923547150985,0
-4.43923173250707,20.9308963514975,0
-4.08761351146716,13.0401781636124,0
-2.60965696425159,2.38145753663229,1
-16.7930217671293,16.4166766464556,1
13.3285241996612,-10.227667089683,1
30.678504003629,19.4068602151984,0
31.0479683124765,21.5715895831072,0
18.7869677539342,18.3642969920057,0
-18.2011254616505,-20.3631088222303,0
14.4124758456323,3.78313350241587,1
-27.9808694238611,-3.47569306745716,0
-28.6139367436952,-19.9967029570996,0
-23.4913831534187,18.7094296372543,0
-26.9243604382819,11.0592272818517,0
6.46331476042238,-19.3424619322446,0
-32.4245115538845,9.77389755459231,0
24.4967928860833,-9.40139187404382,0
16.9406259684034,20.4368371726531,0
32.3652108893289,-15.4294412042864,0
-0.559466516904635,4.27695060390185,1
11.7711002821748,-1.53257735297225,1
29.6493843250882,-3.90119931011359,0
2.92794365964561,16.7415143596602,0
-16.5524074935751,-12.1049197447528,0
36.1727713588773,1.89034181073125,0
-35.2316608200635,19.6945084329564,0
-13.2054124474163,6.74698931673308,1
35.9490354158544,-20.4997283362477,0
-10.2575204767632,-4.89035379132157,1
-14.5046289639103,16.4524546007073,0
-28.8106587718723,-4.91427176967814,0
31.5981935071,10.8639045280497,0
-27.7036563682059,10.6086646489802,0
-12.7590402210461,-11.889770315334,0
30.2084718223912,18.6472895452505,0
-0.0266928836072253,-14.4302160965652,0
8.76190640834431,14.5311196895982,0
6.31810557473727,-3.92284157445473,1
15.0672984236835,11.894820834591,0
-35.7707419506685,-7.03903714698852,0
2.1190842681372,17.2187506305637,0
-35.5624636720811,15.638762918683,0
24.8628165355599,-16.196265024324,0
-12.1610483073552,8.02411150491998,1
26.3500328749203,-15.4185008166292,0
-19.2987128999365,-3.94380978600946,1
6.19333517997808,2.19769813735564,1
33.2634428096829,2.2793169872388,0
-34.368165778735,12.0119187277028,0
-33.8976979030619,10.5930039066658,0
-36.4330294068807,17.9377163960429,0
13.7923670789121,-1.5965277413785,1
7.49576802412583,-4.36466108414348,1
-29.3337173768102,19.5316482213978,0
22.5146466551642,-17.7929494678885,0
8.95664462258519,2.58489262595769,1
-32.6637721769912,-8.03460605146867,0
-32.7347980848319,19.5699086482205,0
-27.6634384648732,5.2316861763118,0
21.9557402939327,-1.56702263607588,0
-30.9777171977889,16.6773875481101,0
-19.9219718074447,10.238149093226,1
-19.4827586411244,3.92547896841518,1
-30.033511837924,-17.5716482929147,0
27.2348097773856,-21.0373556554465,0
15.063182229647,-18.2909331141863,0
17.7644021280094,-1.97327800356707,1
11.4403274585734,-13.7139800782402,1
1.2365629988338,-18.694465206638,0
-13.194501733245,-7.52106474200221,0
12.2949909551661,-11.9993729138318,1
-29.0650231687465,-7.16447481691506,0
-26.7658765221979,2.30768445833984,1
-36.4978855566099,20.6056991556743,0
35.2861715027665,-12.0018939150866,0
35.7483405530117,-4.39359071371738,0
-28.5866014568417,21.5939439401153,0
-2.47683796514107,-1.67118581850514,1
11.90874425114,21.3193399017449,0
-15.9458969359021,-0.0686259381471466,1
19.3447846184384,21.4721720259005,0
4.41697190328183,1.67637370037312,1
-5.48776273831734,-16.1525542907116,0
-17.6932516471608,-7.0750592810167,1
19.2839416341127,10.0763659085834,0
30.276600700428,-3.71166938104146,0
17.3617465807917,18.687742997416,0
-7.08090976625888,-18.9071675567517,0
33.312003859281,-5.30659523338228,0
-18.587513424727,2.86699677322954,1
2.52040628627051,11.2900385943014,0
34.5613701486041,10.281284743044,0
-17.6511872305527,-5.22522458720534,1
-18.9935688351912,17.8048822550832,1
32.5031267381904,-13.5070910635347,0
-32.7877415097854,17.1753161801514,0
-15.2455706213743,-10.6402694165047,0
6.9603485958839,-3.79908628984782,1
-22.5492649529184,-21.8557089554361,0
10.3271231154034,2.01679870683313,1
22.6761395950996,-6.81968887156885,0
0.129279979680589,6.40587303924326,0
11.4617223321348,19.0161612020435,0
22.4925789022656,3.85916449063314,1
-20.2635936265609,-10.5334674855836,0
7.66375932104422,17.5976175200684,0
-29.4528592428702,-21.2411656295976,0
1.1981896428895,-11.9714699566861,1
25.6758925061378,9.54176047897859,0
31.9800482079015,-17.6163744360669,0
-0.134677361392953,9.54877095936087,0
-16.9015547079065,-11.4584556382045,0
11.5915170168704,-3.83508801291089,0
31.7147090888507,-9.26464580559593,0
0.747798467119893,-15.3287966126556,0
36.0385527689974,-8.36872781646322,0
-23.0068004006041,5.87132928979153,1
-29.549941232041,-21.005934382675,0
-15.4010737039847,5.46303116318938,1
-7.87219129730877,-13.1916918284503,0
-6.0225680655146,-4.52951821265773,0
-14.3278728185656,-1.50345503420751,1
14.7320809908492,13.1277319575652,0
-31.017740671366,-12.275808272488,0
-7.44126495318447,-5.17501792811424,0
-15.5662588937229,17.8986471719459,0
-14.7062447939952,-16.5494526374972,0
-29.9773540641191,-20.0174780454219,0
7.13089794688438,8.34256693247726,1
-16.5127087653984,-8.88267862647898,0
-26.203156808598,21.8486546100606,0
-37.9499412634555,-13.9070125218325,0
-16.446748302043,2.4264568405279,1
3.86162649844958,4.01713252629589,1
28.18856655428,-0.0423805334763259,0
-34.7887396747306,-1.64737359833576,0
30.7588705914408,-15.2781589420846,0
-28.0459694362474,-10.6234116251208,0
25.363400057353,9.78473906935945,0
22.8355964923287,21.8392862309628,0
31.7588869918966,2.43365371556222,0
-27.5649219581133,6.32186793598912,0
0.359656134366098,7.95549546266465,0
-7.22315551108541,19.9236230858101,0
-24.8085157233615,-5.87844220187981,1
5.71395454755686,-1.35424128835198,1
8.07256287553152,-16.3442528513268,1
-21.7021237283857,-18.4885051060866,0
1.5148513842893,1.93635749216584,1
37.1781215325934,7.58150615460869,0
-0.766447656582017,15.1143057116451,0
14.8103640502183,4.32628909323044,1
-6.73194111852987,-19.2543508197217,0
-35.3569677524193,10.4564070068295,0
-15.7448017463914,-15.242240223132,0
22.9095720710926,-18.2552756620669,0
-11.6658487172061,-19.8436924230094,0
-31.6679881933857,-18.4622593606538,0
0.844084191657345,-12.615218108442,0
-10.1206610032262,-4.90431589713607,1
18.200442371449,-9.32877525847751,1
1.88025245959161,-15.4127009902106,0
23.1435866868636,5.88794815961646,1
24.0852496077644,-16.9975996298732,0
-23.6001673919066,10.3171828342219,1
-28.5992972783084,17.1609858931423,0
24.3957324033176,-2.51194669022575,0
10.4802191208691,-4.04419879377323,0
-36.7748950569516,-3.79044609754438,0
30.0925517006197,16.6628831101298,0
1.16850434111839,1.19751509253533,1
3.38366731431475,-16.379272929609,0
8.08960782688804,-12.6924103943067,1
19.7931525558536,-14.5971060983159,0
27.0063622626444,-6.39213927368963,0
-8.90199792678607,-5.95941781812633,0
-31.5666616650909,2.27377715179631,0
17.7743707073767,-16.2209578053792,0
-12.7688107205433,9.25706000018742,1
25.820964650473,-6.38053639587814,0
-9.74902859074164,6.47152915304448,1
24.9443605225558,-3.28754704058666,0
-24.5845841989214,11.3227407636484,1
-28.1564905613653,-11.3095758604808,1
28.8711522637588,-13.7084553611417,0
-34.6499862364551,-15.2796195002219,0
14.190721404541,21.6134077391602,0
17.766740774953,20.8876432140443,0
-4.77489476940595,18.5724528277178,0
-9.13224231502026,-2.14268163629533,1
36.4539654283397,-13.1207512850939,0
-7.67649988151616,-5.47504487018679,0
-4.54579451552806,10.6993177637659,0
-26.0826005466259,17.6484344140492,0
-13.2213944109521,15.8599449337206,0
-14.1312934208167,20.824715088753,0
29.9820504567234,-15.3337738710423,0
-19.226162375933,-16.5810604509097,0
-14.3883947906387,-13.4726130204857,0
-6.925962988795,-10.6643201101502,0
15.808827948868,10.0397921031895,0
-27.0835427754786,-12.1718858828393,1
28.2204770595497,4.26985621884766,0
-31.680151846737,-14.340103325572,1
-2.90792428402202,3.30973811405271,1
-35.6904342017525,-1.80475773737388,0
19.2432404858729,16.8492707953382,0
15.2032428842511,-21.7139124615146,0
-21.6970692915367,-5.83390890056784,1
13.6727560997798,-14.8395754752122,1
4.35424373243458,-18.6431674713263,0
26.6515965968478,17.6506275279305,0
4.45097737701931,-3.17276878852832,1
30.5347984676148,2.04497251381032,0
-6.11665449499793,-18.1703566870693,0
-10.7822451880332,3.91141267582958,1
-0.836948679159043,-4.0530451708148,1
-18.5468772838335,4.95342927282444,1
32.6168644434221,-20.2247462509438,0
-2.52648212000689,-19.8894053646532,0
-18.6954033576722,-1.87341157071451,1
-5.22739800686638,14.0591948458084,0
15.3922808551781,8.74948735692016,1
-7.42293003301829,2.19757026139736,1
-24.1801540214077,-13.1592690374378,0
27.0750848271478,6.07143832767066,1
6.39929306478149,-20.0055015556778,0
-9.60801251632778,9.71280932739784,1
-21.1512144456018,-3.33060373807964,1
-21.3564470539006,0.694806682124067,1
1.689665669938,18.0963523713298,0
-5.05987377493013,10.983885824966,0
18.33910311069,20.3312949694414,0
-32.6458279430407,11.3245016228463,0
26.3973411661858,-2.7241267120206,0
13.670897826401,-1.95812425799455,1
-27.6144843357079,0.509645365379683,0
27.2385663319802,-11.7211558572199,0
-22.8126065253023,-2.65378559481043,1
8.15783405408011,-15.6544173016495,1
3.2714187577335,1.02908253248208,1
-25.6633234055298,-4.23300963011705,1
-37.5703668223597,-19.5815995887083,0
20.6328711845711,-5.96982423800113,0
20.1238542754058,-17.6626570441199,0
-5.99872922049698,4.83862937340782,1
-33.6821982460039,-12.1703631989797,0
6.51677163780131,3.5493222487502,1
-24.7642014230136,-7.45755352705154,1
17.3744102030396,10.8457676541353,0
2.60611979551822,12.3906973873132,0
-18.7671141308926,-16.7580808424086,0
31.6963128697044,-3.03649549360147,0
19.6227842583716,-15.6048497677489,0
29.414335649329,-17.6216120803661,0
-32.7713389961175,0.60171986156799,0
-24.0518571398842,-13.8576008148548,0
18.0175217485807,9.91220589199155,0
14.9503288013788,-20.3012111740605,0
21.0514608336582,-14.2891382172497,0
0.144659855684523,15.3399023696498,0
-5.66224107180037,14.5159887429893,0
8.4540219388469,-13.0256901137925,1
27.038663743492,-0.548784565046343,0
12.980580282497,1.55917613026692,1
1.79299539804821,-13.3978964446771,0
-15.2900288318663,18.2242177529506,0
15.5016499774908,-9.55797720504881,1
-8.99757342484494,19.8461298186687,0
5.14405983291299,8.05940647157293,1
29.4774326036533,5.18804410205556,0
26.0641459636419,2.14420090148128,0
30.3086902432464,12.2299802094308,0
33.3642349499382,-11.7395053617781,0
23.9730718513448,-16.8706473054817,0
-37.8968050122616,-6.44916076225893,0
-37.7651069856326,-17.6167170846435,0
-31.3523699597749,-5.24317439562657,0
-18.1847213084717,21.031692803211,0
-36.2673010312891,5.02088738423443,0
-5.76955377075316,3.34058974709647,1
-12.0790623628986,-2.21264942722337,1
3.14289893138554,-2.38594049231799,1
32.3888502763135,-4.0725390621831,0
-15.3140420234978,17.5377945792851,0
-12.3055556673026,-3.68097183358928,1
27.320488147716,7.92685585008831,0
-12.1236483818271,-20.4179410628918,0
-27.5028493681934,-14.1648640791913,0
0.592720606797812,-17.8680120387004,0
27.1058922437684,-16.4913673223561,0
-8.79216504092136,-13.7047253666424,0
14.8725104389865,-1.52060596256639,1
9.72071751208171,-14.4419702868074,1
-3.77050026925367,0.926364744842168,1
-2.00503640048478,7.71281175958918,0
34.1776828662685,16.2311477033334,0
-31.6541853040109,11.305225128738,0
-16.7330020799838,21.306197109525,0
-4.02744449056247,-12.3270389664948,0
6.65541606364382,-14.3880634625077,1
28.7001945195037,18.6000305819626,0
-2.34836046259454,17.5532394338707,0
-4.75619584666923,-5.40331255892511,0
18.7100554380882,-15.963263307564,0
-2.4388045986113,-15.7408356692079,0
27.4228786803985,-21.70204052005,0
-2.54508705900697,13.5489078817861,0
-0.144058978674096,14.2914436241782,0
-0.955270264426147,18.2580716729411,0
-20.5603731191507,-6.64652057281035,1
-31.4980303369117,-1.90794970255046,0
-32.8788681657231,6.40704389781831,0
29.5177110451479,7.63418368424622,1
-20.2792558891059,20.9399177007718,0
27.4812777588119,4.98778126341737,0
16.0918670686018,18.8209936775256,0
28.3337874712569,18.8395641243995,0
33.2881525258919,21.89958292723,0
-27.38361483039,-10.1950808275603,0
-8.06358899132374,19.6303420855161,0
36.5227750583441,-17.0663834510157,0
11.0043459748886,16.2784314455234,0
30.127143238499,-17.1815068652333,0
-1.35048918680332,17.5251317889523,0
-36.9289262856342,5.94849842952223,0
9.33890617704446,4.44372717287735,1
-20.4367524035538,-1.38944369260441,1
2.08498117102418,0.611819466204985,1
17.0993890631502,1.97001597775832,1
8.16360012701509,8.37088075571209,1
6.71584988043905,2.77329689883301,1
-5.0589521574876,-13.0296031530625,0
-19.4428600934661,-5.49221887275164,1
-5.39901311287144,5.75765829415774,1
-37.2265133803449,0.667106802295109,0
8.27043012737137,-16.332718151641,1
34.8061143029992,14.5116453650169,0
-30.7460642102304,14.9354025481757,0
-35.2951171831088,-7.76703456473342,0
29.3538684607571,-15.0308240964164,0
-19.2324562556303,15.7158234176228,0
-37.3224557247464,-8.03228184965951,0
23.933940630051,-10.1360536825161,0
-27.3220428222937,15.8666770674877,0
28.8698494615842,13.2536795450947,0
-30.7513642571201,-10.4513306115772,0
-11.2054323051034,17.5495373571948,0
7.09996315184934,-16.4608734210545,0
6.47380452437303,15.6873493599787,0
12.7438140780222,14.2877812678518,0
11.2500607442336,-2.02959256739663,1
-5.06395088226702,-16.3638557546707,0
-27.3783343084564,-18.383256759703,0
19.1466426061064,-14.3366231182746,0
-19.6242036873714,10.0080111848299,1
11.4349085083327,-0.573187049423069,1
27.1604286234195,0.30468972034771,0
-31.5878442005687,18.4774988605863,0
35.878776290176,-12.5194624660483,0
-35.6090448975072,-16.0225354472054,0
25.4907458338093,-2.55661181688326,0
25.5142144609854,-12.228321056299,0
-34.2108298977349,-11.6129423655724,0
3.48735187570307,-9.8825138381489,1
33.6809078138164,-15.9227725715584,0
-13.5680466898808,-14.2392713084465,0
23.2914770882933,-5.61794032785483,0
7.7063053992135,21.4160857810675,0
22.0111553493509,15.7894471804617,0
22.738062663368,10.2956140450986,0
-34.233077816056,3.95008320546618,0
-16.4769038280881,-11.4912556105425,0
11.6627186224773,-11.3330931348104,1
-0.786193755036194,-21.1673453784282,0
35.936770012821,13.9154986700868,0
18.8852331582582,9.36870035751026,0
5.15592738014935,12.0936235636352,0
-15.278723577253,-8.98702586356984,0
-18.5356566393003,13.1261642349569,1
29.3788483752776,0.379058408935798,0
-4.04313442850716,-16.8122576172949,0
24.0150312505118,16.5514789155716,0
-30.5263650674075,-12.9606297595331,0
27.3291024641207,-9.15420860634604,0
-35.9001953797507,-9.20288545711005,0
30.3358890034837,16.5195388963014,0
30.3950980399893,-14.9165719109122,0
1.83205673091959,9.80362790348045,0
-28.8648370388178,13.4448839145616,0
-24.4876490215068,10.6406217145668,1
15.6641771826547,12.8517574165143,0
25.1833414854157,8.70414194606903,0
-35.3526296368526,12.2496292463414,0
19.5957419893309,-5.93184969585238,0
34.7405255280885,18.025586458616,0
-11.9418408602396,2.33891601318847,1
10.5065219162776,15.6830173033222,0
-11.9315582902553,20.1304733500058,0
-21.5481738901269,13.4242707249963,1
21.7512476543214,-3.60970093435438,1
16.9548369254558,4.52898214834014,1
-16.8082432361533,1.01467758214989,1
6.26478858154049,4.76509091815523,1
-6.00356061601071,-14.2733694862024,0
-31.0027782866681,0.79439958578951,0
-36.1739232994871,-0.139664577767398,0
-0.672918895136227,15.233364279232,0
-16.8517064684572,3.20347992742246,1
-12.1784555245191,-14.2539655794065,0
-16.1614296768542,-16.2933727672592,0
-25.0113541210396,6.9191050331946,1
-7.65598811461136,-12.6227955428237,0
15.0213672028003,-2.40159423275435,1
-22.5205907781949,10.7883124993083,1
12.6408131252028,7.28243820029218,1
-4.32697720497124,-8.82659262260656,0
-5.06955981624708,11.9924313236101,0
-24.6818023780108,-6.36261628936135,1
-23.3166243062103,-18.0347224174987,0
8.84802120515384,9.99588756819967,1
-17.5551938016226,9.52681160835077,1
4.53552280280898,-18.4330709211456,0
33.8035833733273,10.4064090741516,0
16.29984431692,-18.3151872045025,0
13.6206938099445,17.2343872578601,0
34.9129241793386,17.0759133603062,0
20.925407708883,3.05093419837998,1
8.18724944048002,15.2699026049749,0
34.0481793093347,-16.428526780527,0
-33.4672366075122,-12.992707076304,0
-17.5778617615477,-19.8233384867816,0
36.9876833425015,8.46478862456032,0
20.687711639146,-9.09541544593275,0
-1.8730732032076,10.9053812546553,0
13.7483662221004,1.52851396590576,1
-6.31295862521195,-7.57138735441422,0
-9.10866058011823,18.5249686307444,0
-21.7914504302841,14.4524767366861,0
-8.89671282580512,1.01158099002091,1
-35.7452508852321,-16.6021267510207,0
-2.10359905361042,-17.9370378533514,0
-12.6636757998722,7.61026843202733,1
36.1642051123592,9.25896594794155,0
4.21370893510154,21.1581954077754,0
26.3190764715515,20.3433563195783,0
-6.98717442545478,-4.30902254493035,0
-2.88661955318418,-13.7757395829913,0
24.7993107843288,-4.86841762285096,0
37.3314431900246,16.9452437781689,0
1.82002134403427,4.18968222384303,1
32.3332036119901,5.64061637432423,0
18.1656614756663,20.2691078841481,0
5.12468426906599,-11.4504688284547,1
35.627102383661,-8.00680479086584,0
24.6619559062381,-9.40701439072168,0
34.9303052038392,18.3925248940405,0
11.1223009737457,13.5760491958379,0
-9.15241510653805,21.0084435390365,0
-1.78032425309497,-14.38364719328,0
31.3036257500546,13.4282655570906,0
-36.8711069616416,-5.96641261593471,0
-26.0912676102189,2.72256577424644,1
-2.16084138373153,-9.30991133257727,1
3.2673688082395,9.62190523582317,0
-33.4634815386786,-7.54516787762058,0
12.0103032277343,7.78750544189264,1
29.6122830568072,14.6759920665512,0
-29.6679219352439,-20.1299449830272,0
-4.72924331942336,20.4233526905853,0
-16.7025131898434,-16.1833232628677,0
36.8787197462914,-15.9780008804817,0
8.26566175741468,6.70692021398156,1
-18.7150602741981,-7.47472100642749,1
-27.9212807595244,21.0159351218345,0
3.42037173260016,7.18700947062039,1
24.9130987917901,18.2880193042238,0
25.6124765977346,-15.656374272342,0
25.3344971746161,-17.4220650378363,0
-22.5176269936624,19.3458876183306,0
3.37574514290677,10.3191513736042,0
28.4956468372185,-20.9765714192883,0
-28.8039934511053,-17.2447741714101,0
27.0826584088322,-17.2768056438772,0
30.3829774411369,-9.60003770769128,0
-21.4422505808283,15.9623215177367,0
-32.1495895449482,-17.1707694690763,0
-1.95964780337772,3.25992285995453,1
25.4620873958344,18.565936214499,0
-2.32609384482056,21.0483421766371,0
-6.55348461703836,17.7936621995325,0
0.208716052599897,-19.7704300329892,0
-28.4665630400262,-3.85192196857146,0
-27.9463152674767,-8.28749123268381,0
28.1561277507225,-3.37800556699018,0
7.82421377894341,18.251174736402,0
-17.8370688199113,-9.47505147928183,0
27.724996084327,3.29782654770221,0
-33.5836811749779,13.4879332166586,0
-3.21070473224145,9.619641136902,0
16.8879329515633,17.6503528316556,0
-12.2360644786979,-19.5627937354389,0
-7.50729087360024,15.8443270563614,0
2.05046116680685,-21.6587596690966,0
29.9619142993031,9.58715099805994,0
21.1554100318116,9.27964371761288,0
-32.7280621971558,-14.2763648740592,0
-16.8123758248006,16.2648301231921,1
-9.16789256385903,-15.1112637843723,0
27.7151135251108,18.1263965684568,0
-6.08301192478687,-11.7124322394286,0
-19.7693120146169,8.18660912162236,1
7.42174324743957,6.15553432478758,1
-1.56526532624859,-15.0658494966039,0
30.2896101394753,-9.25381943907242,0
33.0379020814496,-13.265031625406,0
24.1593993696449,18.9997462245061,0
15.8770823965384,1.79231771861547,1
18.4847633507426,19.9127951934167,0
30.3779434712578,-12.4316067457653,0
-33.0417748321834,6.38144683058135,0
-12.4707509777147,12.5938750276263,1
-37.6705344817313,-4.38864317095506,0
24.9352658393533,14.8189966759181,0
0.565088675041387,-14.8258087588559,0
-10.1716548526713,-13.054224644584,0
-20.7753814590279,-6.86489728140867,1
2.64720992936418,-11.0382783428782,1
-15.9991501543931,-6.78913870658679,1
-32.8038117941645,21.4007328881199,0
-31.5422233369136,5.45383325928497,0
-32.8062004218158,4.23563666677047,0
-6.85394606456184,3.40084626249481,1
-28.6230149444871,-4.26650314558011,0
-4.33073895767004,1.99963364802279,1
30.3194200092868,12.2067125013883,0
-11.1234358642898,-1.30224638995377,1
-28.8664629140079,-18.110952225831,0
5.25243793372183,19.0917904367982,0
28.5024872037774,-20.0816670094897,0
-11.5083017401042,6.54263903402959,1
-34.8140036269335,10.2530044199716,0
-27.1821813264822,-17.8981523351155,0
-32.1789445493923,12.5640753909253,0
18.2800207868674,18.6922624499525,0
-3.30409032375599,2.82701511891739,1
12.7869479639802,-2.01312147239604,1
15.1427017458377,12.9155655691124,0
5.42314814169762,-9.51373226776622,1
9.78069398853757,21.6524811812178,0
28.7100583068439,21.3830882875827,0
12.3387322117309,1.59190051875327,1
28.5314345024849,17.3535325268484,0
-2.46870656829471,-11.6357439877688,0
-27.2584618464135,-0.945723035884978,0
-32.8217812503233,17.9329585043519,0
16.2824229259103,7.20475911435332,1
-14.593061858093,-2.82681107563052,1
13.0084618500788,15.5754975133251,0
11.5839834920921,-4.5744472623489,0
2.35971171422774,-1.38137680014508,1
16.3481344139352,-2.20003723973818,1
0.3656073497542,-7.74469544724403,1
-0.912048753602647,16.3160543864829,0
-0.16428851371991,16.8649898710608,0
33.1341420526565,-6.90753917593519,0
-8.41459210746407,19.9725173811819,0
-29.0969674047042,-8.37195622773683,0
-19.7278098981858,18.9866091562662,0
14.0530455918151,-14.8764938165903,1
25.7832747445293,19.9293332183009,0
35.7309921002506,16.6548311722357,0
-21.6471094268935,0.31550417980575,1
19.786094327786,-21.1972449555073,0
6.39181658921049,12.2388103126096,0
-7.37568010458566,-6.18388157171961,0
0.763065669575099,15.3361639850024,0
-0.33103934953634,-2.94527003906832,1
11.5039940324102,4.65440349157541,1
18.5216669913437,-5.38648053738097,0
-15.0515363463304,9.74204052148276,1
-31.1894929246386,-8.08838018331793,0
24.7733766688025,19.7714651880859,0
-8.39138732195132,15.3888178239957,0
20.9231688484318,12.1263080716492,0
-24.3679487584178,-8.82127091461013,1
-29.6885480614481,16.3987573810118,0
30.7920336949644,-5.49635708358475,0
28.60267629811,13.1304615020594,0
37.9842348978011,13.9386469779896,0
27.6833561403383,21.9565701353822,0
-35.1973083064257,-20.0160939144048,0
3.39586559255078,-11.5806826317184,1
37.8188298459516,-3.04014167518229,0
0.836619722699517,15.2785593907123,0
28.3869253711149,-4.9968495167541,0
-32.663168102423,-16.5964960484871,0
37.0529439989277,18.2715215645494,0
32.1262206455497,-13.9775832070238,0
4.88382988958312,3.99418199116462,1
-5.2088839207498,13.7434142880426,0
-12.3238130405066,-10.5089095072857,0
16.7749805163911,21.3755684892941,0
-36.9621769335865,-2.58469753931203,0
-9.57142534903739,-12.0885274848674,0
32.1240767498048,-13.8723842647519,0
3.53245325022471,8.72257445715668,1
-1.98459789883847,16.5086001751213,0
-0.263163798545207,11.8344344943592,0
-14.5181978273262,-10.4968726474391,0
34.263654471909,21.3710584278021,0
36.6314893463495,-20.0559043241253,0
1.03079586923595,-6.85756124703058,1
37.4368262038775,7.620135641642,0
-3.35587864304095,-19.5036966885582,0
-5.6208930522005,-19.5988872595066,0
-21.7956768113588,2.85407260506797,1
-23.3130394873751,6.64164276836806,1
25.2893226937454,-11.570776842154,0
17.224419569977,5.58432038040872,1
2.2606727368389,1.32168732721245,1
25.0101360499491,0.628487599244387,0
0.902456781707286,8.87161651456524,0
3.94910031534553,-5.55761094934203,1
-21.7903480547919,5.01745539646133,1
6.67436760052747,-8.47937545530493,1
-27.1499948735413,-17.9125336041867,0
-34.0310118852886,7.16854394796324,0
13.9314015632511,-20.7426910110747,0
8.25052035930653,-5.08002743272022,1
-21.3061489566318,-18.8297158749815,0
-7.12272438509779,-9.15558848082664,0
9.8730038019485,-12.6209789075962,1
4.20337947913445,9.76788544152727,0
-28.303991285092,9.02110112337489,0
-25.1409267941734,9.4652764784343,1
-37.9240442231267,-6.10620362144615,0
-6.21965218901862,2.04467910763439,1
-0.875088405390215,-6.25539154854806,1
-25.8499679204123,19.402082114691,0
12.6797318690057,-2.42917244743442,1
-36.6380519521046,-17.1239666602898,0
-28.9046729045376,16.0653576873604,0
34.3615234747274,-20.4355805291493,0
36.1649017908466,-12.1763992554795,0
-35.6504950612012,-15.9296339164859,0
-0.464979874738809,-8.68669458661433,1
27.5668817385511,-10.8155616379852,0
-19.5414113617236,10.1720887044777,1
25.4045324426287,6.05817912029879,1
23.832930622618,20.9107848500421,0
9.80195590974794,-7.43239112377023,1
-37.8298969093767,-3.48959573126348,0
-9.14098058075298,-0.861276636368011,1
30.7348329334251,18.0327065336085,0
13.706726544916,3.17348586458661,1
-9.2094420648111,-3.30722277873048,1
10.0285580133774,-2.00561452718911,1
-19.5115162922352,19.8531447390624,0
5.42739344189614,3.64961884100773,1
36.6113868070081,-4.77684689182924,0
26.5758334368193,2.55542248844388,0
-16.4582418876314,21.4083807252097,0
13.8667824982166,12.4794137248619,0
-10.782535645368,-18.1182124537607,0
37.0064345171006,-5.34610286046502,0
-31.6170415225297,11.8582030821439,0
-18.9767526365108,-13.2260680719208,0
23.6623427639404,-6.46466334301722,0
-31.5838441052655,-12.4221459962419,0
2.37530124438113,-21.8545734123806,0
22.8473464152442,-13.568495099533,0
18.1505663860008,-2.18950443462401,1
-27.2336134970131,8.00047245376828,0
-4.72003639921826,-1.40507488403342,1
-11.3710916965763,-16.3514698305436,0
-1.6341902129756,13.3621086856537,0
6.64265840943114,-18.6571894100634,0
-26.9187671633164,-16.5845637255324,0
30.8051261505717,16.326525418986,0
10.6547628732489,8.15934421935665,1
-25.6165925705091,0.523932035642318,1
5.00920491612595,5.1259612420802,1
32.8028264102668,14.6320680382726,0
21.515743160032,-21.5350010863307,0
14.1122224104031,0.968300130296733,1
-2.56733434131159,-5.11021480276531,1
-18.2158247293437,-19.4147550645312,0
5.26438100185345,9.4293989233711,1
-19.0934296205062,12.2370871310897,1
-13.7330790444118,9.53258834962883,1
31.2209696484875,-16.7265833860638,0
29.2767231155752,-7.76029871209418,0
22.3887962366048,16.1120846887773,0
32.3615453446827,7.70742069452061,0
-24.4081637410333,-11.4701034442579,1
1.33312726597135,-20.747115753983,0
9.65240404710752,-10.3903160324981,1
31.4018582884687,10.9365336379965,0
12.4615872917494,-3.04399480171359,1
-8.42134545256141,19.808055987125,0
18.2405761876276,-18.2827029284909,0
24.1402493378635,-21.2771474643948,0
7.62620428141347,5.042836566438,1
-31.5402230977946,-12.6052889739842,0
32.0992080828441,11.161054070543,0
-33.9265660359416,9.3303443286082,0
2.05389640347981,-4.1127008880716,1
-28.9671509768992,-11.311032713265,0
-9.10913274168363,1.28971381674625,1
23.7752725091483,12.8644020077127,0
-19.4487104165516,11.9478620210352,1
29.2161220911117,-5.59011056822185,0
16.1611564016954,-2.81593540756722,1
-9.26071870575711,21.4141437401731,0
-19.0821095643091,17.4324638207664,0
-18.7831153618152,10.3604737590116,1
20.3105131840471,-12.2887052117656,0
-34.2104967364097,-18.9580012066067,0
14.0819311382771,-18.1020581224811,0
9.1411372834761,-10.4530621770101,1
18.7480318776231,-15.3358632702698,0
36.2714292742709,-5.97785364855278,0
-8.82257303779323,7.9659370640878,1
-18.2243742241571,-17.5063460327552,0
28.6876847370734,17.031438582714,0
23.2632947468091,-1.44135790289542,0
-2.95479793674284,1.53463042783064,1
-31.0869117177592,-18.4307961295464,0
4.88443072076306,-15.9036311405086,0
-23.7589004247059,-20.5883369977811,0
2.40840852799968,-9.96952558222248,1
-11.0174675452229,11.467139069266,1
-14.0764536385825,19.3041408880511,0
17.2323516320447,-21.3260832613805,0
1.19873721814891,-19.1710422753858,0
22.0890122413483,7.36082509309147,0
-22.4585638167193,2.76286363073675,1
13.5360618945445,-11.593342381282,1
-34.0110987595102,17.2777464739336,0
22.8890995395499,-1.68921732127184,0
13.5712165502678,4.62808622808755,1
33.8966798263887,-8.16194105464544,0
-31.0415811415129,-16.0656700674071,0
31.0413161639415,18.8373978705359,0
0.756430816043505,20.1480890022885,0
8.73267095064418,21.5279441496352,0
-13.9785887326671,-12.2023545705124,0
-32.110951404828,-5.8097441034436,0
26.6466690162817,9.37940592413849,0
-27.0159550719131,-20.7122946780347,0
-9.84307975829509,4.24176613866223,1
9.30174891417508,-6.7031919170151,1
37.8139445847841,-2.42021088660187,0
1.31815412667264,-15.5714735655532,0
37.278852351424,-14.225064794922,0
-20.7833808457563,3.64722482607946,1
-7.75160583206374,-3.55905781453302,1
14.9392204028846,-8.68495344511982,1
-33.0873022815323,-1.98126834722208,0
18.8222802607556,-4.22885982622666,0
-6.0495672263062,17.2604852975423,0
23.6601239380898,-3.4940246903782,0
-9.14999828143354,10.6012103563991,1
-13.7508456635244,-10.2313921723777,0
36.9398810712227,-11.2531129255063,0
16.5817487959393,-14.7241464134239,0
-6.5980647486878,4.71530781761698,1
-30.5041019695386,5.06316378256984,0
17.8264935126471,18.8104373050572,0
10.4352780668647,20.1617608355092,0
-32.388017368059,13.2795633997672,0
-28.8413793534496,4.95681944978555,0
36.6013118776451,17.0897946688215,0
-0.243243944784659,0.830732536175233,1
-36.2965622625484,-1.61343976345173,0
-33.9088022783172,-11.1671043920153,0
-27.2935913822601,11.3512514422783,0
29.9040476922541,4.17395602083494,0
-2.59767444318036,-21.7855987317618,0
4.62511209814922,6.74071139751322,1
-0.421317598861691,20.0345715153528,0
-32.848302875078,-0.0555630967646223,0
30.2211372204005,4.60244776517384,0
-16.0690365250242,9.39414859608788,1
-17.5524420787327,-19.2290220681295,0
7.15875733270757,-13.9726445917902,1
-1.83319417172059,16.6327905557451,0
-10.0083611064214,12.5681183009234,0
11.826442877734,19.303035423358,0
33.303230841124,-8.79070412846558,0
9.15231411958358,15.7170861989403,0
-16.5041530373113,13.9799514183157,0
-22.406224853093,14.5381009326296,0
-4.62580979887227,-2.84017508056652,1
-35.9289833057779,1.78571736359063,0
28.5900095329863,18.1982739862159,0
8.36701071685858,4.29980277805998,1
-22.5269790981562,-21.6976732139891,0
1.51367868407049,-10.017105574866,1
-33.9093530365909,-15.9514619919111,1
27.5262447648828,9.18277894941931,0
-4.33696537990592,-20.1736903876678,0
3.64869595751004,-2.78325655392935,1
5.08142321598232,7.93569965219107,1
13.7100193322873,2.27662219385302,1
-9.77522806492501,-14.1706310494081,0
-32.0546181018879,-18.2360057123214,0
-3.31734500259782,-13.7820329663885,0
-34.3638711878173,-5.77436679488432,0
18.107531394036,18.9679470427718,0
-35.111883309907,8.65209215715852,0
34.5225686513155,-14.680916101278,0
18.4202974192348,12.0340317145147,0
33.2461670950954,-3.8190975421341,0
1.01566294798174,9.178989997981,0
-19.6912352700927,-7.38595176141125,1
-18.2426388175181,2.24656684996677,1
19.6820362619977,21.8446003111362,0
37.4940500519546,7.35601291360548,0
-10.890363005733,17.1138125592866,0
19.2171959238287,-6.23665380984185,0
-29.6363142194373,-2.90333835831038,0
7.37543745069464,10.2541657900771,1
-5.27476477563415,21.7592711499633,0
17.5345693164409,-1.02761067301008,1
-18.1506110365846,-7.41142739587804,1
-30.7946161996491,4.63515804924357,0
-3.72677481387098,12.0189425178925,0
10.6456627803484,-5.03153022658552,1
-27.96504987997,-13.0300145945876,1
-3.58549533337209,-4.98634204937889,1
11.5671695200589,-19.1386094655771,0
24.8518731984129,-2.97795575664358,0
-14.5861549600639,8.34829868475517,1
-7.42036799561589,0.288747998409505,1
29.2015800195301,9.54435190477769,0
15.2440427641908,-8.74646763228951,1
-19.6177055687834,9.06437250222395,1
19.7472179946887,18.269108003022,0
-15.8896439732993,9.05511475938999,1
-16.9146573593826,-16.1425681293558,0
-37.5358069699785,7.28051873978266,0
-9.5219532729376,-5.47514234580618,0
-4.79310866436894,0.107442329415981,1
-14.8733163680325,-4.4436176172091,1
-15.894614873713,20.2591467611494,0
-19.56876052474,-16.9103596098343,0
33.1879543616974,2.69364171176202,0
27.3744583028548,-1.44206955475814,0
-7.81065220672451,-15.0067757796656,0
-1.56414806874523,1.10870137222344,1
4.93970307520932,-7.93144724940327,1
-0.788926394462543,12.3790659144009,0
-17.49431591679,-19.2309081538008,0
37.2202507967284,5.38310896246181,0
-24.0406470837746,6.03036689595473,1
27.4859110942257,-18.4313701403042,0
-35.5199245199093,15.2378333901197,0
-12.7711905114144,15.9251836807234,0
18.9047716795047,11.383845837111,0
10.9718508218049,19.2603051983672,0
-25.1379148384735,6.49519497153073,1
34.367587654905,21.8251800080334,0
3.28853788981094,10.3934897582682,0
-18.8925758121577,-19.4709220182469,0
5.97149554887444,-21.5888086667344,0
31.5762215265363,14.5601781409527,0
30.065335986974,-7.25964881914032,0
-1.32949707911703,-10.1652496605681,1
-4.35176168995611,-17.2347685306769,0
-14.3066236291286,-14.0067976533539,0
-33.7961533293933,-5.11260003864827,0
19.2881747790621,14.8325629396485,0
-27.9719915381702,11.5148835557911,0
-10.9499189496628,21.4387795777391,0
-7.91380673488269,9.28402205110284,1
29.2996132892123,-6.82692966482334,0
-36.3857943047319,1.65404554693369,0
26.1501346597887,10.7440325367819,0
-16.1066310695102,18.8932799300699,0
-18.9739409272282,-16.3504002354608,0
-0.883147738102622,-12.2765709099527,0
17.406744766221,-7.56747533472081,0
-22.6011766915516,-7.12205621308958,1
-21.5630083868253,16.1614187851242,0
36.2014231232359,7.73155086626036,0
7.0859202251779,-21.252727496757,0
-14.8653280648965,0.76732715239751,1
35.545419122845,0.541003340796916,0
30.0937071295255,-4.57427996941188,0
-23.5580637637867,18.5112286050718,0
-37.8632513851841,21.6373002873642,0
16.0940460119604,2.40662416392251,1
27.9472359571504,3.11526084758945,0
-29.0085988523123,-11.7862811023813,1
-35.0342537686992,13.1211167171961,0
7.46278393266311,-11.5349802970473,1
7.92782642798095,3.22567211217608,1
1.24886319411547,5.25499704876091,1
-37.4294372889104,-2.03596069863924,0
14.3589356326969,11.1941619503665,0
33.8975485300016,2.89828206371368,0
28.3887706912805,12.2260698377836,0
-29.3909896081774,10.3044981004214,0
-11.0527300693685,20.4779121710239,0
-19.6128008723707,11.5720226893947,1
4.58533154788696,2.94185305908382,1
8.56726017379122,4.38657862293974,1
-15.1385091097849,4.01627903629925,1
22.6587702788319,20.3125187205427,0
22.4687636312295,-2.56885182288886,0
21.3630122091894,8.4691425675234,0
-11.3165191364904,-11.6222753424956,0
-33.8734011036017,11.906972543913,0
15.8615508904211,-14.959966690001,1
37.4625615391037,-18.5391881550404,0
-25.6517871255686,-8.331154167897,1
-29.3689582609244,-7.73321434032606,0
31.3785323673773,-14.2163962968821,0
-1.3940694916858,-11.1754547652093,0
26.7372523526349,21.640906802254,0
23.5534490359196,4.89739586294255,1
-23.8062746354921,-0.747822920440527,1
-19.2128108873296,-11.2523138902835,0
-33.8816480560875,20.8521013087987,0
8.28107069049475,9.47829414556092,1
21.0696646218228,8.72916939118556,0
0.840870772566845,-14.3070724378671,0
-35.8909932779313,-1.30291085855915,0
37.2692813990825,13.4239400187999,0
0.0714342052739951,-17.1727883552313,0
-12.7681909909521,12.9805029922618,1
-24.7848813642175,16.193228662268,0
9.54836600851178,-17.7166457892668,0
5.71024729328082,-19.1028286650991,0
19.0748892239338,-19.3475622446229,0
-26.3325712169795,-1.97866543964714,0
-10.8841730582207,16.6945522227684,0
-27.059739181293,-6.69448966650434,0
26.6461817986389,-2.78580097680296,0
-12.3218997365662,-16.227219034788,0
-17.085066543754,6.74955173291961,1
-37.5431660430992,1.64959837671047,0
22.9453096149298,10.080972379305,0
-0.196970359868622,-16.1864236597265,0
2.8760559406332,17.3448000987586,0
28.1893518712207,-1.8503330611635,0
16.9361112186501,-17.5724039806255,0
12.7745308072883,-4.35434864582599,0
-24.4090877849182,16.2041750428489,0
3.83764697046954,20.1276575151585,0
34.9505059802858,-21.0586156061377,0
7.29764707095875,19.5782037700121,0
23.4513738651814,18.5640073651528,0
36.8244589696218,4.88230979905385,0
29.3302580229153,-0.432556502760331,0
-21.7483877634035,-2.43096488104178,1
-35.3681153402525,-4.53997819818018,0
-3.71459185335875,-15.3158910290372,0
-36.9516136848648,16.2874472639665,0
-1.99798306589889,-0.630335424274946,1
34.2909788953884,15.8354820186947,0
-19.0796268183871,10.0414434796812,1
-8.63186715786431,1.87297992355552,1
-5.2110633916199,5.75333557660115,1
25.1473728409271,-10.1606421216961,0
24.6731582920955,4.03972829869691,0
-3.57210546511549,16.1174242555242,0
-9.07742708397648,18.7239755366646,0
32.3660092558882,19.8492611685075,0
18.3041156862887,-19.0650029126039,0
18.0601135801348,19.6300707885676,0
33.9656159249141,-0.148134553231909,0
0.767577612860933,-19.0067949894577,0
22.1828180521531,-15.2397647704672,0
-3.63481382299153,-8.97278294495864,0
26.5391017737228,-14.5750467216133,0
-8.32725696085016,10.3485630377098,1
18.1166148744778,16.7066708697139,0
36.2093303587408,15.4626290791633,0
1.77072842434838,7.56929144084896,0
-5.32643707005712,13.1338334458525,0
-22.2559857234216,-17.5788693241304,0
-13.4214951597446,0.997414621693945,1
-29.5738634046316,-19.4177168722164,0
-9.4840358775995,13.8004270124412,0
-12.9272975858133,-6.78984541421111,0
-12.0000069132089,14.4726594594305,0
24.1010326993407,9.89838739963232,0
2.40808388205492,-7.15907381575616,1
1.60527568667497,-12.6955847094179,0
20.8475378829854,-7.04703459096823,0
-28.8600294207216,-1.79116111953188,0
9.53421154573191,1.26488105912837,1
-11.6546998981585,-4.34694366652379,1
-12.5689266761695,11.0845770719906,1
5.67085881695412,-20.8146879658019,0
27.6592607204675,-5.51542418207054,0
-22.9092065150304,-13.7860244070348,0
13.1062732410213,-5.63279554837212,0
30.5391841944855,-7.44269886775207,0
-22.8640541969596,-21.1854770938637,0
-15.3304046129213,8.15015090394753,1
-0.264459459983492,7.58286949833501,0
29.6327216080357,14.6535987352543,0
0.107508830013444,-2.79892094076462,1
-16.9483618280979,5.97262080466796,1
2.58082157868057,7.26506530323483,1
5.64296608770876,-6.34600710535979,1
-6.62686546919953,-7.98446479280248,0
-36.8779616268168,8.35001585765955,0
15.4101250605474,-20.8421851196433,0
0.512783513011314,19.3565201517215,0
-9.02377651955103,5.56789133191945,1
-33.065203349587,-16.0555382049506,0
-10.7479229897629,19.2945635737249,0
-20.1969055675496,-1.41424490080248,1
-22.5336919804383,19.060997869634,0
23.8472483204807,20.8228620508875,0
-8.09897088689609,-9.48808839444327,0
-33.9282870145265,1.70758515110102,0
-9.49608005129239,-21.4466803151345,0
20.8995574837433,-15.0853526130272,0
-25.437380813821,-6.52754107945615,1
31.3286361747861,12.0175762724717,0
-13.7403605824983,-7.91116198578697,0
-12.9367452104199,2.35304147080141,1
-22.4780890727717,-5.2746192126788,1
20.3083199648658,11.0092254799884,0
-32.6820406795853,21.343229037155,0
34.2025800490347,-2.32686337644192,0
-25.9760563470767,-18.7163930372246,0
-16.2301141535237,-17.5807247515147,0
14.2218127200082,-7.20607608292547,1
-27.2726134035279,-9.14281370623818,0
0.918585436740884,18.3469009098957,0
16.8208464743565,0.209537804581363,1
32.592230307109,3.48585166756914,0
17.6398926012358,-19.7259059261742,0
18.9884495760974,-10.2622570339521,1
-7.04371016398163,12.4465801785145,0
-19.7986311353209,1.67321741464953,1
1.58463610631097,19.3495390367121,0
-21.3501206317233,1.65482509447068,1
26.0214806963048,-3.83023927240013,0
12.3829010878984,20.419931209069,0
24.0338816726506,4.36146714941109,1
22.3346976077954,19.4156987576207,0
-2.3480045300661,11.4843159506485,0
-14.4761015705724,-17.1217097806777,0
14.2560228110444,-9.45416685453513,1
37.0007689776375,-12.6457407671873,0
20.5149745650212,-3.75027513153968,0
25.0481443511146,0.0735317627603536,0
15.6624421742237,15.0129597963728,0
7.24556781722891,12.3026741205198,0
19.2184331262732,3.68078763065872,1
-0.249112509281851,0.835229588730904,1
27.7500817049166,-8.84046568787881,0
-32.8298952461647,8.36666918270308,0
35.6094914561875,5.62799858085326,0
-30.494520290204,12.1621140564434,0
3.57025857060089,16.1917281678792,0
-7.37428691755542,-20.836359191081,0
-29.8649481895861,5.08272294996771,0
17.0366289565273,-13.2751575306738,1
8.63985844500374,16.0496108428237,0
21.5055826313728,18.8407796242973,0
5.06316426556491,15.2792273041384,0
23.6602560617261,-20.2925247693449,0
5.83496537831527,1.19767389543769,1
33.7462187319665,-5.99179553617918,0
28.2303633195675,-18.914376953083,0
0.577767803802423,-11.0766673605114,1
21.950560540947,-19.4011659907976,0
-2.04967129162283,-11.8209196520921,0
24.9889290851215,19.159351757132,0
-13.4913993072916,13.4955142922272,1
36.187136677279,-20.3249911297026,0
-16.8559609400011,20.5984046036007,0
-32.4648588342554,18.9220620816132,0
19.0929940462726,-19.979404502069,0
25.1703351605968,-7.50111408452274,0
32.097695093166,9.52691758850878,0
-13.1461537038789,-20.615850570894,0
23.1092639553741,-11.3149086375897,0
2.9070253308431,-8.51242994487175,1
-2.78958918997265,14.6959524483591,0
24.3770190649549,0.960461108459825,0
34.3448944705505,-16.9186449821097,0
-32.2032604025773,-15.8706927870443,0
15.8590008782747,-4.20018985373977,0
-20.1455902683889,-14.9901976725489,0
-7.6839376133551,19.5559397537704,0
-17.6225435550977,-16.2870606125168,0
25.2710120612607,-11.9777474682387,0
37.6484095863115,-20.8231687596889,0
11.3810746893526,17.1947225119606,0
15.5004151593645,9.7196063649678,0
32.8550430456256,-13.0218960404046,0
14.2615936532833,-7.01421263325359,1
5.1948978189156,4.2367547017256,1
-9.05558777399595,4.94935937738567,1
10.2280408455921,-19.1071110138997,0
-10.3946247968587,-14.2307722353146,0
-7.0209221841112,-14.3682209195974,0
-9.97882100823992,15.6848868787356,0
-2.40169421033281,3.49969242144638,1
0.259452089581103,-13.1194434244803,0
31.200719462302,7.71883494841375,0
-22.3112423223906,-17.6233794235783,0
-12.2661206789189,-21.8190641320297,0
5.63354727111517,2.71487450613869,1
-0.99313460334691,-6.31529377925974,1
-18.0713570875265,-2.99295697111114,1
6.04910318443704,-9.94078752907718,1
28.7529051221329,0.255493518114896,0
-33.3677830987786,-10.4297715582478,0
-4.49338836130465,-21.7437377061812,0
-31.5963918983533,18.7004254725539,0
4.80605877235537,-0.242313824810743,1
2.9876041021593,-12.2732485769124,1
20.3724004206189,16.9423181639035,0
-20.2851393128807,-16.7052774015448,0
6.63949242897165,1.40767845575082,1
-3.11798612150063,-14.5056465410277,0
27.4345956570802,20.4858773219813,0
12.2235431780666,19.5855382372514,0
-11.1051833757576,-0.366814405725265,1
-11.6138413600649,-14.6406114504521,0
-18.7174242240996,9.27908171560872,1
34.3921390483782,11.2979085401763,0
-15.3367247733809,-0.885661455458955,1
-25.9611380888496,14.8063617235135,0
-10.541423688741,14.8315179968673,0
18.3638110590947,3.09431593437599,1
15.6484007622368,12.4557130223016,0
15.2678051382016,-1.06710919417273,1
-37.5268401567259,12.2172189026699,0
-9.54973430303608,17.4237927877358,0
30.513667066242,20.0825111194799,0
-13.8057930661288,-16.2227244007089,0
7.37830216432547,5.56223834344018,1
-15.3675661321037,10.9818602297469,1
-28.4989070222847,-13.6013292195253,0
-8.4849691820637,-2.47470745320032,1
24.1442685420138,-9.15210000567527,0
36.5693535224928,-2.81505867115152,0
27.5112274818238,7.91764491882001,0
-31.6296129607035,-10.8682084086811,0
-12.3338887343786,16.3742383342355,0
-20.0541833557171,1.59294524277979,1
-13.846790517155,18.1450497957707,0
36.8180788160506,-1.49975556985276,0
3.66706773548767,-5.58205957285678,1
18.9430957109364,8.513512418547,0
25.9807318390308,11.3043247970847,0
-25.3163822689858,17.9719076600059,0
30.6354183060083,-19.2587629979908,0
-30.0105662855114,12.4721062490707,0
18.627075329495,-14.6137210666745,0
17.4322672756808,14.6453657285476,0
16.5276897603817,-16.3037614922124,0
-27.8591856523653,-0.349894405172076,0
-4.12003603676362,14.9322768806107,0
0.667829572307355,3.45705158318912,1
2.31726210222051,-9.87226553915499,1
27.3384953124972,-6.05691568686415,0
13.5070932146963,1.51102996355844,1
23.2437076684012,19.2811047610976,0
2.3744580788522,-9.53425506935659,1
34.6480837346026,6.15153704876954,0
-32.9325522104514,-20.3393374062933,0
3.15537008619624,11.3167046124593,0
-16.5938138944076,-13.7542773795456,0
-1.45157443622085,0.42368026136306,1
14.0496473825092,4.04959207831894,1
-22.1723624514472,-11.4811656011131,0
8.22023513314902,-0.624098937615098,1
-13.2106108993661,18.5072745701145,0
28.9443873794974,-6.04854121287088,0
-27.8620093845697,-19.204260836196,0
-30.2170079685623,4.68661005625997,0
34.8928846381788,-14.3394819349332,0
-26.3794480247158,5.77558342225857,1
-26.4071058367457,-6.30001310377521,0
-26.1780033076963,8.40716151503651,1
-31.1927253775586,-19.5785977139553,0
-3.4637333333622,-7.61737153586283,0
12.8360726535819,4.96391395080752,1
25.1789278282431,21.244232649635,0
22.0578704054422,-1.99489939192373,0
16.1660297521911,-10.8535737014676,1
-2.08258961682464,-20.3622165716145,0
15.8526995820769,2.84987968250916,1
34.8125205575401,-19.9887875134659,0
0.43894273464371,19.2626287978733,0
-14.8159632358716,-2.02751579243596,1
22.0256499689496,16.2650133687994,0
-20.0345907673248,18.7897463992324,0
-20.1929846712486,7.98696256526298,1
-2.68284570573557,-6.28129398126122,1
9.07339689241228,13.2723624255828,0
8.7650344127326,3.35536151733906,1
-28.6805834817402,7.93160699412938,0
-28.5916918471319,3.62679680150124,0
-16.3811166615179,17.9987195304047,0
17.9156933187849,17.5281286038618,0
-6.74058417328915,-1.92126173509729,1
25.0026238461663,-13.9845959022359,0
33.0686728197802,-7.57479578077232,0
-7.67093397968475,-20.9532678945434,0
-34.0319351100763,-21.6844966141828,0
5.41014377012384,13.3554003475325,0
18.8229181518134,-11.3278496064498,0
-13.6614895840797,12.8730177684904,1
-0.536991783193116,13.1559890345302,0
-21.1543906598279,-12.9787024595262,0
33.3848044418786,-0.364843321301475,0
-1.34479800879175,15.4020595914557,0
3.03970260241994,5.52983514492775,1
-21.1996604225239,-12.5495846997211,0
-30.7081798615925,20.8020341939952,0
-33.4274283490796,1.62294953457814,0
24.2826744956124,14.7241870230876,0
20.6323511591789,13.8843624779886,0
-23.1271244425,2.41244119645356,1
30.02897974604,-3.14476369128452,0
14.006811113035,-9.13855513207893,1
11.9203325748188,13.3167440730312,0
37.2689713130845,21.5056395426391,0
-35.4394237228031,0.368993815781451,0
-5.75675144776439,-13.6048289623552,0
-0.761240866724734,1.81107765946499,1
6.34633975551313,-11.0574237410355,1
-31.6714991838216,-4.77198711213204,0
12.1717518783115,-12.9097486928291,1
-34.0248032214502,12.5740291189325,0
4.31912059403167,-1.18040713542797,1
16.1139189342558,-1.18861929175266,1
-0.918792480234586,9.60045074762272,0
8.93764908885439,-16.3677836043862,1
-21.7529043180856,19.8353136196158,0
11.0700583166631,10.3329569296235,1
-9.07118586236836,5.22007464478879,1
-30.1178241457965,2.71171912122309,0
-9.30912457403124,-11.9784442370684,0
-18.0225786293424,16.9430081002257,1
-19.6622934383719,0.617403956356256,1
9.34222782846307,-3.57979303469246,0
1.7425099239738,12.1133979301215,0
-6.59393126644262,8.67740603719047,1
-21.4478053000342,21.5721164557467,0
27.250074901183,4.08806233610178,0
27.4366272507722,-15.1212956203163,0
-16.4206351210728,-16.2452271695167,0
8.76985651982942,-14.504292916465,1
21.241202140142,-19.0951363723461,0
34.5683956678763,-5.48774594167694,0
31.8898467131958,9.95979045477583,0
-8.75400652993239,-4.87944002919107,0
-25.6391307531231,-20.4152955351313,0
22.5531079029545,-21.7512139940409,0
-29.3498943478059,6.87109638607788,0
-25.9293533006681,11.1169704508512,0
-10.9570631648155,-19.0249827005996,0
26.4296508940752,-7.07206831503771,0
6.29137097116315,-0.114756084306329,1
6.54950255824391,-8.27974939797591,1
32.3636871601875,7.56881969589358,0
5.70594834577295,13.5692258450199,0
-37.2417179830243,7.78382299905384,0
23.512673722158,18.9518211535548,0
8.26943532892801,6.11237604172734,1
-1.52656029140693,3.20813294664445,1
-17.5985479698789,21.5898049537182,0
-18.3846748163116,-19.599726361123,0
-1.44327526939536,-18.257325215329,0
-20.7220472177383,20.2950280045323,0
-34.3062253336162,-4.16100987393811,0
-25.1376220947883,8.15231567365672,1
-18.3580806109521,-4.13420801328625,1
-22.9588356257317,21.7796305722244,0
8.03267287790958,14.8672558105423,0
24.6014770488739,-11.1763392543497,0
23.6067371630419,-3.67502548742121,0
22.9700132182749,-5.72101150274248,0
15.8166166069127,12.8392495837238,0
27.3127169270301,-20.5872184653143,0
21.3624233681051,13.0449539483507,0
-22.5114393204019,-20.5015351179108,0
37.4940869947498,-21.1875264074373,0
-30.8845358552914,-2.31216376492579,0
11.4470093369872,14.8507013846644,0
-21.6465840150804,13.0239250802977,1
-19.4656442371837,19.2222346567657,0
-12.1837268143227,-13.1422606535264,0
-22.9624621215884,15.9579458191495,0
0.519336624327373,-10.7446005405683,1
34.2576066886876,-19.3740177300619,0
-8.00985140893771,20.6219178854921,0
6.41932786417609,-19.1177567000613,0
8.0968306923741,-11.9001942454459,1
16.3128578986813,-20.5445504102107,0
-7.48323711201207,-16.3758304940065,0
27.2605176672861,7.9215306018971,0
31.9568586442653,-20.7549620134061,0
19.0637556014775,15.4837640568052,0
-16.2950304051881,-9.58223799861901,0
22.557999879492,-3.43244217924654,0
-27.1497969101546,6.74576479407261,0
0.345814486228612,18.5501857889733,0
8.41228431262449,-9.13658132162954,1
15.4885518867163,20.5392420591927,0
-8.86616524249147,12.2942385959613,0
17.3799411806875,-18.2021533136997,0
29.4336356821194,-14.1287637827741,0
-33.7555275835694,-13.626636196047,0
-27.4955579648947,-17.6360987422611,0
27.5929383831289,18.0356164417656,0
-5.94726732624294,-19.8693120985205,0
-6.74012273512067,18.0410419983151,0
34.8947418832172,-16.6301303518859,0
19.0186422659512,-6.43881428560193,0
36.5557806837361,-11.802056315388,0
-20.2527987724433,2.67187812949895,1
-30.6867661481699,3.22559552107909,0
-8.77175285936362,-8.67817234474693,0
0.0207138716321182,12.0317358706947,0
5.33944603430286,-21.389955464054,0
36.2240013524082,-10.2448985493383,0
-0.543006242850929,19.0114120482086,0
-7.53290215420835,14.8854511228845,0
37.6192598983426,-20.9931421080681,0
-18.1641513657616,20.4867007477096,0
12.5646780162522,-4.49184493319652,0
35.2835028288833,0.670070635104658,0
13.0074787647589,10.1928270265204,1
-15.2627109109845,2.342147171506,1
2.36561603796448,21.2626665409051,0
-37.8887986868959,1.51155415734061,0
29.1679495145723,6.21768716950771,0
-7.26682684460961,-7.18847985220264,0
-15.1083754249761,21.2226895674611,0
34.2442009470422,16.9853750844495,0
-2.99073731632765,-17.3047764243589,0
-16.1387891608285,5.29402804214988,1
-31.568375468195,16.3294855074446,0
6.24578147280712,3.90844007544155,1
-26.366778994325,11.6859642314845,0
-32.4448327311187,10.9026616287668,0
6.12292303914426,-16.444941627959,0
-16.1868788178197,6.0165566000039,1
-10.4940735855115,17.7569661160924,0
17.0866767303319,-7.31473850577224,0
27.2316875375638,-0.400927863014271,0
-11.5584078133038,-12.0831069314343,0
35.0926660047659,11.6164985897704,0
34.4712479190704,-4.18915852832281,0
-22.3411593608928,20.2447534354445,0
20.3866092893789,4.94535909388177,1
8.78042286788079,-6.44232724882061,1
31.8381090463761,-12.8276325580307,0
7.79283185192158,-18.6245239441281,0
15.3625053511497,3.75280732073916,1
18.5192965955107,-10.3945811023509,1
-8.73222696441128,3.68356041765887,1
-18.8857120227046,-20.376114992859,0
-35.2062599556355,17.4466264876346,0
-2.11866155720021,-14.2880770462254,0
11.0254969610899,9.72135322588199,1
-16.7982845294445,-16.7816509245107,0
1.35742915029132,-1.02120788983316,1
-19.3293354664123,10.6786535635214,1
-15.3893787437345,1.47623948095155,1
11.4360310863816,5.94458595933095,1
29.7458912195905,20.1257346098888,0
27.4440914699122,-11.3064302939218,0
-22.0464541660664,5.6688982247645,1
-7.66886271807521,10.8305082270494,0
29.4791097787377,15.511244565481,0
-18.5038710953089,7.51771662763186,1
35.4769219319245,20.6261617987878,0
9.05595882642915,-21.8739112964098,0
-25.4337217436483,-18.4815748867243,0
24.7911261908306,2.97901820601503,0
11.8326756918545,-7.15416626385176,1
3.53039638846339,4.70800293451143,1
-18.898974459401,-16.5249105916376,0
-34.9481147738015,3.59103153059221,0
-20.2634686443983,16.1921581363775,0
-10.5554168450111,-16.2492205382038,0
10.1425826609398,-5.99700898920646,1
36.9434553128745,-18.0815127554465,0
-22.2560948929832,-13.9595764559224,0
19.5383795582385,4.95888439831774,1
29.3609363319139,18.7704710469362,0
-2.11053067823126,10.4811317964198,0
-25.9225720184729,-21.7691449127061,0
23.6299797093017,-2.04747501493513,0
-1.78541079351195,2.32871495688907,1
-29.16214754929,-6.13147336782835,0
28.5547665716326,-20.8968527817234,0
10.2741648391884,7.57312412035408,1
-30.6066174690361,7.8039701448908,0
31.041398674212,-5.34709991976601,0
-35.3387823652173,-2.88453708732324,0
-34.9790232474273,1.44975413954896,0
37.131159733196,-19.7151729319801,0
14.1498014829856,-11.8178056245964,1
-9.37162135190955,-3.25282285429143,1
0.328643212713388,-15.7175515225063,0
20.0256716258192,21.4774819534992,0
-34.2855154447571,15.3159908380588,0
17.1705019011334,18.8351020449498,0
15.3009324534493,16.3885927365629,0
-3.12429723824976,-4.63740620607265,1
6.25440548059898,-5.41134898836118,1
-12.2291751023524,-20.8674681628191,0
-25.0324685613401,12.0887542505137,1
-7.66130130355747,-6.50343381843445,0
31.9030667853729,-13.285179327762,0
-20.8205467641928,8.33254798122836,1
-10.5634910925174,-12.6700984361689,0
-13.3332870305567,-17.0944483619743,0
-31.6477593612325,19.4686608490249,0
0.96258055401529,15.6272217482987,0
25.2977266833852,15.9622602705716,0
30.7506258888231,-16.4615234795113,0
16.9932893325006,-11.9023899418489,1
-8.8923173531617,15.1531946314044,0
-15.3507037450363,13.5003147485652,1
14.5700843143261,-9.83515435647904,1
28.9147264390201,-8.30553873948381,0
32.2656713790834,-5.25343372424232,0
-31.8247890718423,-3.58702822122196,0
-1.31685089246914,-19.0989657662779,0
-28.251855764461,19.6745727082948,0
-18.7787518976835,12.7713025917819,1
29.1810766411988,6.69427873890042,0
-23.0829545957809,20.9123366455968,0
-28.7771222399906,-16.2472332758271,0
3.32081950302249,0.696785162749219,1
-14.088823135172,1.40017816202391,1
-8.96489045483072,-16.1977568017366,0
22.1569839767402,6.34183792587554,1
25.7776404450598,-4.0784745942419,0
13.6979653304345,8.43574267143343,1
-6.31392744509951,8.59181702076659,1
10.8596253704625,-8.72255742739611,1
-21.7298096829506,14.611487442149,0
8.91258123964042,11.9001580696033,0
13.3145270842747,21.4222055625256,0
7.6777848302663,4.93569520073554,1
-11.6804776957098,-5.91192970254868,0
-10.305496012122,-15.3674621413406,0
-24.9674381608026,20.9308156937293,0
22.4474791618384,9.07560004913866,0
-0.557314665191583,11.7297687403328,0
-11.0486630543444,-14.1960700739344,0
20.904651198026,-11.4171933260774,0
-20.0028346631026,17.7974863697305,0
26.2073421250791,10.2871287666376,0
24.0560497822543,16.4856695226206,0
26.313355668819,-10.219670728026,0
-9.86579933435434,15.4802879163889,0
-8.87455560147225,14.4468876299576,0
27.4614408525677,16.7001798435366,0
-2.74290134089509,-19.6349491665796,0
5.36166471282056,-10.9546618403815,1
14.8433174613355,15.5658728440128,0
35.0297127613373,19.9294628063906,0
3.51978642318522,-16.2101193295402,0
10.3798195808113,-8.7613309218,1
5.38782918155566,-19.7159919089706,0
32.4605231755941,2.04343096910221,0
27.6461833061329,-2.78541297019525,0
-25.0922169341541,-13.3420757636558,0
-24.4188737832993,-12.9959961698206,0
-19.4936680606372,-18.0334035913202,0
19.1352309846589,-21.8010788559569,0
-22.8657874911064,-13.7664572229516,0
36.7034788743026,6.65940340997767,0
15.9325413884093,4.21186074650019,1
-24.6668529405287,19.4606726080975,0
27.2306018193846,6.16892595351263,1
31.1152727113006,-2.23629823084257,0
35.0863940946882,-5.41978359185698,0
5.36557751053299,-21.6132365305631,0
4.7788215066339,-12.4658174261351,1
-24.5737484432406,-2.49953784298831,1
1.03960858854564,-7.06779739697675,1
3.68386561066526,-15.833811970173,0
-25.4389143608668,-18.1099095542218,0
-0.464129071534011,-21.8358308534756,0
2.66891232819485,13.0972755538111,0
-22.8906558527547,-9.07882725644905,1
9.36083733739059,9.2995036906385,1
-36.0000300822688,-2.48612139086352,0
-13.7718869449474,-8.97208251725622,0
2.50796461520178,-10.4692619750884,1
-13.1651959509142,-9.8893559518996,0
7.7664734864094,-18.7571421800563,0
-10.493112713324,12.8564589746555,0
-27.7460316194887,-8.78130919485801,0
31.4498262695991,-19.7851906304355,0
10.6824716341587,-7.21197178451072,1
12.0668348144868,15.9440197110359,0
13.3251051795497,-15.3181061822346,1
18.5863862796681,-8.37998607884069,0
26.005495562209,1.35833056189522,0
1.2659447458896,1.73020495308557,1
-26.4579786894936,12.9579048665046,0
-9.06951515411499,-19.3262218670167,0
24.3974745095223,15.0780398592046,0
-24.9763071699472,18.9657305308755,0
-12.9218786122447,11.4074049429155,1
35.4518710051036,-16.7923537385498,0
23.2782373350805,-16.4575739489341,0
-21.1137173213521,-8.79992954738718,1
37.9827573248015,-5.42572960962401,0
-33.1558589927092,6.87357204616628,0
-5.66328302542743,15.2540843870149,0
-7.27030044118382,12.2543767885975,0
-7.577740824846,8.74852329499758,1
-29.493879063152,-0.935928409105188,0
-5.75238123393985,-4.74400574399243,0
8.62948708262542,2.16425459764029,1
37.0926577174212,4.18123449484479,0
-21.2875408081983,-19.3766798972825,0
-11.089838078817,18.4452558535669,0
-17.7656171817024,-0.766442198421796,1
-15.8461494186468,-18.7623281038074,0
-23.6823948451771,-6.91657001247481,1
-36.2626686044531,1.79149585616967,0
-3.84528217191524,4.62387402412704,1
-19.4833453020026,12.1785191552528,1
28.023217400231,7.10521262154892,1
2.17441832563917,6.85139390157214,1
31.4742727787856,3.4240822482112,0
36.018693456477,-9.35238349278718,0
6.49237285833705,12.202071268905,0
-28.9578709168004,0.952341173165035,0
32.4164767587822,-1.2934099924483,0
7.110618708568,-16.561480237849,0
29.1547631742824,15.0415189921029,0
-5.73982923733826,-15.1645281372212,0
8.15156132718701,11.732141494879,0
-32.6219677317251,-19.8872274827661,0
32.2827047699231,11.5979672444011,0
10.7980356267693,-6.5776411221126,1
-30.0580252397843,-1.76523131581598,0
15.2171056003987,-19.8644347323887,0
-7.91887100904674,-9.09463157321104,0
-31.5472389409425,10.7952410539624,0
-21.6996060661185,18.7452591152481,0
-19.0912837870818,11.1166525915807,1
-20.774361552933,-15.6106162038605,0
15.4283337173774,-6.73272945193778,0
19.3155964765549,17.3250195509997,0
3.59378417363772,-15.7621295449105,0
4.06473991500317,15.4522865895255,0
9.9235321694312,-0.988481423828965,1
36.8947282391209,18.7440092950353,0
10.205143426679,1.82201537155859,1
7.63462655234235,1.2364292430293,1
31.0982087380857,15.051325447324,0
5.38358417504958,-14.0955875670213,1
-12.5080859852232,-9.84855759736893,0
34.7425760316283,-15.1224246546447,0
-4.56584270670839,12.5007843772201,0
7.71723710719137,4.99779476461351,1
16.7399394793598,5.76633784951153,1
13.5871539670312,10.1773296082695,1
-21.8303152321566,-16.7922552997216,0
-31.7966234965295,20.8549605999885,0
-17.1395650006945,-16.5234395629528,0
27.9313973714513,17.675370985391,0
4.51113712220664,-18.5148951922307,0
-2.68828940192367,16.460813780346,0
-5.29713154068933,4.61384830521042,1
20.8229299215514,15.2922115527147,0
11.6979520173402,9.46783503064123,1
11.9874246466562,20.2349169142438,0
-25.7624112515599,-13.4805994616708,0
-5.13936115228093,-18.6936637628893,0
0.386542411019661,-18.2981775812085,0
-9.47474664932326,20.2866167707921,0
-1.49171066547408,20.4706188582708,0
-11.9759733896998,19.0204054596858,0
21.0631294506456,8.22390096387428,0
-8.82026645837467,-15.9150971371735,0
16.0782884513336,6.50098875956018,1
-1.44906103821172,-4.07032969929936,1
17.4176968812395,8.95412379026265,0
33.2545021612189,-12.1128089918763,0
1.31133459387016,21.8063924274262,0
30.6332248956267,-17.5390520800014,0
-21.4173591980506,13.9969425658381,1
28.3646698531408,8.17700919261062,0
-31.7153371732551,-4.61252497876088,0
-2.62934034062731,17.2216777800044,0
-36.3333334665936,-5.1804337988451,0
23.4293218027017,-2.37660299872251,0
-24.3800779398664,16.3849433831644,0
-25.4301892390998,16.9412924629036,0
-24.19813649568,-12.8573317229284,0
14.5491788116518,13.0170754051432,0
-21.7539725386754,8.42291855198969,1
-15.3440306572363,5.2877558527732,1
20.3934711765407,-4.19243602184252,0
0.0874071930974694,-15.5733139985501,0
31.1193252945532,-19.9541012558388,0
-33.6031793653167,-11.1899516778109,0
-4.80685345353996,-14.3889201330218,0
5.49136066340859,-10.5539015892843,1
4.94510414306557,20.0936332277095,0
24.6100591092033,4.79267942744991,1
-28.4164891113238,4.77658711022291,0
-15.1911249074343,-10.9745070123204,0
-37.838726112676,12.5400573260864,0
34.2841591996607,-21.5034590654731,0
20.2387516132317,-16.5671664922788,0
19.0991163262994,6.31826527272155,1
-27.446272377289,17.6656377870077,0
-11.4517147591605,-5.04825421860509,1
-26.4981174021917,11.7618992036254,0
-0.249228452397752,17.0777020319756,0
23.4575712213265,-18.6575169265285,0
10.0980283015271,-6.48493648878718,1
14.3185138246565,20.4158262865815,0
10.6073365569995,2.67233523874427,1
17.4284511945111,15.3804329950703,0
27.3482738144881,15.4783667698298,0
9.64860883550758,9.85053957453856,1
-24.2750556588865,19.6211028104188,0
5.57129752127597,8.65419455815309,1
-25.5689721148119,-19.0427077171978,0
30.8599319037388,-9.23747862070392,0
-32.1219483298676,-13.3238480671755,0
-12.2713665892326,-15.0752503907398,0
6.12693360218209,-8.97103665247146,1
-1.88212803058696,-10.6709768329389,0
23.2043569531405,-12.4806775849305,0
2.33913871408523,1.14514155665852,1
-20.7244147951861,-7.88084489070745,1
15.9208581149326,-9.47401711660322,1
-26.7039259564314,-18.6344384618023,0
12.0168297729772,16.94396242422,0
10.182673639647,-15.9457755386292,1
-20.5727248886014,7.31508018388494,1
-24.1506708392746,-21.9441128426203,0
-25.3572094120298,17.1610382511655,0
-26.6298610369757,-0.0735846502910107,1
-22.5911977715626,19.2445725496447,0
34.5768765378467,-21.2538857526118,0
-36.7909662504791,8.6799561193853,0
34.7710906130099,12.2460588636128,0
-36.0473863118627,6.70949205787169,0
35.8044103952739,2.26969116208616,0
-15.382728566356,0.765509411677229,1
1.90555402067631,-4.18163839278741,1
27.5377800724287,1.78706810333739,0
30.1267726633333,-9.95932432295806,0
-23.6351977887518,-15.1699481928725,0
12.2146863660507,16.8283502040418,0
33.5335512783849,-13.7292987299338,0
36.153741550968,-2.82463666431629,0
-29.7969207706515,-6.02563808569952,0
-24.403658670308,16.7650492906582,0
18.7379084620347,13.2546722844853,0
-34.2403922875718,-21.7380261415969,0
-32.5823489707714,3.94005608444598,0
-0.826460512579075,-4.10161659549285,1
26.5919304142124,-20.6384679081944,0
37.775149734728,-2.9751555268296,0
-37.6661614437547,-3.81866697050301,0
3.23816726849,16.9598215390409,0
27.4624614076589,-12.0230140617629,0
31.0945658597247,20.8859185663722,0
26.2466427330985,0.433342893653688,0
28.7943392325278,14.1469401404207,0
18.7098500619885,-13.0400517895877,0
-29.0708071048831,-13.5550396575991,1
0.685691519573567,17.1521047186249,0
-25.1687859390867,10.2301697559611,1
25.1644742428813,11.0994867445604,0
32.5288251121441,-4.22834427397597,0
-25.1191834078543,9.75845411723396,1
29.1640363234359,-3.65919553257948,0
-8.52242000818728,21.4099856109945,0
-8.92472102285427,1.71832830806909,1
-17.3695777785066,-3.35687440407579,1
27.9591188554717,-18.8769582219412,0
18.3541867480277,15.2108768473644,0
-3.96167251029888,6.92870367336944,1
15.9325531951347,-5.83860329777136,0
33.7691775005533,8.78728870708599,0
-24.7670416161558,-9.96261406306799,1
-19.4106824187113,-15.6222214820927,0
10.71061345404,-8.59100846702228,1
23.4545507523274,-17.075700099985,0
26.8561964904379,21.2610495610787,0
-7.74305883402205,13.6758912379792,0
-29.2224705351741,-1.41832674497779,0
-31.8986476652524,-5.2619456974933,0
-10.6044608739537,8.46805018502618,1
24.9968217726553,-17.389823811143,0
-21.6896623229753,-20.7506965200908,0
22.1190646169073,-13.2383294170776,0
11.7563118774047,-10.4058798765537,1
-36.0128699473033,21.4448738060588,0
21.7189977282309,-12.907762588358,0
32.1147914407471,-19.6450138182263,0
-0.584202045846297,-18.2096988465138,0
25.3848857890357,-6.24431458880039,0
-28.0171199139054,14.7222991710361,0
19.7435438098715,-20.7226222055901,0
32.355949731129,-16.1562532509847,0
25.2857756545692,-13.8002699758261,0
-18.2855117752073,19.8225339928535,0
-21.8103456804812,21.863060637357,0
1.69592340797082,19.8235999819499,0
-7.80086033729675,20.2141077604233,0
-1.58765652592713,-12.0228310180179,0
37.5366766079696,-10.5391084929602,0
7.94036279123534,-5.11845138255021,1
33.813057120873,16.5273761213304,0
-0.726391649474735,20.2005002992284,0
-4.71606145730757,5.74948088354443,1
20.7218235015533,-9.74061626181654,0
18.5490591146736,-17.9072821936248,0
-4.33929086916407,-13.0996309356622,0
-33.9719960092367,10.71737549032,0
-31.3255398440364,7.99448005782251,0
22.646932783499,1.29493415045418,0
11.8242603450507,14.8476412575805,0
-35.5424979380722,-1.4829177398049,0
4.33707905577057,-7.81555460786259,1
16.7049181718065,3.83923607733028,1
-29.6089882792712,6.13989441290845,0
-21.5347994026988,-21.2305592729828,0
23.6375363868509,-20.3835450438452,0
-27.4616969019357,-19.5739519292589,0
29.024339255715,-19.184722270297,0
32.1902606884632,-18.8595711743586,0
-37.0305772244532,20.4501146516752,0
-9.3358967687324,-18.3411249293375,0
-25.2463116377025,-1.96835757529549,1
3.05693247660934,20.072604112209,0
-30.273654945485,0.379980093206257,0
-35.0156513123794,-12.7464294262377,0
32.9254124947894,21.931931247085,0
35.8409830976805,20.6760666524068,0
-10.5694704763832,7.61851950512981,1
10.9596106862727,-18.6337536721681,0
-32.8360050408801,-12.6854870581706,0
-22.198688272412,-19.9866590627927,0
-34.9901076450441,0.25125966683736,0
-2.32869219498718,19.8070186749097,0
-26.5926490776399,3.41268957362691,1
37.3393260099985,-2.66436228288674,0
-5.54326157026316,4.48817997745256,1
34.6082798257976,-12.5599566223337,0
17.0427745475264,7.59294230544021,1
6.14777013964681,-7.75024908895794,1
3.05960096397931,5.90228346646705,1
15.6135305588702,-6.3544486598749,0
-37.6178048691148,-15.2863910193243,0
21.4711991915544,-18.2826291791269,0
32.4413275772987,10.5071772368782,0
-37.3695300381594,14.8461722682291,0
24.671754042646,-5.83114287448188,0
20.3175259701189,-16.4098841478198,0
37.7824040465001,-18.7735503498051,0
-20.6983665235754,17.2575626684267,0
31.8852076707793,-11.6685246650753,0
10.7919472196553,11.7568039720374,0
-29.9956660938304,-0.569292317992883,0
-17.6197705579121,13.0428234450857,1
20.0521261050084,-8.42139688562231,0
23.2187718237411,0.378110796814255,0
-30.0767721822543,13.513389928521,0
-2.2983330017439,11.0137773478723,0
-21.3512962922708,15.9170340505799,0
32.125800897247,2.34498819550314,0
-13.6554799667727,13.0082708647531,1
27.1733294673394,19.7938623590675,0
-18.2516532582107,10.816850008843,1
28.7327836457029,-19.2727483944081,0
-23.6916611209785,-13.6245300216365,0
19.6987316385862,10.8438276121668,0
-35.5916131914723,-17.1941118337387,0
10.8177759383053,20.9764941661468,0
5.08218936980906,12.0263238302719,0
-9.39287454579494,21.7491564425857,0
-21.84632316257,-8.04003421308745,1
22.2039198044768,10.2948621698876,0
-26.9462955105296,13.8828993810556,0
-0.825173770310158,-3.72187632470062,1
-37.023723237594,-2.34746692765756,0
-23.8174861142732,3.35178589822866,1
-1.12248527181747,11.5577213223737,0
25.7051818292224,5.23335678667768,0
-27.279670386441,-8.14956067024825,0
17.648491043293,13.2701511014161,0
14.5210856147404,11.5819955884032,0
-35.3785608963679,-11.1876752985845,0
-0.846847965757043,0.328831569498675,1
35.8256711718947,-15.5311507606656,0
-29.453695169347,-16.2932587198469,0
18.4842468392621,7.0688031424979,1
10.529144221796,-18.7778270219407,0
7.15790138571569,-13.131177854163,1
-0.104689032045002,15.4328792428055,0
5.1568021058719,4.2150008385554,1
-5.58567689843706,7.80173648054184,1
-32.2058023811089,20.4579998525311,0
-15.9154143371974,13.4394425853587,0
4.66146359653238,11.0465099387513,0
10.1333435924507,13.1313454731427,0
32.7389652876574,-9.94957595188488,0
36.3104559853698,-3.83354748703457,0
-30.8866625035475,-9.96941086737538,0
12.2918557757637,-12.5464090602882,1
7.81074036089335,-9.47712205530681,1
-1.98984239520957,8.11954717209363,0
-10.924517970283,-2.87053174143683,1
-1.85603843587524,2.62953111330736,1
12.9976733895345,-13.1678122949644,1
34.9330349715284,4.83585626084603,0
-31.2295958215128,12.702592976725,0
22.6284269483759,-19.2970997717155,0
6.89895670670737,21.5153077708925,0
31.3269533231578,5.34748862570414,0
-30.314171764541,20.8728700357598,0
-15.709607134498,15.6059067908461,1
-34.079296390821,-20.2686675985425,0
0.313741725435591,-2.39906527880759,1
20.3965571442995,-7.77850609520398,0
-16.4931114077277,-15.1817745427582,0
-20.8726213196289,16.4557015209296,0
-12.8219871604552,-6.50602733359209,0
-3.55289729297355,-4.40886109147551,1
18.0412325017788,18.0895179776261,0
0.751309757439195,-4.48016256863511,1
-8.9289214191418,-1.10294252739896,1
30.8167244803893,17.3413219909895,0
35.3595889216992,8.25046145522328,0
9.74831879398658,7.03967493774829,1
-27.9656310758271,12.0886870800926,0
8.99093515297768,13.5761896469232,0
-8.89047209108256,-8.00938022966817,0
37.3307248152287,-21.5799965851008,0
-16.2011263582999,18.2267092337142,0
15.6705486487917,-17.7088566711839,0
2.67564821041383,16.0299875979366,0
-23.3159610670004,20.1430835258678,0
14.397067670237,16.0606184775004,0
-34.1654197591809,7.65148651427252,0
-23.9830072068491,2.47121572497311,1
-34.5299674157189,-2.1404068656352,0
29.2631541551351,-7.48251799360393,0
25.8243733206566,-18.1310284400096,0
-29.0202013683202,-7.41063395909414,0
-6.80847111896439,15.3100627281136,0
-28.8626271607106,-18.409316009859,0
5.47903169181496,-15.8437122679337,0
34.1536502318155,-9.35971793955422,0
-18.5147278554371,14.4330499050358,0
37.2297730715,2.41085525188978,0
-11.4145888806278,-7.90359463501521,0
-22.1522995840993,12.3057648342149,1
12.602864163405,16.606498317722,0
35.9741977107861,3.11597812735937,0
9.32518643692737,2.61717334845707,1
-33.17112016564,9.27092813548169,0
-9.6132754736608,-7.38643886790978,0
-25.3648833068223,19.257764065658,0
-20.4228660639608,-16.8313051258235,0
-34.0321438696672,12.945598361414,0
30.533480070227,-7.4835665449866,0
22.2901691925007,-16.9586104877846,0
-9.65091131180695,2.17841372132268,1
25.2361576086172,6.63273078059121,1
19.2914263008228,4.9770224889598,1
9.26159539189576,11.0825921408572,1
-8.04891825546455,-14.844521402148,0
-10.6948749297839,12.0125139029162,1
-31.2472129721865,11.9438482139788,0
-12.0325477233868,15.6045114744583,0
3.69896514911984,1.87859864618684,1
-2.99839295725226,4.15072890486602,1
11.0543803811048,-10.4221046566042,1
1.0275839363311,-0.187150238977306,1
23.8964116108091,21.6225233468238,0
-30.6140763449883,-16.0791228922292,0
-2.75776939094115,-7.45037439097132,1
6.82612920996048,-21.3341930679908,0
-23.7749226389723,13.6554006275395,1
8.46109114448431,10.014460093087,1
-34.0524094160057,13.2447604472609,0
5.75524808248282,-4.39310141106739,1
26.0181973389868,14.0514910396869,0
-0.0208260047778168,8.45570283256519,0
-4.63410853789974,18.2750151332177,0
-26.6716616733277,6.2275445933105,1
-35.8507617319197,7.09620833776925,0
19.5069038868104,-21.4077619800277,0
22.5040739316559,15.99863363542,0
-15.6897748242745,-13.721500121206,0
-29.2442873026297,-10.354464801159,0
-9.49303604491304,-14.0282278624408,0
24.9959246243145,1.74732698757719,0
25.9750202285619,0.819919810495708,0
12.5581223183927,8.83814661366187,1
34.9706381673553,12.5212928926138,0
33.6769598080134,-10.7569635621695,0
-29.4348385790647,18.2653800231829,0
11.2698461411445,-7.58599644732146,1
-1.45889207236259,-14.2311375308412,0
-32.9444274118667,-11.9281593234005,0
30.2306131404322,-15.8602972330085,0
-0.210510200788661,3.28885348313931,1
20.6190605932559,6.25611043882757,1
-33.4124705637783,-11.0426406517202,0
-18.0532326672938,3.96967348654537,1
11.4812720213884,-6.12980347010289,1
-27.8461028058172,9.66162688771431,0
10.5294759986837,-7.2347417158241,1
-8.74432478244158,-0.9671860936161,1
20.1930575512772,-12.1512590119076,0
11.6215918438663,-3.32546017917841,0
-9.00683103852875,5.3590015106284,1
-15.1985877117267,-17.9840471832372,0
-12.1493937814857,-15.4369867447252,0
31.8384167901437,-15.4206706397458,0
-3.32372218895382,-18.0939604009221,0
-4.37023160254265,7.83062863931954,1
-3.48187770922031,2.32614015805103,1
33.8414326981846,13.4595509285396,0
-21.3469596061867,-4.39918181398842,1
29.0626124908118,3.25361670358654,0
-36.4894678653221,-10.046805478406,0
-12.0258688739644,4.68603537987097,1
20.2180858727755,18.1760241943167,0
-11.9469186845261,3.15983451338644,1
9.02928671573476,21.3501667390388,0
-3.57039168101593,-21.2045377862952,0
-37.2276422002785,-1.72295339855301,0
7.53016872775702,0.171295772399731,1
7.71919447524388,9.4231043827778,1
11.3557262730638,8.38627928213733,1
-11.9532319237512,21.6784688516978,0
-0.509256576308758,-10.1726363641092,1
15.3348198392683,2.24861034493246,1
29.4729977086412,-19.3998340291261,0
-33.81560369213,-10.9335212459942,0
-30.5244917585245,1.68010186557542,0
11.3834916959299,-0.541205505653892,1
20.0693877339609,-8.60596525987723,0
37.0848795614359,-15.7999223795645,0
-28.4753158524149,-6.94803975933038,0
-10.2997346846024,14.9177042839623,0
13.3934868614512,5.71857584960577,1
-9.44237898747064,-11.1748354091231,0
27.6228453515003,-0.945382268701742,0
-15.8097669250618,21.6969647023897,0
-27.8559007155935,9.96985132491113,0
13.1214390964846,-20.716476479724,0
-22.6035414537336,2.3190132704853,1
28.007155063283,6.10347797002714,0
19.0879564643703,-5.36137009385062,0
-6.12714660053435,-10.7761060162561,0
-37.9824390448443,2.56460756595372,0
-26.6407563400545,11.2078696342255,0
-17.1885930826356,-17.7571385038576,0
28.3043014411789,-3.64554769840909,0
7.69508693729772,-0.138977511370207,1
-13.5896775848239,15.7720453630465,0
-16.3937263413203,4.19170026405165,1
-4.91599876040025,6.13841626770649,1
30.6856878898305,-19.4308341410404,0
32.3080290190127,-0.656000901141532,0
0.402226367643173,-16.3268975270817,0
9.69621750452227,7.60046542947006,1
16.6640584385032,11.748770702622,0
-36.1826210166662,-16.5855843329929,0
5.69487015176438,9.59804069619319,1
-34.4633807311331,8.0686634989489,0
-5.88761449159531,-20.518783841439,0
-2.45219614180851,18.9186590309988,0
-36.2802730065511,1.377758940548,0
-33.0543727726869,-13.0519414403395,0
32.2206815151109,3.08933577067205,0
2.59485765976453,8.3293960599549,0
-10.1234683561995,-10.3611334104379,0
-10.3400903549034,-2.89823560229993,1
-26.4956013971897,12.3811745544794,0
-26.6297465039174,18.6273944324929,0
-11.3390410355771,-4.66224237846722,1
-12.4665767291893,-4.83918116676578,1
21.5861163164224,7.30769378143267,0
-1.00781991642267,20.0046147528969,0
-2.67535102159379,18.4174716217621,0
-28.0248060786439,-5.79022758323992,0
29.3657517875104,2.76768620757887,0
13.2663643477863,13.2172255050651,0
25.4721324897507,17.5259653410388,0
11.8930830505329,18.6687536794825,0
36.7776902137321,-3.82405119020943,0
36.4640302637376,-13.0563434279808,0
-18.9883709665536,-13.1986134820868,0
9.46737346920646,-21.8785864442162,0
17.3464241596689,21.2762294342147,0
-0.139056039684561,18.5007612180402,0
26.5869504169048,12.1492038374618,0
-23.4902165247366,12.9506609956365,1
-28.5650721711152,2.27259074095004,0
-37.7879279789875,9.30236381687097,0
-26.3755879613799,-19.2450348505774,0
2.59622267289978,-19.2874594923918,0
0.808153990372347,4.6806866137444,1
-8.72359312913751,-11.1402665006226,0
-14.3946695175526,-21.9192016498252,0
-37.729785993556,11.7124504492105,0
23.958425843839,-3.28104019450192,0
10.5198028206432,21.5408059801689,0
-3.92620706665412,-18.9088909428109,0
-19.449481460095,-16.521656479695,0
23.0572665357648,20.6102520734591,0
24.6217874293335,16.5978224351698,0
26.7664893542964,-11.4237805849706,0
-2.4888665870538,0.700497634421399,1
35.7731219613851,-18.5340021489135,0
25.9345451416939,5.96643073780796,1
-32.030336317057,5.11307964281315,0
-19.9424845369214,7.89607502577722,1
24.1353869764214,14.9425158204969,0
-7.1570176747243,11.8221370448127,0
-2.56027123154056,-19.5958210292363,0
34.3167525742004,-18.3925674617459,0
35.3404032441104,1.89275547067155,0
20.1616498749624,-7.82673308578441,0
5.66455285322379,-11.2471304139392,1
31.6103019342168,-21.0176360470797,0
-0.34713693193266,-14.4924116778779,0
-25.3830593418977,19.8419189131001,0
-13.2241770821528,-7.11118363703821,0
-15.4708559432609,-0.0936150569013456,1
4.43068535634887,-5.71114755393416,1
-32.8717629681172,7.09406059565575,0
-32.7576836879748,-1.50979769095162,0
-25.3243717441844,17.2800295843465,0
34.0053079597829,-10.5797418018876,0
23.6427197392022,7.93275640126424,0
15.9946326665171,1.36176662817482,1
35.7386626874914,-19.9669273568895,0
37.8804359899822,7.84059970446667,0
37.0465653129272,-8.87389957543809,0
-26.5934200705643,-17.3649773451715,0
34.8443891384372,-1.42922027146047,0
2.31488774181594,8.02096238190578,0
-32.3694246783664,12.3192149598274,0
-14.3016113024048,14.4155166236951,1
30.0329792796661,-3.16484226079415,0
25.4423916802869,0.18957138668441,0
-37.8214945683391,5.90576170700874,0
10.6559483085331,9.97493761299913,1
23.0418757066451,-3.82970786182363,0
-19.3700626060011,-6.32209125571726,1
-33.1267103857922,-7.85188242615312,0
-18.000727729113,-1.6525970528252,1
-30.1932525440202,7.21809309441678,0
-1.23735411262276,6.42392103154301,0
-6.1647808385073,-6.86892594850137,0
-9.02203538992237,3.93285990655269,1
29.3941487409429,15.2543177817945,0
-6.03762887235818,-14.1705743848674,0
-16.4275619546966,-8.95165571988331,0
-34.3382330551866,-19.9843525256517,0
-21.343385325867,13.1990471381972,1
-19.8226229293895,13.0281935771277,1
-35.7763549851705,-4.58877910666447,0
15.3756297952564,-7.92289980131505,1
-37.4196978372979,21.6429936575501,0
8.42997170123093,2.24019545144832,1
-6.98519515371092,-21.3585416036355,0
-19.080052714185,15.8037790534398,0
11.5869390350885,4.12761107736164,1
-13.6589412838829,15.9003115447335,0
-30.1209185383166,12.1901915823452,0
2.70293198296128,-17.3842838521751,0
-25.4698615717455,-4.65536819886337,1
29.141341378883,20.9433936449485,0
12.6507329156551,0.461552915535727,1
26.4284293854913,-4.68732967632188,0
19.9622408428056,2.43173682196782,1
23.3330468711087,20.9191822548046,0
10.1043857177991,-2.29289116671386,1
15.9924753976418,16.0194378428722,0
14.3384289729514,-15.7112011643651,1
-13.6079625535781,-17.7901916805496,0
2.40528558205884,-6.69988972874721,1
28.3627407783478,-18.7988861274139,0
-33.8549847828554,1.95534066644495,0
0.0304589391537675,20.4774141747031,0
-5.10999569584456,-9.62838907028619,0
30.7254693641241,-18.4740238810857,0
9.89393470842749,-15.584733605959,1
36.7107528778486,-14.825992650956,0
6.47522580371356,1.6974291477608,1
25.8883753372389,-1.3657069754214,0
-2.37015267594563,-10.3261691090293,0
3.4368970567319,7.67970469688249,1
-24.3880868084399,-16.5200407313896,0
10.2190889545535,-10.922309267925,1
35.1848669279969,3.92346808782964,0
2.58504511033156,-6.55168235432658,1
-1.54931682608174,1.00204980725083,1
22.3186223099711,-7.2524886980574,0
-30.9537573663136,-20.9644544833488,0
28.940765257462,-4.32609591968276,0
-37.705611300975,0.206073291392329,0
0.876211007156364,-16.298067298527,0
13.5632362083805,4.97065353699804,1
4.99682116014001,20.3920564002672,0
-1.63714284736503,-18.0550860698153,0
-13.6410238447491,-8.41886774461935,0
7.72006468282585,1.28540969011219,1
31.3996084203101,-2.31373694991613,0
13.8713540705003,19.3583679087799,0
33.9517438047685,9.7285904956339,0
-30.4692353435374,10.4668446258842,0
0.838198236034934,6.12180734147863,0
-29.6302461461064,-20.4461622289806,0
3.43990267712232,6.23108042466071,1
14.3477283219354,-7.98201175023411,1
-26.796308886299,-17.5515230959319,0
21.0946388582095,-18.4367848331639,0
-7.67210628388472,17.6943957152112,0
30.2707960615794,-10.8796295510038,0
-14.6646655816567,-0.22405864618543,1
-33.3601128860854,-4.92302688159269,0
-21.3201930218073,-10.4004415587808,0
-31.7046967855371,-10.4228869692201,0
34.2300454700248,8.77920688508388,0
-36.7558297748919,-19.5038163378758,0
-29.2851990781041,12.703527104467,0
-37.0568441063182,-9.13869577927778,0
-21.5667229750064,14.9352553558701,0
-37.1315078101298,-0.676091469037317,0
10.8261441840868,-11.7269449511478,1
1.29131140440219,-12.2964468973094,0
-19.3387970265653,-8.17145431986274,1
-23.2752021559436,21.7988040440092,0
-31.0938360607504,-13.6782066701565,1
-9.99843343081428,15.4216026079039,0
-37.4077387915519,15.1318110650115,0
7.80530026040175,1.24592641028043,1
-1.60703945211933,7.25433857641545,0
-14.5830556489361,-5.73687969605222,1
18.5777780196998,-8.03274888338849,0
25.7905450952269,13.6542522455761,0
-18.0551740625292,-17.4845748583503,0
1.08209266047755,-12.638431402317,0
-4.0451663029624,-2.35742373248147,1
-12.0679529368519,-4.99174845476911,1
25.7747771906313,12.0845052278347,0
36.6694301144544,-1.13383016530502,0
9.61130208157322,13.0588136511453,0
-24.223087033995,-20.9061831737058,0
-28.6507067188335,21.9621626870503,0
6.07762193263753,-9.54564902961259,1
-13.0312789394798,11.7842964093667,1
-17.6178356772427,-20.4571966186574,0
3.81817188944655,16.2958163418856,0
-24.2807158908595,10.6895782114518,1
13.565382075531,-17.1911060257956,1
-33.7676747404817,16.1311363859548,0
-35.4116539794276,14.1471250854764,0
-16.224597437631,-21.8331619279101,0
-32.1183564254977,7.05158446808023,0
30.4434940594201,5.82405694895633,0
26.34205197726,-12.7388145099703,0
-7.92691608375828,-2.86234742931967,1
-25.139639836084,19.0568136491524,0
-5.28562418673305,-1.87955997351156,1
-6.36742159690644,-17.1587414519931,0
17.3860247274482,7.91521818593205,1
-7.10800040247586,20.756218813499,0
34.3373667359938,-2.84339814656423,0
31.3108615895273,-11.5298073821997,0
34.3074880548177,17.0465141706602,0
-11.7039085880463,19.9219324411913,0
-15.9414401324497,-4.76718329001886,1
29.3892579758077,11.5864338117197,0
-22.0376594502659,-17.5976789736805,0
-28.053382370231,-12.1500666492257,1
1.55920743671771,-17.4909900324295,0
30.8151689795411,-21.0574761659286,0
-7.40770209462675,0.74484399788377,1
-21.602144834889,-10.6178086478815,0
-32.0157992732558,-20.5082668137289,0
32.9125494941503,10.9860027739486,0
7.81823863389459,1.83533959547309,1
-9.31059483565777,16.80572206407,0
12.5347895312006,2.70119231374616,1
22.2064600977564,20.6223671438033,0
-12.6545981293481,11.1089067010223,1
14.6420736893688,19.7684495743481,0
-22.5100085354195,10.5078121398658,1
34.8622332876317,-10.4048993790674,0
16.0992666867925,-18.1506788789551,0
-25.3150989985475,8.17892314681032,1
-4.34893484271212,13.6604542724964,0
10.1075111955384,-15.3644794178327,1
32.6775050410078,-8.192200420746,0
2.22915367423949,-0.570749507580409,1
9.61205622005049,8.95976507022431,1
13.7422381273253,4.22774893031982,1
32.1630117600153,-19.6085491722823,0
-26.3846051888132,20.7311034277999,0
-7.16521967769587,3.27237593251066,1
-14.2518240879488,3.27549267405156,1
14.7363208361195,3.3947806356431,1
29.6922783782896,4.44047806439596,0
-0.709006562218391,-16.0152807495284,0
23.2425867156814,-20.4629482149624,0
-13.1906428923353,-3.79117996817093,1
3.79081502955501,-9.99022973271708,1
-8.4523905483166,8.34453072849513,1
30.159004552093,21.3659948651875,0
13.3851261564051,-11.1357229200736,1
24.9581680731404,11.7193274432392,0
-29.6332475722789,7.33303272541693,0
-16.7787225737135,1.59792326926241,1
20.3403485930075,17.6230831703766,0
-21.5796986989529,7.34450303676477,1
-35.4112782589451,1.90893024799216,0
-4.82205577158476,-18.0720400308748,0
33.2016419910561,-20.7773168870382,0
-18.0812388265326,20.2308823850956,0
5.30065798801397,10.218697836598,0
-10.6739685871473,17.1890368640461,0
-35.9602641988686,17.3911352551809,0
0.03185861158682,12.9502699403701,0
24.8531329760807,1.54957767513621,0
-18.3173360403813,-6.93436750956635,1
-34.5127394955674,-9.64548244698676,0
-19.268158088555,-1.12369598102212,1
12.2156429918077,-21.622495935276,0
-12.9648634751107,-3.30878923439855,1
12.1217148151091,9.59141688889332,1
-37.0116865556907,-3.93641600144334,0
16.5731571074767,4.60113091607765,1
-8.27497027775792,3.99882403906231,1
-35.4536002656497,21.0586679074955,0
-7.14282940994919,-9.85700808697248,0
16.4393803968896,-20.1174098493455,0
32.0215675234209,16.3087476046512,0
36.785196487341,17.0651523021843,0
36.7399863345781,-5.63417447653014,0
30.1192630669406,-15.449546843065,0
27.7934439305803,-14.5501293816876,0
22.8730338885238,-14.8357928833156,0
4.17839271305373,4.189707491846,1
-6.16571678874126,15.4644836802327,0
-28.3386894990064,-20.0590354220429,0
11.7511764743765,3.9648844546185,1
27.6613333165695,-11.0971289014718,0
-17.1305189499573,-12.386489833334,0
25.8524592415934,10.0515797240593,0
-32.6226014355296,-13.9444139270381,0
-9.21180229528962,-17.2947436719331,0
-17.6191230287703,-2.06326751089608,1
-26.3779904123592,-13.4765284817936,0
9.95596807411836,-5.63380180375713,1
-13.9555139658193,-13.9145350099311,0
34.8925007922725,17.017846765238,0
-0.100776817607077,-12.6065890732245,0
18.1342472711319,1.88209084343042,1
-37.0305691641873,-14.7278968376659,0
8.0068423272513,-2.27600376568552,1
5.81030043067485,14.1947588643286,0
23.3607903886535,-1.20819007596391,0
11.7775726754124,16.6982857628108,0
28.7453580302975,6.88209599629389,1
30.5803423336043,2.10800666480161,0
-26.4303028928841,0.816676714606057,1
-23.3639134027041,-3.28426427730582,1
22.1141492967524,13.733227958678,0
-33.3864120789786,6.24931730776489,0
-8.37313337353737,-13.8920045919975,0
-15.2025950761308,21.8989688941286,0
17.7976728997695,-0.510944931552679,1
-30.0800967144444,0.406360618152121,0
22.2357370541156,11.6237439658249,0
21.4873996491431,7.68193781390999,0
2.46222468462479,9.91283245082101,0
-18.7452220215849,-12.2205451268922,0
-32.6074515391143,-5.14426269276916,0
9.56105316899903,-6.76881855109956,1
-36.1242082701961,15.0413073836471,0
-33.2847705692758,20.9117168409276,0
-28.149489346848,-9.58433352797985,0
-3.75333050615487,20.9251334755758,0
13.097524138116,4.49549894460696,1
27.0644233443368,-13.7744237161284,0
-0.118147756651055,-1.61350601265207,1
-34.2923776932543,-16.5366452160249,0
-14.1487406496678,8.79846272122307,1
10.7639687467594,11.3702422379541,0
21.7653849147078,-0.891096015425266,0
-16.0245625186089,8.05732126570759,1
-0.162031187784294,9.59418172336545,0
24.2010308142483,-12.6375428394892,0
7.22975023222111,-15.8215096866767,1
2.7682702777832,-0.849533949896443,1
-12.8536413128845,21.9739136302849,0
-6.71154280489261,16.7550933732519,0
22.3444742922293,-20.2872714443877,0
-11.9161752412892,19.7398711816374,0
-2.84188806648385,17.2858593520392,0
-10.0454012472255,-12.6576986258668,0
13.6473670899234,21.2057447196247,0
5.15120642217212,-10.7999323526802,1
11.5350403059212,5.58168314135761,1
-0.675355128608643,0.825752726025751,1
-7.71717414670276,-0.226993973811915,1
-1.71120011615307,-11.1494349301749,0
-32.939340655678,-19.1947399901556,0
-6.76183497404593,-14.5884849642895,0
35.6509888425402,7.25455363090065,0
21.3347983476675,9.06743959073184,0
17.4053595399076,15.7550893706158,0
20.1894468166587,-10.1276669072359,0
19.5001410935744,-21.0113511962279,0
26.0885440954329,2.5577344101093,0
20.5319205963394,-13.2450896198143,0
36.3782305835992,18.4906108951751,0
-29.5366823659068,-9.89568359286545,0
-7.89815246808128,-11.9257458460022,0
-0.603390536195612,0.798585622696582,1
-18.3848090103526,-10.7333564428427,0
-35.1905671805406,-21.2894613362094,0
36.0529805505614,20.9653731553687,0
17.2083744056743,17.5463156357299,0
-26.7546728906822,20.2052474721011,0
-26.7600136397585,15.1591394795453,0
15.5666315321083,-5.23752816347912,0
-9.04449229740862,-18.0575185088373,0
-32.1927302433914,10.2404459454189,0
-6.77613392951992,8.03323813682573,1
-27.132717889225,-2.85257154468261,0
22.7179291603266,-15.6990340503585,0
32.6988603984913,-8.48736539151016,0
-37.6413196813625,7.93393015926396,0
11.4030841881262,0.173582005530839,1
13.5684670399893,10.3249143377816,0
-18.724664024014,6.51289027674581,1
26.0817493781874,-19.0154363779416,0
-15.659133159748,21.7666873260588,0
-35.958610804402,-14.0292828698469,0
-30.9086556198434,-1.73993008091822,0
22.6392578942298,2.67262374276318,0
16.0665995927871,6.87248439422351,1
21.5389155720115,13.7376674819166,0
9.41812094557289,12.1600014139191,0
24.7315749656007,-8.95081795155516,0
-35.3382835332427,-14.0695661526985,0
-7.18390210571154,15.0442380370767,0
-19.0251745984535,6.79606739451792,1
-1.45184003519784,4.74926675584397,1
28.9437736869401,-0.991942999767634,0
-16.6679538627598,4.90947175677742,1
7.5348307074531,-5.35561818794635,1
-36.0068134627816,16.1191450536293,0
-26.2049013635845,-0.868394708000057,1
25.3772261744431,-1.71522324654906,0
-23.1881040890079,-8.728406909806,1
25.0638906679097,2.40662168600829,0
-12.3063107137609,3.34225198191895,1
13.0048577643545,-15.6554435854497,1
-34.0201597512319,9.73388226606708,0
17.8074890452718,-13.1961773355685,0
-0.0393848856453047,-9.70048486818006,1
33.6907952469885,8.7403212278349,0
-15.9772963560651,-13.6134130924995,0
-9.3814075485408,-3.43509353701049,1
-29.3545925145297,-12.8617000026972,1
35.328653752433,-15.8977883571351,0
-5.1291208918561,13.8054743753023,0
-31.5731967245219,-7.54788551615178,0
16.4674073570665,-0.854245401765112,1
0.515840844651073,-19.0523620817226,0
-13.0653316650951,-18.3899727108049,0
19.2678347231552,-8.03179412354029,0
25.5364426698549,-8.15855750646723,0
-18.7175572269555,-7.12383814693303,1
2.61630127606429,6.7773260138657,1
-4.92744229472402,-3.51030097676456,1
-26.014484927136,14.6117024685099,0
7.6365714790598,16.4654372697823,0
33.2462577624626,2.18648574414278,0
-29.8103480130922,-7.1273717246752,0
30.3985890393945,1.84724363160853,0
3.83533933047564,-10.9681605569742,1
-5.52089180158369,-5.80041731911018,0
-26.4190568924296,15.3875381739292,0
-19.1865038089767,16.0715720817317,0
-3.99997167852341,-18.7390468416103,0
2.4915412649681,19.5793324732871,0
-11.0465137933085,-21.3260338261584,0
20.7567257327008,-18.512039327541,0
29.0077668262309,11.1691566349923,0
17.7909991041856,-5.5939178497054,0
-7.11115231663355,-12.7852775463517,0
7.91758466575718,14.79522318187,0
10.7239839261666,15.7560658955966,0
-28.3125204628315,11.9998399972442,0
-0.28940823210921,-6.68397061633599,1
-14.4043289814678,20.5748573175954,0
5.9716592552425,-7.69578260722269,1
33.7142792149519,2.82077726201948,0
-5.55258969499665,-12.2588873061039,0
-35.4822384710732,3.83171125291873,0
32.6369747877334,-8.06487950005543,0
32.2986511013018,9.01788258392298,0
-10.7686741138722,-18.8421786653386,0
-18.2408271594921,-17.9944870277383,0
21.8013330658699,-13.8715365818707,0
0.880250496905425,-13.5270214812039,0
4.75206365763285,-15.1151847943592,0
14.0443260749081,-10.016066924125,1
-30.9778587535754,-13.96038043603,1
28.3160014949978,-20.4467562734815,0
33.6632788966975,-18.8777521649557,0
-30.6588380182544,-21.0123243768037,0
26.2870703968285,4.98408378610586,0
31.1140667290578,-10.0785945390018,0
-37.1380733174582,-1.33435231268671,0
1.7998854846545,-14.2682793140671,0
11.4262407980797,13.6881017372746,0
-8.72895334634907,-21.1494104343491,0
11.3469557587616,0.582817118241323,1
19.9768644611782,18.3808104500593,0
5.75213458512181,10.9215987685417,0
10.0258553021297,12.3044176196657,0
-16.8564957045805,-5.91926150285094,1
25.8275681327856,20.3788416963189,0
-5.56054332583037,-6.38138389242137,0
10.0033007545744,16.4370759870411,0
25.3434905955783,10.3338283279777,0
-17.4659047652934,-3.41546402652056,1
-7.53914405090694,0.626925109152054,1
4.12334902343769,-7.22328636908323,1
-4.26623288072091,-16.9594378753796,0
-31.1308067258256,12.6172510619632,0
18.5729795590176,-1.08522137194206,1
-35.5212258529794,-15.6803007664727,0
-5.33956669909038,-0.595934196280581,1
-35.1680667599744,17.9053105512654,0
36.1606292307444,-2.6583994616332,0
1.69783300899478,6.93207095505967,0
31.1318783734339,-1.73513413126846,0
-8.87315797815889,-16.8998553995413,0
29.2183700047635,-6.63888607145429,0
-18.6186616908324,-8.89511542432921,1
31.0877879876529,-21.7774023577439,0
29.9865938010954,-14.6706469200831,0
-7.71269576471606,16.4820073605339,0
9.50152013953659,10.3440588222748,1
5.13739375012393,-18.9244914724273,0
29.9829032938198,-15.4340388863524,0
-21.7233989060401,19.3430953478187,0
-37.7067039265852,16.7611161084698,0
28.92419103841,-7.71440695215309,0
-20.1307557369211,-1.61795899006947,1
-19.3902887016221,9.58449526968411,1
10.7096946706202,-3.14824291435199,0
-14.8561394281564,1.5814284094027,1
24.7471817035498,19.8124846362956,0
29.1603420319918,-0.0861954421719844,0
33.8483448068949,13.9704134176999,0
-8.29955428124885,10.3720008945999,1
22.9003249180865,-15.0392361660466,0
-26.0593901137124,12.8314947136853,0
9.51257015527269,-21.397932301504,0
15.1228868097337,9.83353415506798,0
-31.4739610828469,-0.332514853451954,0
2.36964753192144,-7.15420729759247,1
29.5310556826831,11.2119476791727,0
-17.9613833775884,9.08561004838886,1
-20.1563000768709,-2.52728994373095,1
25.813949307042,14.1500971035473,0
-0.338957740828754,13.9051769454775,0
-26.4201561526192,13.9116125153972,0
-20.4616201584783,0.0466618225001589,1
12.004500738437,-14.7962886876168,1
4.78407697424574,3.69700367683534,1
-15.8210159386876,18.0012906738533,0
9.29517883834941,-9.25626568369426,1
16.4088110302207,-6.41563910831834,0
-16.6644414099049,-7.48911067630424,1
-6.6672399502703,9.99051016778062,0
-10.4723657805262,8.72766612443951,1
21.3857936721922,-9.73425567400307,0
-27.7029765010494,16.1548114254084,0
30.5572831057749,-18.2468234934825,0
-15.9876574732614,-18.9941624718203,0
-0.0335976156550828,20.6031264725844,0
21.5528695015298,5.50330953108357,1
13.456716765018,11.8879373618444,0
-26.6143085185636,-15.6029210291455,0
14.9430804509613,-8.19059833246217,1
-28.1950087226714,-21.971147169327,0
33.8919178435943,2.61608990665642,0
29.3673005424578,18.5733784872022,0
1.14035058324389,-2.40583986313441,1
13.6350646908043,-6.63232694032085,1
36.236295195356,0.574695189143135,0
-28.4650128953577,-18.0716179820281,0
19.1704718947267,11.6064728648382,0
24.855945118668,-4.91069427189554,0
21.3887048451785,-15.4949345954381,0
-23.492917326375,-5.05704907567542,1
-5.4232581140977,-10.0094980325517,0
-36.9012872191618,-8.83311818060039,0
-13.2783028573031,-21.4925556370607,0
-27.7626458243959,-11.4894607509003,1
-3.76067288161438,-1.67667353382792,1
5.49289469357184,-15.8030584940402,0
22.1937694307215,-5.46413757255552,0
-6.10001764166792,-2.08487245578313,1
2.47277736991262,1.18121836854403,1
32.3535337941292,2.26158749692638,0
30.3302196684058,-7.37558086953146,0
3.40733828362438,-12.5419370394129,1
30.485420212948,-15.4384528161125,0
-34.0611701232954,2.66010826221646,0
23.4537914196881,-7.53986318216262,0
-12.5472519672958,6.76173946177489,1
-20.6200830891007,12.8218207012532,1
24.502537381076,13.679566837828,0
-11.5341719964996,8.04884381772712,1
-25.4242347520143,-9.56715515906436,1
-35.8618488313725,0.909036472416965,0
34.6081021610943,2.27961982689383,0
13.7020940896256,-0.808553565134744,1
27.4027207190745,-15.7339128654586,0
33.371107166785,-6.95807215054636,0
13.6947412980519,16.0566729553616,0
31.724204882005,-11.1428941942458,0
-18.491433011512,-13.7951416860637,0
29.3069782166055,1.15700515549986,0
31.9232520489818,-5.16527518085121,0
-15.1951785572121,15.1504729806471,1
-32.4222880512718,9.19644429369207,0
20.3223038569704,8.14628070985606,0
-31.5436315942589,-8.36730103164022,0
17.3860700490431,-21.3644393677323,0
-3.96038708733404,-7.76261017740715,0
11.4948984044869,10.9802897294494,0
-25.1178578332642,-12.1793086596379,0
2.3901423433281,20.0360189165693,0
10.1688652227409,-21.3152328062933,0
-36.9287036821154,13.7453471287483,0
-2.25177852244381,-13.3264466786236,0
29.360773808776,-10.8274565591904,0
-29.3338388884666,-2.21518526071907,0
-4.36687247458637,3.63705747005996,1
12.125639500278,4.12306304558289,1
-15.597254259656,20.5481133067937,0
34.2279985151324,-1.05370388604666,0
14.7657548149822,5.35997365095748,1
-22.2827039464104,5.15733047088171,1
4.16193677271215,5.17345043501796,1
28.8251648229058,-5.54182556191742,0
4.39718449470449,8.56118856449595,1
19.1773885715073,-8.59419326400635,0
30.0124602094426,-5.33304811043135,0
25.9801571529317,11.2928040059436,0
-28.0548921189079,0.309113853727368,0
-23.6243010272489,5.06215683914148,1
-26.3233728521657,-4.30836498559507,0
-35.8034430094524,-13.2882257895898,0
-37.3095477146222,0.185888885266269,0
7.33033238987483,-1.31498825827682,1
8.28774865316938,-15.8734510501765,1
31.838180832802,-1.41765993176596,0
17.7516576963573,-0.880797180183936,1
-15.1128316403355,-20.1449527320334,0
-0.336339593687356,-17.9833368657429,0
-18.379610214123,-7.9905515039013,1
17.696931654618,21.7960972839826,0
-29.1261829208448,5.20846396691493,0
18.6991588075777,11.2541202000014,0
23.5439721391585,-9.85063746656408,0
18.6377597720863,1.49474886607549,1
-12.3771081273834,-21.0062242984233,0
6.40869851316166,14.2339078528495,0
-2.35964002334861,-11.3973465713917,0
-31.3678573810348,6.69264181017293,0
24.9825243881655,5.67211191435279,1
14.1317978413522,-14.9751281568053,1
-17.6832958127227,11.3125534106287,1
35.6807509090264,-7.39917248534896,0
-24.0331605973965,-11.6036638946317,0
-15.2044898561878,9.27417847731167,1
-6.74994830764645,-7.59990651289735,0
-20.026821779228,0.666203623741055,1
-23.1757954762375,-2.98715851053182,1
15.6088252530896,13.1468684152169,0
-24.278332721396,1.8861230206269,1
1.69730176206096,18.3847720314793,0
-15.4909414302635,-15.871922395975,0
-2.82857649038986,17.6663067335817,0
32.3176636676253,-9.8436103622059,0
-21.5924251855021,19.5221589359489,0
-37.9233252334671,-19.1381923663542,0
30.90207447688,2.24345879319827,0
13.6831878677507,-21.4667586704988,0
1.13633720636847,-15.8393472266055,0
1.67723496504939,15.6657729062297,0
-30.1781879791691,6.10146257014528,0
37.7629171023165,14.5148801450108,0
-10.7183697275376,8.75874240269621,1
9.51843750729602,-15.8494303339803,1
-8.10414438687762,7.43322702675557,1
-37.4176541419693,-1.46618170575069,0
3.44165498643966,18.7417431360086,0
0.692388457940389,16.9460837199423,0
-19.2448020555737,9.10628126748789,1
-34.5499591257154,6.30970831299422,0
25.9714606018368,-10.7121297796205,0
-34.333006261972,8.95608922427075,0
-13.9596421902169,10.3671323173789,1
21.5398767133852,11.606864628029,0
35.9024045381307,-4.63097438942376,0
6.57127013616613,-19.2598929396287,0
21.131332545403,8.811381752269,0
17.3050057206209,-4.59295526511039,0
11.4749965816047,14.7657732429703,0
12.5107415313937,-11.2541850489957,1
33.3472648395401,20.2934334681387,0
2.66617619455132,17.8959034073549,0
-7.71855100083219,-7.97603194720105,0
12.9547822706522,11.7587690202923,0
-4.5193801449908,11.2380160036736,0
-27.9015801968674,4.24790659073997,0
-4.62051515642455,-15.7199753838405,0
3.62084841276899,-19.9361134742214,0
-7.96963543574874,15.9717673486596,0
-7.73132841609016,4.06837493543849,1
19.1024974855674,-18.4953837242053,0
1.69862630014772,-11.1271068735268,1
-0.727089442505203,15.2670958073079,0
-31.2604009747718,-18.8192257294064,0
-18.9352758849462,13.8413130199412,0
-3.98551426871819,16.9097961432588,0
10.4850281022105,-5.70923663170498,1
15.9178421542999,13.2151698928159,0
37.4391055053878,13.6696874454243,0
32.8468101270376,-14.1437804823134,0
-30.9905582744475,8.54892219251121,0
34.469037935039,7.08299577116042,0
-25.6275299298699,21.5627519183458,0
35.7545866326588,-5.12535090614964,0
7.37250656035827,10.1422279852009,1
-19.7427389465978,-18.6472312651531,0
-32.6575677276906,-18.7164490742058,0
-15.196867651718,1.5349391025004,1
23.829406616171,-5.06684932587521,0
-32.170049560738,-5.49005520666573,0
-11.0600447466323,20.8084656649899,0
-27.9671735449179,9.37529616083755,0
-25.9783480945709,-6.78079122197224,0
-33.27682407708,-11.2747783631529,0
15.3401043958166,11.2489487228995,0
-31.4273910219605,16.9349268312981,0
8.87583020673019,-6.75078673332008,1
-24.7933596749301,-18.7697675411585,0
11.5064809201296,2.32291734293383,1
-0.0990731452832989,-3.66566560327875,1
-16.377187668901,-12.1231540113405,0
25.1225401438831,-0.957963985351963,0
24.1953510687338,-0.0305718604539216,0
33.3008746852663,4.52820215659608,0
-37.975216678151,-9.42468466783572,0
10.6695810721659,1.7411065172219,1
-37.4409673489871,0.858540805733128,0
-29.9119958913614,-0.959584137691383,0
-29.8836245926236,3.56217272385059,0
-10.0997126670808,-4.80323218733167,1
-19.78981475541,18.504677647436,0
-11.6933446709937,7.76117883814341,1
-19.0288925095827,-9.17551259084012,0
-8.58311212506261,20.3997079789243,0
-6.00108384704993,-21.2789074880863,0
10.6458739750524,-12.2290520222329,1
21.8540259447023,14.4639841471782,0
-17.4804238048293,12.2688179545579,1
26.1426594151692,-8.68047412172046,0
18.2755968968622,16.053740904508,0
24.7837481174629,18.8022229713482,0
-24.1533891995058,11.0643989278368,1
-33.0268501105707,-2.53917456805837,0
8.38661992058368,1.87480677905122,1
15.3180135049033,16.5046511489049,0
-29.5170538307562,21.0086570072747,0
-30.7173963322726,4.20409268725714,0
7.43536669637918,3.80558162028785,1
23.7296783869826,16.852089800037,0
23.9079412267603,12.8117896008559,0
-31.2027906491017,0.541538185437194,0
17.5771816047567,2.19613601028444,1
30.693099793027,6.13871749772077,0
-3.63038417162213,-7.42957965420492,0
-32.627736596745,-7.53221700936325,0
-19.6628602148697,-15.4699041907579,0
17.6217445466009,9.9944708979068,0
-34.922637209903,-5.75788590823061,0
-5.73627002289861,4.68268397705303,1
3.05634661526089,-21.6991012831923,0
34.4909156799505,-15.8877276995791,0
-22.1231636088034,20.4303756184438,0
-29.1587606869455,9.70062151119919,0
11.1127251598523,18.2751948793751,0
-29.7607571763382,10.0273818788087,0
36.74576624046,-0.101677898035533,0
-19.1258530781008,6.0418679920406,1
8.08303473004226,-0.672165344023657,1
24.068840731331,-3.8879907850963,0
25.0841201581229,-9.95210145010788,0
-0.83301073370982,16.9287797916764,0
19.8153474649741,17.8304646194554,0
31.5482030865077,-1.8601192222267,0
30.4740966760912,-3.54271031690446,0
-21.7179492344094,2.26928932712319,1
3.57664405434367,12.7774450106283,0
21.6379205556664,-19.4159900589354,0
-23.2224768368304,-1.50568943869855,1
18.7635755518101,12.0798757734792,0
-1.85757494245671,8.98623664686344,0
6.32765217330552,7.75919494444361,1
-18.1983457792601,12.1271275124192,1
-31.5534930680564,-1.99145693036343,0
-15.3419033100147,-12.0669098067432,0
31.7018312746429,19.1988695391775,0
-2.24061735130436,5.40414083737265,1
-17.5204659541747,10.2662522568213,1
19.9857562478033,14.8013305492775,0
20.6850799939055,4.15932040859206,1
-36.3812285676653,-4.62932961921818,0
28.878950629813,5.20190534858115,0
22.6609339944377,7.79534682503161,0
-13.3634418702286,-21.2378853783536,0
12.847375664578,10.513276640992,0
-15.481666385318,-19.593086583244,0
32.6763553194345,-11.2967545682138,0
-16.5710069464989,10.0798528214936,1
-25.1651221778368,-2.80612483495949,1
18.6326619062847,-21.9343133601994,0
-1.73778928541412,-12.342974957523,0
11.6617851235609,-4.92404796869542,0
35.4597709120961,9.87157537949664,0
-14.2099108946932,11.7524804366803,1
-32.1906012062821,-11.4097033619899,0
22.1475511692375,-20.4389349328481,0
-10.2308175739404,19.9011715136912,0
6.46755358113135,1.34130523934735,1
-24.0664103300645,-14.9415310691645,0
-32.1541603893036,-6.03886315090993,0
-26.3216297436664,-9.78499807080956,1
24.8425752529934,3.55096324528258,0
-15.1272875598685,6.19810052290368,1
-8.82477875957025,-16.7689733860311,0
11.456919989549,-20.6231380242198,0
24.1201598270009,-0.843294406950356,0
20.2362326721179,-15.2194547203875,0
-9.56265762376155,18.7704196027109,0
-23.5704516870123,-3.86192873801248,1
11.134133396597,-4.23086487808001,0
-37.7259968574418,-15.2603973656012,0
-16.5005191934295,16.5029205054866,1
10.5336452010864,16.6027649368982,0
6.99766804987703,-17.9148334212227,0
-13.2780204438827,-7.36593342550853,0
37.1602950928513,8.51364212023362,0
-28.6340756828816,-14.4805862263797,0
17.9266509638426,-6.77941018395005,0
-26.0971064716776,-5.93687744966708,0
-4.96679673172304,-6.96694555429168,0
25.2504845758081,18.2770593374126,0
-10.6468733294334,-14.466595269085,0
-32.2059083863951,-13.4915699132396,0
4.32634147630032,20.513311677899,0
-17.181302959107,-1.71426400926648,1
-27.9638443724635,10.3346444128018,0
15.1737685216296,-18.1810047013415,0
-1.07122702864477,-12.5252397064809,0
-24.1135649381585,3.10507613851035,1
-30.3076950975861,-7.76309240590415,0
-22.6795911293611,20.119345022774,0
-27.7593031839128,3.9773139260375,0
-13.39202429617,-16.7137602698662,0
34.2414236553215,-9.824390551039,0
2.44192260680341,-15.5907358392691,0
-19.1758860449636,9.64214906106972,1
-4.76700475886059,11.226403630431,0
12.8506715208999,15.3087505722205,0
3.62487403241878,-14.9214309638293,0
8.28814156807058,-3.21506744556141,1
27.5982417791541,13.2729186561772,0
-9.06710781354052,-12.9190806168684,0
18.9206267762635,6.9052473005312,1
-26.0910433855999,-9.23300854173006,1
-33.5825898399822,8.17529604453625,0
-12.1822708826743,-8.41314529053371,0
24.1054075570497,19.4788090314885,0
-9.30637709761931,-11.4879457011809,0
35.9179748454308,8.74631298711584,0
8.0042128894743,-15.8435272083955,1
-12.2940514182718,-2.41199678314107,1
32.5267628941597,6.42601777058607,0
30.2802767668974,-18.2548272102152,0
26.6536910142216,0.528609886990431,0
-18.4838143028246,-11.0361953992357,0
-16.3023419322459,-5.48747685451353,1
21.2759651926001,3.94638597601953,1
15.3060373465757,21.7880305193824,0
-0.569105003847,-20.3125319782169,0
35.5427488844217,-10.309855404901,0
-1.81172643087049,-8.70358944520905,1
37.6128193035843,-12.9296988209299,0
-0.716024739568063,5.88279117819112,0
0.262458133467433,9.48562550530567,0
20.4267385698464,1.56212717589593,0
-8.50557936261263,-18.716917865798,0
-3.552296275176,-15.2521818112313,0
-27.9030984205718,8.08093702408356,0
19.6464809466638,-7.31364073979135,0
4.95800699052461,15.0473335496822,0
11.2963815326781,19.7116571252584,0
22.6524127974298,11.0740910028839,0
-21.2459335409904,-20.8036526157061,0
27.1996986008456,10.7403889216224,0
30.7593978544382,-7.18274376141384,0
-15.8064887367335,13.2594986283791,0
17.1661016192406,-14.6562621939781,0
-12.2021188677808,6.01427839058442,1
-17.2762267590852,-15.6973641782586,0
-25.0591311678613,14.0849291582645,1
12.4653851616688,-14.1468315637549,1
2.72472597635396,-14.1074416845876,0
25.0123157846616,-15.3262604667322,0
-17.6804818708607,-2.87663539775037,1
-24.6121606726673,16.7200113527801,0
-5.2298361530538,-0.0211233045859345,1
-1.85021712731429,2.99258425238693,1
21.6767890009282,-18.1474180137207,0
-28.0704786007924,-2.46596048000212,0
-34.096964316297,9.00113268218496,0
9.69049224982146,21.1994509527769,0
-35.7893460593469,-6.24323042383758,0
-27.6492096669852,-16.9259900334021,0
14.7862255004092,-10.5545025006369,1
1.19160076652162,21.7923126753117,0
3.23626394392269,14.8499701559098,0
23.4447466816996,11.0029799985443,0
22.3201382564295,11.6402543501958,0
0.141898614890756,20.9309429969749,0
-16.9759636020166,16.8774696264198,1
-28.9054644761754,6.20020036933161,0
29.3814297719897,17.8018429382491,0
35.7419633245213,13.6717087956193,0
33.6319997787431,4.66571895667726,0
10.4977380709394,15.7234810685551,0
-31.1151484448562,-15.096428559024,0
-32.3221832676904,-7.7698352908268,0
-24.13372884874,0.284826545783311,1
-35.591737687855,-4.69622396441762,0
17.0951594114863,-9.64890944799834,1
-27.0439304440707,17.0926733338663,0
10.33043806221,-8.53901289489834,1
22.028414460046,14.3907669147347,0
5.03523762228308,-13.9429358427597,1
-9.31654178447603,15.4463051961765,0
24.4405447788765,-8.97287715665937,0
-14.8290569575057,-20.6287182374563,0
-13.7276445872008,-5.67650492232752,1
21.6584717451027,-5.05224954740707,0
0.283969216352943,15.6868570720954,0
-18.164248373049,18.5917148391353,0
17.6681398359003,-10.7027250926146,1
-25.6158026585861,3.44487945057743,1
32.0017168797688,-7.59991404433942,0
-21.1110168374437,-1.11802529126512,1
-31.6457374815517,10.6961236166923,0
-32.3986819155959,7.51611817550845,0
20.4859259823157,-19.1888088587846,0
24.1434540287701,17.6801718118694,0
18.272340681318,9.72069255052481,0
19.6269078255251,-2.49503198692578,1
35.0508184884009,-14.4165350967829,0
-2.55170288043331,-3.69864572019561,1
21.811733088063,-21.9685158740288,0
-5.88482564053236,2.04782214115083,1
33.7234768406492,2.82932478439973,0
-37.9001057528934,-19.1370422681178,0
36.5763609437539,-4.9854739853389,0
5.33475785544239,0.218455746322896,1
-11.6682378649563,16.2172006779209,0
4.37023203628912,10.9345544520521,0
-15.2163626098803,10.8114179912002,1
-25.910465488044,15.3092415306292,0
12.5594777263172,-11.5676208952644,1
13.9994115288887,-7.14869925994914,1
22.2231115384701,20.4217610924346,0
-11.5045427378481,-15.6854099802273,0
-18.9943202651669,-17.4444981106589,0
-11.7797427176665,17.9804199643269,0
-13.0239229422219,-16.9318145101659,0
32.4889004998009,10.7522496126057,0
19.4615048664815,9.88524656135141,0
-16.093863859724,-16.6222918915407,0
8.06967058729345,21.3358585991884,0
20.2182316820263,-12.8416504961972,0
26.3075781648877,-11.0112783888545,0
30.5505705828004,-0.605456352204591,0
7.27374321599472,-9.11926317286847,1
-32.7912530091788,9.52594164812744,0
-21.4287035042474,3.2644478552044,1
28.0750453568516,9.2851113789113,0
-6.51944308465126,-17.564285483684,0
12.2518955521002,-8.18945410472771,1
21.5448478644831,18.8446488141881,0
-19.1606634206613,17.2889312065633,0
4.13632195283238,4.34303590408611,1
-20.5515099696959,-0.147545225515607,1
-37.4746299382521,14.3308766501826,0
20.2645941898322,13.8943674822423,0
-36.340673036905,-15.787073652621,0
-8.12413896996764,4.60520977115059,1
-18.8069481624554,12.7851411654202,1
-22.4795139740426,10.9377692497491,1
12.3332395084623,-21.5678161280795,0
31.5203980822759,-13.4903243571133,0
-37.4754063715024,-5.06911504157559,0
18.7281632275234,-2.69468279414078,1
22.7749803568951,17.2610166967331,0
30.9927195213964,18.9325691014793,0
36.067619089282,4.50404463527494,0
-28.8903746739511,10.0749352350088,0
1.44170201968146,17.3520567916506,0
24.4700856883021,-6.07907607067627,0
10.4137327044624,-13.0376782681678,1
34.4971886443701,1.33236754923695,0
33.9664043652407,18.7969408531419,0
35.4619986452309,-12.7622515451698,0
-32.8818416761317,21.2088111137437,0
-4.74735568183051,-3.67999080446569,1
-13.6161643464007,-10.1788083647776,0
-27.8120435615666,10.152527631562,0
-27.7715285828468,1.50084126396846,0
23.252022184221,-5.49500971445037,0
1.88208409401203,-5.17413602826908,1
33.7635297641893,-12.444983522828,0
37.113845824543,15.1864848129636,0
-6.84804233161875,-18.8434623044792,0
-9.7897213371717,-6.04914660137919,0
-20.7590889741778,-17.1781779869345,0
-4.10164712938721,18.1975424033579,0
-17.7671707448959,-20.2176254560405,0
-3.10867405847311,-11.9711069646827,0
-5.09919506297358,-6.54554024812935,0
-18.2686189938682,17.2032347690266,1
-27.8376973641712,-0.705658670412546,0
-6.13864018709353,-12.7858106442629,0
0.52139885443313,-8.00125858082049,1
-13.3513338199924,17.5685723569837,0
14.0363488318973,-21.692572273455,0
-4.32489316197324,-14.3490142437202,0
-4.88960593234784,11.7805104225284,0
22.2697871826874,-14.2748844654463,0
23.9822840959925,0.322950852867642,0
19.1605616819245,-9.0726961471505,0
21.9834515404173,16.4230176635792,0
0.0963264344175769,14.2333094723198,0
4.19382612498136,21.9481695468434,0
9.93698011721794,-5.52010417945794,1
-30.5528234716804,0.356158576744626,0
-19.3286101727964,10.9339379321375,1
8.79511081401104,-4.40373355344955,1
-14.8230432218667,18.9928267573836,0
20.2895378090972,-3.18181922232975,1
-17.6905889801012,-20.1423510324958,0
-34.9975208768762,-15.0676662167074,0
-15.461304907493,-6.10052442200146,1
4.28373810712055,-19.4104287591758,0
35.6496598026924,15.1078560410211,0
14.3734780461976,17.1592852473961,0
16.558986277457,-19.408653123931,0
4.48621308731512,-13.0903281899841,1
2.53491979307808,-18.1557346691244,0
28.5550241949119,3.21520832515904,0
-8.12450695293777,-2.77242975528554,1
-3.18691271193023,-18.0922536378533,0
-22.1733644220301,12.1318207179964,1
19.5527603867702,10.2928046773779,0
3.54859414156612,-15.609994978282,0
-10.8384973344515,5.09645464788994,1
15.275832016838,13.1210982730863,0
-29.6990902516622,14.0901659317181,0
-37.4975817867206,-5.78048539414069,0
7.39495806490284,13.6372232447297,0
12.0973810632621,-19.3300791013815,0
6.08048872194279,-18.0069635914154,0
31.1563223693485,13.4457682436912,0
10.3364675604934,2.0671604609158,1
1.94265509388939,17.3854666803349,0
-18.2686459116021,-13.7782144900757,0
-34.1110140808721,14.628265251989,0
17.6282098161584,-19.2438499694629,0
-25.5138542901972,4.40130054535101,1
-16.6898275675947,-19.3568264292445,0
-18.2835139537131,-11.7245519323723,0
3.57929293541757,-12.3329204616082,1
3.13640352893365,-10.5929832597505,1
21.8966019877234,4.36854711669371,1
28.0900222039423,8.57627752829719,0
21.8530802921001,18.5736304295849,0
35.6765170480766,6.84532054471104,0
-24.2844236636701,5.88030773261962,1
32.725521174136,-4.32088187109569,0
-34.5684574209232,-6.25495214497613,0
-19.7109127181168,-2.02454562222404,1
-37.3270177125064,14.913077539555,0
13.0411086077784,-4.83940958134498,0
30.7658054813195,17.145742825637,0
5.50363968248615,13.7037287045979,0
-26.1849419349982,14.1790729282927,0
0.179924963254138,16.0553895809928,0
5.14769874874604,-7.09523551772728,1
-23.6913450437701,-19.2163890475937,0
-13.361068776505,-10.2580479780463,0
16.4188380557496,-17.9269221340532,0
4.02258185141244,7.53763962201844,1
-27.1865877738884,19.5762797371453,0
-9.09236948463729,6.87758791103557,1
-7.86073736396083,-3.68015552231807,1
5.832368872752,-11.3693201576877,1
-36.5254857939549,-6.55637695537373,0
5.89608465647779,8.7885782369875,1
32.8469030534497,-0.496451348400729,0
-29.8776687018447,14.096389967247,0
17.6433816638108,-7.48161399386724,0
35.759731808664,-17.8610316857027,0
8.27530094098537,14.5975168944601,0
16.6945865255978,-3.22618772351154,1
-14.9908232445366,-10.6942135810253,0
-3.11429805003255,4.65927627251321,1
-34.3498253981403,3.39351341248056,0
-8.71324000668444,20.3036554219077,0
-10.5095551011414,-19.2113484573722,0
-16.1436118010522,9.65509904565532,1
24.0701679277126,17.688416496275,0
-3.75986478999147,-13.4118958801087,0
23.3040715476064,17.4973890244306,0
22.0531430618494,14.1506539551253,0
-16.4952016378201,7.3015967782495,1
-32.8084978644967,6.89374506035922,0
-33.825264655098,1.56383831230703,0
10.4517205898398,-15.4862661121182,1
-5.75429582750041,5.07639657970133,1
30.8203824532138,-5.54774525108706,0
-6.28361284435971,-2.69574816828321,1
-26.2915671087185,4.36325766897406,1
3.03994404654743,16.6306287177859,0
33.2189439649835,-16.8998095456625,0
12.232584933551,21.3725397988882,0
-8.00603444115005,15.7191966489338,0
-18.3167187959185,-2.56932952033311,1
26.4413241577614,14.5912703266503,0
33.8242616954328,-9.12362693529253,0
-9.34801236648324,0.481179679578425,1
-32.886705974705,11.0544353058264,0
-24.1997855806318,-5.2656281803216,1
5.75681875638328,-10.2842545381811,1
-23.8727375985151,-10.4454274664186,1
-15.8499249477038,3.63547273704704,1
-2.91352787296537,-2.50269663228904,1
-11.6297144831296,-2.35494017257149,1
-13.8194055429765,21.0627132067226,0
-3.04649194945412,12.8198816040068,0
-20.0719860726641,-12.6952123912474,0
-35.8908451431968,19.7371159911595,0
12.0424626526577,-19.4237495682724,0
-25.9309292330225,-20.9462858547775,0
23.0023576414425,-12.8266855015171,0
-6.94793734056079,-9.05144367505076,0
-13.1182172050782,-5.89475290689246,1
18.6971193711668,15.4028240570508,0
18.7227459462291,19.4374060675092,0
-24.7794227275971,-19.1928253295629,0
-29.0665950614587,-3.97864600009776,0
-24.7731481467318,19.6877466874997,0
9.68309646301924,-12.1941329403278,1
25.9836594218458,-19.9071017284203,0
0.766296968717441,-21.6821876151127,0
-25.401955462886,-12.3214068117868,0
16.2872014646442,7.6313993368572,1
30.9348345194013,-16.1983804552951,0
-21.3911316752913,8.99128536819117,1
28.193070041005,-5.06503872911205,0
-21.9004682851925,-6.06480584992741,1
25.5865354611105,20.3543565816293,0
27.3069283774076,-18.1469674730258,0
1.77668794602675,-10.7509214449225,1
-1.72042763587216,-3.84481843926979,1
29.6311180859669,8.97284314506767,0
-33.0542087682803,10.911053339043,0
0.71866551196635,-20.3527842194974,0
9.18064398003986,12.3791290275987,0
17.7511254269064,-8.05341192741872,0
-20.5202864528061,-3.76544467224539,1
-36.3377374468671,-18.1322581899824,0
-27.4368443828198,-6.62746569221182,0
20.4825659650958,-16.305363315725,0
35.7021537490197,-8.60960307510149,0
-8.60362438185458,19.6335636075312,0
37.5005120245744,11.8856363798992,0
-13.1940964562683,14.137520651676,1
-27.5757612496969,-16.9495686354856,0
-8.75872411883463,-13.0543313162437,0
4.76032327146169,4.07432358585289,1
10.1714924352584,-21.5295838667159,0
3.16208525278902,-10.0402202302939,1
-14.0604997428126,7.07966055663785,1
-25.8911690214739,-13.1670024720337,0
-26.4011662459893,8.17178777246479,1
-27.5917412050891,-17.2794198233564,0
15.9450368433371,-2.33222121390638,1
-2.67030057839857,-16.4102420619556,0
-29.3913900669281,0.870081644665998,0
15.2667927746789,-10.7019367424858,1
-24.3210535514023,-14.9630460132176,0
23.0787741126425,-3.44454124939516,0
1.06066396491436,2.5824493885018,1
3.6813154951974,-8.77095516986406,1
-22.2037982817832,10.3654777870951,1
21.6287544693005,-7.03231534876396,0
2.01321208675673,-20.0335382092989,0
5.39777563036002,-4.03984542179821,1
-5.92490233579954,-7.82402055309819,0
16.8078795537462,-6.23417288075107,0
-32.4414883509873,-19.6143398701219,0
7.20950578841669,10.9343363967241,1
27.51027970025,-18.4915455828302,0
-3.89111939597396,-9.12810629251684,0
11.5958816747328,-3.67099189806031,0
-14.9360429868029,8.79039496484338,1
8.16543627241598,-11.9198494180422,1
-16.8034244450576,13.1552343300853,0
22.766737854908,11.4749056590171,0
22.5088529627615,-7.00687598755648,0
34.5106046578413,-11.834596922045,0
-4.23029943474193,9.18638883590773,0
-3.27690623836769,-4.11633784695839,1
7.58610251007688,19.5793338001504,0
26.039259191767,6.76225916115401,1
-35.6287655756652,-17.4502181082607,0
-23.7674692371684,12.3551096168476,1
33.7131743507519,8.68861634749393,0
34.0420825455846,-17.2576987883842,0
-3.57318626856083,-12.9209441876019,0
23.6232738879515,19.0730257282703,0
32.5948192539673,-12.9929312954383,0
13.1265133551282,-20.2168086572554,0
-9.70274674737329,1.86557713298363,1
-7.16712748541747,-21.8071775063931,0
-4.64938194380692,3.33945573362734,1
13.5773392534392,-2.36987806958722,1
-2.65465501548698,15.2465189965368,0
34.448076777595,4.11033467526548,0
-11.0429533576615,-19.6550848218566,0
-12.2344144993,8.25404663210942,1
30.085363550523,-16.3398709660396,0
3.45300362764236,19.4267957597036,0
18.9455625171917,-20.2848493347622,0
-28.5093328655221,9.03994479618911,0
-3.55415382276573,11.6966450557461,0
-32.3190426773618,8.85054344713918,0
12.4138866330937,-4.63031923395704,0
15.4775247865331,17.3151507337991,0
31.8402431914273,-1.33106961927071,0
12.1654650384724,5.08595810437886,1
14.4479738654043,-16.2475293668568,1
26.8829943456795,14.7510026057744,0
-2.4394690759933,-2.34201583439026,1
-3.15562017413437,18.5523263167603,0
23.2639182461369,11.8976854752344,0
24.6823099535771,-12.5358533131231,0
-23.5268561577199,-15.7830236840018,0
-36.0488361678113,-17.0288909938331,0
-33.6820630023402,-12.1126226625346,0
-27.1368958977381,-12.2361885932519,1
-24.9721759458618,-12.2341295974853,0
9.56420338112932,-2.32969975889347,1
-35.7568442129833,-8.37288877897952,0
-2.10274784109254,14.0011446859921,0
13.5616505479092,3.84033290506839,1
-29.2760383434403,16.3327373400179,0
-20.0591417762801,10.3608526850233,1
-16.0298742365063,8.89235236736411,1
-24.8705216333401,15.590593941966,0
-13.3983346735536,-16.1074110840091,0
22.8843675233761,-16.3459163621919,0
-15.2278388595123,-1.87306724978993,1
20.9475549592392,-9.26187288151914,0
4.0105831232209,7.51836448099633,1
4.15657084366568,-11.806829469423,1
17.5291937847913,-12.8029734135955,1
20.795486509222,4.83430482970487,1
30.4643799516439,4.94198200492187,0
-27.4992961169947,21.7809059589968,0
22.3498380452997,21.5500920334354,0
-23.6045835591233,9.80504715759883,1
-35.7979469288272,14.4493156700334,0
-28.3185733717671,-5.91564208946686,0
-27.8360878417307,-15.5732041050072,0
-28.2483670625325,12.4295313961062,0
33.0797442700942,6.44362715633473,0
-17.2345158081623,21.6253654077542,0
33.6436234551308,12.1015379795598,0
10.4994381118465,20.6994970945312,0
28.312342386977,-15.5822051670926,0
-10.1024338968833,9.59456393666751,1
-20.0486552205772,-9.35107350851003,1
-23.7638139033939,4.53494629506486,1
3.46934413445656,-1.40210881030887,1
-18.6111494161709,3.01994659102452,1
-14.7574058065949,18.2752923512887,0
-36.8183049914287,-3.66854681040084,0
6.6490951310062,-18.0935714445005,0
35.1544316287928,11.7684784460853,0
26.5884232385004,-5.62718682961424,0
-37.396537421556,-0.505863177208202,0
10.1859409747218,-9.11396456879169,1
-10.6938737268467,4.93587269754112,1
-29.3314692388077,15.3629381060848,0
3.10216240553487,6.0982166343221,1
-6.3519748734549,-0.0935043121799062,1
1.29948580307571,18.5521643448486,0
29.3453386042923,-6.72396862755117,0
-26.6459109711491,-21.0285215646213,0
-4.96458427771832,-19.874128353034,0
-33.513050573568,13.0306928556225,0
-9.04171567214751,20.7192487081691,0
16.9000795967628,10.6328303696508,0
-30.7709386005612,-9.73343835153161,0
12.7064702055403,9.41945506078835,1
-15.4735578676888,-17.6830707996728,0
7.49077006703411,18.2152000059212,0
-26.4592487750423,12.5254526134396,0
-4.8353398922044,-15.3201742790438,0
-37.0361451600936,-3.47215354575309,0
-20.5942560437329,20.0131056328943,0
-17.9603463303537,-13.6625558201599,0
0.865277636566219,-9.9696356376034,1
-21.653548503499,-19.6340346374277,0
-11.6956558919007,-15.4691156983561,0
18.8340989257356,-18.4567507816954,0
-6.56492155791882,9.30656047330524,1
-33.7628053222518,-18.9191298573464,0
-8.3578612566354,1.0624602216655,1
-1.9392205207519,12.2393566955499,0
24.7243744522653,-18.8542725992314,0
-14.9230885935795,7.0991824227778,1
24.4560505882473,-2.86583828752855,0
4.99166201018129,-4.65592776697976,1
-33.8669971181574,4.59309506745153,0
-18.2389222616704,21.8379621243694,0
6.77186989137221,-16.3768190332876,0
-1.54024522667761,-13.2882229533968,0
-22.9025531091793,17.0616739295698,0
-19.8350376691305,-19.3525971258315,0
21.2947044215953,-18.3361374740046,0
8.91555385609163,3.7766572850887,1
-27.0462112298214,-20.3314896256132,0
16.4260335329866,-17.4445480130033,0
-7.48551142268378,-4.43700628692311,0
-2.85871206332671,1.65929178489706,1
15.753432494412,-12.5011570744763,1
-7.50799849967196,-5.03062019475938,0
-36.906709556751,18.2063477171183,0
-32.3273264396748,-6.06614075043816,0
6.92118129593479,1.83503576339713,1
-4.10388445915679,-13.9555836397483,0
32.4231657887642,-6.97387333444265,0
-30.7881049602059,15.4561352386052,0
-9.46817244285438,20.4305708474659,0
3.49591366603592,1.61378251819254,1
-29.5124435748776,17.0551539469031,0
30.7392058153202,10.9872891877869,0
10.1290518936515,-15.8513968899312,1
30.8112849049928,-21.7977280699658,0
9.92202340173824,12.8152007844306,0
-36.9186509576881,0.615710314981236,0
-13.9476882057017,-11.8344497904531,0
-29.4978238864382,8.95958121061893,0
9.83919795917113,6.63288276495081,1
-33.3860819597885,16.1989912103437,0
13.2236140748757,-6.69773355401983,1
-1.71462941942683,-7.45156184961275,1
-14.7785190024777,-9.07415639291954,0
1.24130665228554,-21.4132172109454,0
15.7341469891784,-9.69397235108371,1
23.8344347310561,15.7442531234353,0
-13.998566159335,-15.3515020438371,0
-14.341034226539,2.30983120202042,1
-11.781757795979,-19.3162176187402,0
12.639171875182,15.2335839431093,0
27.4414438693094,20.3628331277119,0
19.8952233234126,-8.75164625585502,0
28.5636558250208,-11.7386412024803,0
28.2138978009062,19.1443012594665,0
-24.8679293677965,15.054473418265,0
26.6170226494133,12.3107798118554,0
34.9287165983138,0.334381603975718,0
20.5357311745077,3.62742693955934,1
28.5011666484627,3.8043505335746,0
-32.8765757960073,-3.49676825780583,0
11.1562084118939,14.655862288928,0
-13.3686591274449,-15.169367452492,0
10.6663653488285,-17.1886109441722,1
28.8610783513197,1.02218662705187,0
-9.60353666023535,2.32405302309554,1
20.2720543771304,-14.7964363405264,0
-25.2254139424686,-15.4275339183371,0
1.4990759531209,-19.3487852697038,0
9.68662631006201,-2.9692028659071,1
16.2574401207566,-0.446366845448924,1
-14.7138959938188,-21.7686940409585,0
-17.959779683601,-10.4967918946413,0
31.6162665566775,-6.92647304262001,0
8.74260404529905,-21.4079722252931,0
-30.918695438704,8.83634611438533,0
9.70498735795583,15.3664051888477,0
-23.4058702602781,-3.49472004233709,1
21.0493164448896,13.6835218659579,0
27.7020384116979,21.5563033001129,0
-12.6477975010045,-2.9396837241502,1
-27.7085360510309,20.3356245398391,0
20.1755040331115,-2.8492994771478,1
-13.7853562525835,-12.872555872206,0
-18.8191571609754,-13.0931928516455,0
-22.7943295298397,11.2626102012251,1
-32.7552512208159,19.549761256978,0
3.94521586934886,15.8610950469006,0
-7.31031663892681,-4.10492950702523,0
19.0088008620431,19.8610433709218,0
-0.974053814527245,-1.35324562870478,1
-8.75625467379507,9.12023751035239,1
-33.3329532228902,-0.411044841531623,0
-21.7594466974605,-5.91112780465666,1
3.33437569932086,5.0065580753777,1
-6.7910094682338,6.75172681945961,1
30.4732036598284,-12.584819617305,0
-33.7219951890381,2.58322051097905,0
-4.29329719501051,20.0774506794368,0
2.8737520654935,16.8851137374489,0
-27.8113943737178,20.7385356609103,0
3.1119890401228,5.79947330707723,1
27.1599826281687,-4.13968633652021,0
-22.9506803869244,-2.47284852677718,1
-26.1737083019116,-21.7006357942526,0
-33.3352896461461,-7.26738427640589,0
12.2416231588507,11.8600314726423,0
-36.5861992132188,6.42870017497615,0
-15.8761768210885,-2.28701572208914,1
36.0106108217354,19.3719999427295,0
20.1126745245032,21.0580305535672,0
-19.48002130409,-0.344041558757169,1
13.8408206397628,-2.56569080637533,1
-27.5230572228874,13.0968784953997,0
9.86568669394172,-16.6982737821414,1
27.1331166421488,14.4038908552246,0
30.3846733285474,10.8366458512805,0
-11.5240014303783,3.82017795770881,1
-1.04042531019078,-8.66857586243682,1
13.6433294174308,3.7438513859333,1
15.5132637314308,3.29453062836592,1
-2.97281168730022,-12.9152663830258,0
-10.3153054131528,-19.4874206364318,0
-16.6998429583023,-11.9005178394202,0
-32.2084630510477,21.5167540329146,0
-4.20850220048447,13.4811070907702,0
-25.4063214621145,-20.1085011100155,0
-7.69507801573425,1.86551600416739,1
31.964434989195,-10.3534162377713,0
0.861413299811403,0.401106778603005,1
31.4748171100086,3.61289252863928,0
-31.0130206479676,-19.9943102654939,0
37.4708252487196,16.5358089173114,0
-30.671044660323,-0.706182848250961,0
-14.2007904999389,-13.4547325386525,0
21.6885084388969,21.1787310828213,0
7.78241960539528,17.7158318026283,0
-2.59096513784821,5.62369266903431,1
-15.3420176896355,-5.76577272872049,1
-27.8788683766562,18.8477437227018,0
-15.5793194524839,17.5344385152092,0
-25.3363416969283,-19.7095753764331,0
-13.9001004711773,-18.1231927028981,0
-29.6521843093076,-11.5007289533873,0
25.238685066929,-7.28702835216819,0
35.8410493167245,15.5887021920303,0
-21.4113832947516,-21.3366687723784,0
15.6618997578922,-10.6275963552915,1
-35.0349593764128,9.73528100212743,0
8.83842941091656,-18.1058445896456,0
12.871676962135,15.9282269285427,0
-35.1726835109168,-14.6670250966476,0
-37.7465733074774,-2.13100003189331,0
-27.1727090835764,-9.51384122839422,0
27.5428148757004,2.10036399517965,0
-17.0211563759027,20.7433365271284,0
2.4085568118759,-15.4531157317716,0
1.68881895864862,16.2059986974452,0
5.13894633659431,-0.509496142874969,1
-12.6895259235768,3.99987298404115,1
-6.58034202638552,-21.8508959904386,0
-6.5095404052399,-0.635528637645368,1
36.7780556057302,10.1836891790518,0
-33.611813367448,1.62674394184587,0
-7.86274067235091,21.4065600433214,0
22.1403642444156,0.0682866494155689,0
7.15809517165749,-19.8121397085545,0
-14.4732049668759,-17.1396460076763,0
30.5370208824088,-1.25544118460435,0
-30.9223487743047,-14.7346356417865,0
-13.7539376450796,-1.957120370023,1
29.4090827176901,5.14232970951292,0
11.9648071816256,-16.9407405703366,1
14.0232836629202,-18.3668852521223,0
-1.97990450023553,-21.1635645271622,0
-27.2654439591194,-18.1620639713037,0
34.2702909996063,-3.77848172031423,0
29.0795853855278,-2.5508997807821,0
-4.75467049710546,15.6734722785372,0
25.4567168694669,-11.4165439886704,0
-13.2891015546235,15.1074427244668,0
-10.0594132123179,-5.50701670192718,0
22.4077994163045,-21.1633815354796,0
-30.4525375655945,10.8290889513074,0
34.335398382217,-14.7646973510476,0
-37.8879818588003,-21.1221397161873,0
-15.5499154629724,3.75505114855689,1
-34.317454018935,13.1602760003484,0
-4.3517308295739,7.99057536472972,1
22.0283240033475,-8.88291944905092,0
31.4275667819812,1.54372230315828,0
2.52733135890583,-14.3129071770448,0
23.1098097812781,1.41935958978247,0
4.76218710243884,-12.6653455433531,1
19.0666103490944,8.11320091459351,0
-37.2984930671732,-4.92092431703096,0
-1.76435125881493,-11.8978098728908,0
-18.9749559840769,3.30586177760397,1
-14.5982123601684,-16.2460585898941,0
35.4881319363418,-9.4662780062879,0
-22.1308685948284,-18.6384095092905,0
1.55619521081447,-4.86891586629235,1
-20.8584941657771,16.3010454480777,0
5.10703841114103,4.91616211531925,1
37.8604279816315,-5.86283581483489,0
-27.9782344084289,6.38658858182406,0
34.5554204526237,5.15095473960751,0
-28.5853091261672,-7.14178563086582,0
-23.845896362383,-14.7159072597414,0
11.1342060043264,19.5789564600883,0
-28.2591501100746,0.438274529262507,0
-31.8196417828798,19.9633915466963,0
12.1012561208044,-1.32420700230201,1
-35.917687317799,19.0476504797632,0
36.8736648629955,12.8355625058097,0
2.98915198163307,-0.251857527482194,1
-9.58854633010864,-21.3984343658717,0
15.7118513467218,-11.430537082732,1
34.0032644549237,-2.73323501781353,0
-8.94692148786649,17.0710440206956,0
14.661050176078,18.1816517049234,0
7.75741974248521,5.4408721566431,1
20.9195861225055,-1.3546448776675,1
6.97939963159812,14.2626237937183,0
-9.41033461875599,-6.04362237471777,0
26.6493391692802,7.33725630456462,1
-20.844125500389,-6.67515234515835,1
22.5688296087748,-16.5541660507733,0
37.7629564779294,-1.4771597193069,0
-16.6203776518225,-20.2369861591999,0
15.9889541018568,2.05575367328166,1
12.5127971036169,20.3635985946304,0
-6.47249947821697,-13.8779202093822,0
-0.131487427155079,-20.150986990297,0
34.133349938587,-2.39175131485542,0
34.4418073683888,-4.58737497886098,0
17.7021716881506,20.6877547676465,0
-8.76431964859192,7.45144816953191,1
-34.9537126085325,10.1276267717636,0
6.30295253075351,-17.1752087717044,0
4.91816077029212,-0.221469905926732,1
-11.0061210739044,18.7188322438167,0
28.8952623961276,7.5740367539091,1
9.46429010763079,-3.37205435329979,0
9.42518152183462,-7.9715269029172,1
-15.5236527422202,21.6384287102182,0
-32.324325556151,11.1938950734343,0
-15.6783444261799,-7.67544290438207,0
-20.1597745505698,-5.35956096819208,1
-11.7117990503222,3.01042471969121,1
26.4852672882302,10.223662542946,0
-25.8123069778929,-3.96216003556713,1
-26.0023074027111,5.00070401817013,1
0.658104492812171,20.7683963496101,0
7.8508760045093,15.670992295639,0
-25.733830394037,-5.06476314761245,1
10.2945286885805,-9.98247482432971,1
26.1394837648729,14.7163384662781,0
21.4524601079124,-0.341206544869912,0
-17.8929570690834,-1.28722677470242,1
-14.0828788651313,-15.6095449390582,0
-24.0771365643762,-17.587235067296,0
-3.99203128655019,-8.66974428067839,0
-13.1724251372856,21.2719900915484,0
-16.7339619629854,-18.5817062989768,0
32.8140570396842,-10.4490748620609,0
-7.6233766148464,-6.03518656270229,0
-9.16384007983736,6.30707400209558,1
7.05633016127091,-17.7606773374508,0
-32.793491868007,-20.9138874436479,0
-22.4019376801595,-8.28613958516039,1
16.9949891357673,19.9850620180768,0
5.71121857512932,17.8331312880467,0
-22.7823297235905,10.049455372412,1
26.1045062410602,6.85148752574197,1
-5.79651992320009,5.11347109528364,1
3.40107315738985,-12.600977468596,1
2.1255211717645,9.1404730541709,0
-23.931805619584,-13.7504726197571,0
-31.791581736879,17.3272405735243,0
-2.72888465345064,-19.4431349765956,0
-35.6778370467625,-7.7866166206967,0
-4.94120402626248,15.5538288040755,0
4.3977370605466,-16.6511311773236,0
10.547441827296,11.0019958409219,0
-35.3994765897632,-1.20262364732108,0
15.9524339941309,-8.68803156742167,1
-25.1313799174554,4.50217520107552,1
7.09706796398684,-12.6547587338744,1
8.21293386881058,8.61498636004942,1
20.699328611004,-8.97504533511182,0
-33.7232052035782,-13.5613923359797,0
26.9591111680817,-7.7807546711412,0
-8.79439125862523,19.0679929819311,0
-7.62895896180682,7.37521833040379,1
-13.2682711097329,11.0615999450794,1
4.20964839694677,20.80301708828,0
-15.5480721553095,-3.17196166950221,1
-10.1748798453889,-8.6841231721792,0
-11.4723270209575,15.6033936254383,0
9.897028220896,-4.52915443041833,1
12.4975981413247,10.312272271687,1
37.3993215828841,6.20802742541428,0
33.7714559243173,16.0704043791272,0
-11.3735624981494,-4.80909650100742,1
-23.3321561893819,21.7213406570043,0
31.8877865163212,-8.14843701833385,0
-16.0594041747364,-20.2239331269017,0
3.86531649086132,-6.78358494292149,1
31.8686356898889,14.5259385797955,0
-31.1563123174694,14.164157685099,0
-18.415081032564,-7.58100469712185,1
-5.54435521421865,18.333250207376,0
5.90697004309602,5.68689794689725,1
30.363626011569,-18.8396922165863,0
-21.414853108542,7.86312912398675,1
35.4944232199795,-6.18689177567707,0
-5.01741526936962,-15.2460605276154,0
21.6465041612621,-19.8164884510759,0
1.91777219115742,13.8146331960484,0
-12.8229591853414,17.0471257829079,0
-5.19888284607882,-21.4708022997015,0
16.5605216774725,-11.0102750773467,1
31.6321179369093,-19.6491541904694,0
29.6421270399724,-6.52079861006557,0
-27.7623395633561,-5.55343758227237,0
-28.886630589808,8.80722600990453,0
29.9023840023722,-2.5756242158394,0
11.6345011732064,16.6788924156147,0
-34.9388661725055,-13.0489413759625,0
0.358413230147129,-17.3336628466491,0
29.9784633714051,-11.6478596525435,0
-8.68463670227546,4.86142374143518,1
-15.8040572827899,4.21565921600266,1
-20.2132206820886,1.54093147993962,1
-22.7279248401998,6.68850477615672,1
-9.09673919138335,11.3818506253332,1
7.2040508108973,-8.54162700483743,1
-17.6026659027097,-9.05564507435901,0
9.30564078953553,0.814122259208599,1
23.1471155510535,9.69234812508126,0
-30.098184352271,18.1013140130754,0
17.4222633696568,-7.75245752344204,0
11.2928600955599,-12.0985919583713,1
-1.92624862503629,-16.8906432215197,0
32.9013203630177,-7.73674526349745,0
-30.6702803699964,-20.2120485112266,0
7.53212579577241,-7.49007802810296,1
-20.2490820996186,-17.2186920707434,0
-35.5430462962703,3.74087923160943,0
6.06930404692102,16.9876335448171,0
26.0070595778864,17.5367707421476,0
4.32417109729437,1.55836652336225,1
25.8311072386295,11.2273421300858,0
-22.4236272012313,-3.66422663383415,1
9.21537139777378,-20.9383798195264,0
-24.7744125654351,-13.1924812623469,0
-15.9949737727411,-12.0297566471462,0
-36.5937769157558,2.55938083359657,0
15.3137256517024,-18.6059100817964,0
34.3589442537828,-3.52745340203649,0
18.9247094634642,3.41621242847818,1
19.5112816007033,15.0051168371373,0
3.19876973380457,7.67141040698756,1
-16.563221661194,13.6905891559447,0
-19.3895116363474,-18.6624421818413,0
-16.2398154453442,3.12632438511768,1
35.1982151774811,-17.3401494224371,0
-20.4671537317452,9.48153888848497,1
2.83642742114237,-8.02495024671203,1
-22.4193728314604,8.29778475526433,1
-5.01286161407164,16.5685453696722,0
-27.1918900923464,-21.8588897467067,0
-9.45563310258565,-3.10475388057402,1
22.3106076358452,-7.086835221798,0
23.7739894649821,12.5715051809573,0
30.6881088908966,11.9292991807896,0
3.06855579660292,6.9717673517285,1
24.1576117295752,-4.81210572459781,0
15.8396650452645,-11.5303038876137,1
-34.7161272566151,-16.6042336446554,0
-26.9081054881016,-12.7852237017285,0
-20.2664896320022,5.37790867710743,1
-19.2507178336978,4.06411378294027,1
-25.0585115342754,20.5282018479128,0
-20.1356805365075,0.652977857908819,1
-17.0649582276158,19.4088269050099,0
34.3221035889441,-11.8381265439439,0
-11.6530052749092,2.60118864184237,1
-15.4035327265084,-18.3039035132058,0
-7.26360817712084,14.2785718986078,0
-15.0299556395809,-14.2807941967907,0
19.5556423562981,2.79512262690013,1
-10.6594640511331,13.7939212674772,0
-28.5076325574059,19.75707630081,0
8.90587451989251,6.58153998932725,1
-10.9805215177943,-13.2600617334554,0
-10.4166978170084,-18.3706024044958,0
-32.7948902355041,-5.86892285558021,0
27.9043022551555,21.3122170925998,0
-3.19988895068938,-9.67054007673763,0
-32.1012307235597,-11.9896515762775,0
30.7740108870349,-16.0196204218954,0
-16.5911130596256,17.6744988672585,0
8.65471603511586,-3.04120739609797,0
12.3012035990843,2.68841864339248,1
-22.7981307118436,-21.3667149672906,0
34.9589532955061,-0.992319333333469,0
12.5480548106269,14.6978765647424,0
3.13878779348909,-19.4542095029583,0
28.0416342465398,-7.89971110897069,0
4.33560749647751,-5.02420304821621,1
-36.3737431106609,9.97850777069837,0
-1.31627805623254,20.5591731037666,0
23.4069040147556,20.6904332096205,0
17.936711827789,5.56579483756736,1
5.49513404072513,15.4699687939646,0
-37.3171511440407,-9.29388326493528,0
16.5893152382495,-5.39395557568624,0
-3.84357902880903,-11.8652392173027,0
12.1308744258971,21.28970099541,0
19.2438342922431,-21.6797181486082,0
23.1601650497704,8.51154817325994,0
-35.7841757543235,-5.31385491010546,0
21.2661123282855,9.41135157605132,0
5.11863789239059,-16.381403277562,0
-32.2151363592805,-18.5872997456974,0
-18.8767413525035,3.00186306433284,1
-27.857455824959,17.3910973330802,0
4.90001805548486,4.88166719438223,1
3.11457749428534,13.4694023844071,0
-32.7619699777105,-20.5034511038937,0
37.1207459191534,5.2155121467651,0
-18.9167465274456,-6.09940612084187,1
-14.0240526438757,-15.8194436163568,0
-15.1500718909876,-16.3514618135208,0
-34.8050330994315,-20.4154083380787,0
2.12049885384134,-4.31790231749135,1
-18.5423026336077,20.8216301419554,0
-6.93804057429059,17.1647092255592,0
34.0109608519337,4.39860661120193,0
31.8653537188321,-4.52112468715343,0
-28.7854805194562,-21.1749888333868,0
6.98780743840489,11.9779588326745,0
-10.6664348395305,8.56647507489584,1
16.667326868136,-20.233688028254,0
1.78988295405856,10.3034532122543,0
-18.1759052493617,13.6990469898387,0
-0.525972740850101,-19.1497630631266,0
27.0435284534583,-0.589250640744854,0
17.0548775603507,21.7165448177054,0
-22.8676170617819,-4.85338367873785,1
-26.0462735445632,8.87574239543276,1
-9.84386049677196,-12.5494887264184,0
27.5326723765605,-0.0242706687486525,0
14.0419597363704,-19.5522584841908,0
10.1990388260175,-20.4385147134045,0
-27.2594298697923,-0.47058607761474,0
-31.9730293749442,-9.02688372048726,0
28.5870464122098,-19.1480112411703,0
-6.04741870574859,8.80769993001523,1
-0.937565852011751,-8.11276784561971,1
-3.01526243022221,12.4492608051699,0
1.19147097017035,-14.0473887474674,0
-17.328426345274,-20.9280350966166,0
-20.3999323081009,12.1632315622351,1
30.3645898422749,-3.83145456134823,0
31.0609968249754,-0.852623585751527,0
7.87685676980251,-11.1399128686046,1
-10.2420272856961,-5.59639794126421,0
7.49287805202697,14.982743626712,0
12.805023116123,16.7389216977124,0
29.9868709097889,-11.3478270315469,0
-31.3625001830676,8.66022590914488,0
2.96478654782023,-10.188217686467,1
-5.43780486344546,-2.60513164302472,1
8.9036655788867,-17.7649732055578,0
4.47456664871963,-8.83951413999285,1
-20.83534769682,20.4172302935805,0
-30.0565157237518,-3.66570127164161,0
-37.2416981402235,18.5759343428329,0
-33.5043488902746,5.56756619482036,0
-13.4784198414135,8.90402852731239,1
21.2402145204648,2.40019905123037,0
-12.5036274406411,-5.20498173506259,1
9.08721455022573,-2.03407940646431,1
37.4593145272734,17.9214735053086,0
11.2484328163826,7.87406278528031,1
3.0229623442036,-16.8388948604516,0
-20.3486387681407,-5.72314648888325,1
18.2272492568418,15.2966323790215,0
29.5634182316166,-9.9080970525443,0
27.3453795693581,-2.73351879353375,0
7.37661993438666,-8.00657419019142,1
11.7611629044947,-16.4749289528956,1
31.5410635255112,6.16035304817366,0
-5.0780858714241,8.60814106135305,1
-15.9781825559898,18.923427123125,0
10.0230548414903,12.2999366272772,0
-15.5479401990674,-7.91742970551522,0
9.27418806791788,4.69919219569679,1
-34.3874012414495,-15.7909035920116,0
37.5903520389309,-21.7486712955469,0
-22.2859246660861,-3.48935602098048,1
8.15966066413837,17.3499253266371,0
-11.5800952473441,-15.1387448127919,0
16.5480171620209,-8.33558661524971,1
-35.8725095669797,20.2790652503822,0
-32.9200261504836,20.5867486069263,0
32.4568747061879,15.6116104063978,0
-31.3293461915399,17.2354061755021,0
-12.7377092944268,-7.08997573854178,0
1.98974805199818,16.4933940265709,0
-19.2551985715682,-10.151264133143,0
3.26035870060789,12.7550723167632,0
21.3459566459098,2.60345136123435,1
1.6630609871054,-19.2652851186337,0
32.8281949753365,4.78921390712287,0
-26.8194894954682,11.3932410366729,0
-6.32580666685896,20.1198849591716,0
-16.6977421369474,-18.952449941745,0
7.45562410275308,-12.4356295726725,1
-35.227910890714,10.8928440147633,0
-33.1598257680964,7.52399323844072,0
-13.4609296070375,2.94520364178434,1
-30.5232316907495,-15.4803458334403,0
-25.0766084035747,20.658880442225,0
-9.79155129377303,21.6602007176041,0
-34.9781166807859,-8.64954318627133,0
15.9023124685511,-19.6338516809906,0
10.7419433760341,20.297938509256,0
-24.7713746287617,-3.14405704255352,1
-33.2764523598399,-12.5113158276058,0
-7.09388405736906,-8.27832732948704,0
-2.80721763090344,19.1182771796571,0
-22.5967532427648,20.8059482828526,0
28.0857916437349,-18.0637364228561,0
7.44346805214246,20.48811976791,0
-36.2509711810505,4.94991977867985,0
30.3564092197204,13.2555615839059,0
-3.57609520896641,19.3037908288174,0
-33.5900105862595,-18.5641119319853,0
-29.9235273742567,19.8119052601742,0
37.8803221544862,-11.3469491132681,0
27.8408826787049,-12.4422188647515,0
8.75564054108907,-17.1823573138106,1
-35.9522191792262,1.71929056663819,0
-13.4882796928449,-10.8460524401796,0
-2.75300622031104,14.7606127397932,0
-30.4746902979804,-17.6658387173508,0
5.39509896451643,12.9016395958284,0
-13.2334928413119,2.6983840047771,1
-3.76258241480242,-21.972534218463,0
5.91612842892678,1.4589066882482,1
-32.3118326224125,-12.6632806990509,0
-33.6419571274634,3.80953456126565,0
-15.1273109395703,-1.66820667818368,1
1.65081490745289,8.29873682597435,0
4.70289786474574,-11.2046659525499,1
-19.6418374734694,19.2472292937478,0
31.3667323616114,8.23270601668427,1
24.755804497131,18.943296177735,0
-4.21451282216317,-3.6110177284189,1
36.6367548043076,13.8129483423582,0
5.94833467112485,-2.63778150098656,1
-20.1838142740613,11.5489080117071,1
23.6048736271552,-21.6143558589706,0
-3.7031634971692,21.781231778912,0
-19.002343124819,-18.6974367786902,0
34.6132524163204,-14.5373343268812,0
-27.1585736290797,0.624651403700653,0
0.954817243310337,12.2787373860933,0
35.8663104566073,-6.21352018102198,0
11.2723672161901,-9.09233126645853,1
8.71499625965471,-15.309254810794,1
-2.30657173438716,17.8320469815739,0
5.91133302115284,-9.99657957611981,1
31.2598052649086,-6.95701012920549,0
-9.40725845698623,-19.8043917782386,0
-20.6138772862279,-12.9965006346357,0
-5.81210978707058,1.0421568177061,1
-17.2066872119957,-11.5592062839612,0
-4.21299586613332,4.04920103413194,1
9.69114356450824,13.7725391908377,0
2.63273526877978,-4.99711638791027,1
-8.70639584195287,12.4466143920875,0
28.3822075301326,9.46024043086457,0
-15.1734961478245,21.9887059598055,0
-7.59774161290748,-21.1068527971291,0
1.34698709399859,7.0032262413318,0
-33.3013217046624,1.44819527469922,0
-20.4160912359727,20.1177446502556,0
-28.9950646413618,8.59498677549615,0
-30.4927172736138,-1.42945204282487,0
29.6609346215702,-8.949702904707,0
-35.4624301186336,-3.48672484064088,0
25.766659384511,-4.56771125043747,0
0.552271086038466,-17.4480137175332,0
-29.3575504806136,-0.95890739568603,0
-0.726130070886455,12.1494334835203,0
7.55757073334058,-1.19547922655827,1
-31.1435738828658,-7.96102015695885,0
36.3450265937028,-4.96283229316168,0
11.6294267159332,9.07837329766977,1
-2.95395838221519,17.4866041531198,0
27.6456163967502,11.2246003208041,0
-18.0249905195803,-16.030814027812,0
24.6211836562975,-16.83469150387,0
-12.9978768151097,-17.8028090424504,0
33.5388403672796,-10.0108617695146,0
-19.4477866029459,-19.8025960896487,0
34.7403725535782,-14.7270890842213,0
0.822697316043666,20.6489886692586,0
4.9080693073705,-14.1841895366622,0
37.5224260016732,-1.72478199365798,0
20.5947794408628,9.82800742078364,0
-14.151054013686,-0.35755865763166,1
-33.601680513948,2.70658496536919,0
-34.6503918217459,11.239665083114,0
23.7837416951139,20.5959172792994,0
-6.68243089370857,-4.78839696999499,0
-8.80359916946486,6.67904415340487,1
1.75761646166934,-19.7170863741902,0
29.8033214837882,17.2923678988152,0
-7.15003131444002,17.0858016881632,0
7.93355610645771,21.6531360524526,0
-30.7949297091578,-5.11200876104323,0
-12.4654228895368,-6.89729921945373,0
-26.9920202769409,9.15940373206024,0
-19.3890797395196,5.05377101782568,1
-9.19815395490669,15.4013519595701,0
-17.4557094844718,19.4954856608413,0
-21.6144532374846,21.30150503873,0
10.1635644393168,17.7148502265446,0
22.7783833313279,-20.6178532587098,0
-22.1529339694058,-18.1796238085646,0
30.1154706044239,-6.14510704394762,0
18.6739197812245,-17.1765924040254,0
2.76532133492493,-4.42515004794631,1
35.7173547454823,10.4661042592733,0
4.93112093348231,16.4215672664177,0
-21.4555676802726,-7.65763507554009,1
27.1900098002683,17.7838315731121,0
27.5119481548789,6.52571392278174,1
-14.1890331924317,-3.63273187299859,1
-13.1491999262013,14.503180281982,0
25.8410187053962,21.5373261772557,0
-0.567508243848692,-5.32405984430281,1
-34.0554112092973,-0.642603268455151,0
21.1293960399194,5.13744136841548,1
-5.57289867744867,-4.05085316155365,0
-16.7228970146081,5.47751631652674,1
-12.6533911022019,4.70459223996075,1
-10.1125636444547,13.432159617536,0
22.404223176119,3.99730015766646,1
-35.0595002968667,-9.99453656705436,0
17.2268694976597,-1.55949422089997,1
28.3240189068429,-2.9727938153748,0
-16.2780765275173,-6.19372130338076,1
11.9205437132952,18.1076958107887,0
-20.3766164924306,-6.73424440460436,1
9.26849955738219,1.67370156123324,1
-32.2905936811483,-12.9455173367693,0
35.4734465379796,-0.086541111750396,0
8.35771670341062,-14.8091236810245,1
-8.83764633866461,0.978757779337936,1
-35.6766972260523,9.44295914755757,0
27.1749845979469,-8.91981345461344,0
7.8692820890119,4.07132725968144,1
26.4358707869318,15.1384221612556,0
0.350834762602176,17.6694263302048,0
-37.3987763444196,12.3063400283656,0
31.8495614873112,-12.3789681419864,0
-6.78643553035673,5.87106177252224,1
17.6597968317158,9.35738942648299,0
-26.5159988066143,-21.8562288809243,0
23.9577290282181,4.55742791202007,1
31.1297924214538,19.4552764788298,0
21.1236270499211,-18.1674665151528,0
19.5413583683489,-12.0754449042763,0
-7.2049882109005,18.5512141245921,0
15.3444820930146,-13.1654169254237,1
4.97503122122452,-8.64745395775389,1
6.43996274618215,7.88883269435626,1
-11.7864904556771,-12.5335882133517,0
15.521726202049,-1.85659299552936,1
-25.7743603942726,0.748940394781961,1
-37.8849410641264,-3.24399671305793,0
4.71206476271184,-0.416563612056606,1
3.53279349574511,-13.7477046866865,0
3.86290989841641,-17.3878522481606,0
14.7847938203691,19.3954953115598,0
32.4895509961343,-16.332139576305,0
33.7599834739707,-7.28843373439987,0
30.64801302874,13.4145111804866,0
7.91207776575161,-15.7915640844958,1
32.3919415307473,1.94635256525137,0
-29.1120843607011,16.2387526707962,0
-12.0990853999394,19.4604999795038,0
-35.2084862876465,-1.83784372235528,0
2.91610863740706,-10.4257797789719,1
18.0293888931055,-13.8953716220197,0
-24.2270897982745,8.70161839671688,1
-5.60525372171389,-16.54701502534,0
-30.5392352658048,-15.3408445201434,0
-14.9551609324099,8.88803804755866,1
21.289318509343,-4.35161789395047,0
2.80899167066593,-11.034753339092,1
20.4494289060615,-9.04925737850021,0
10.5597170677582,1.44793118708959,1
29.8792666700134,-14.804035395796,0
-33.3875305550627,-21.1568441296091,0
-24.6413625215832,-21.9448786693695,0
-6.35877871434796,0.0231259470199632,1
18.22417991458,18.3708374583948,0
29.8645642292738,19.6183937756016,0
-36.035148699235,-6.89273559515532,0
-27.5452098433802,1.86269776741188,0
-5.76935512017866,-6.61966535945935,0
20.1070754228046,0.13775974123104,1
1.85722626153692,-18.057997691469,0
19.3405832801431,-9.80524774772867,0
-25.0953183032491,-5.34706527223123,1
13.1272524492623,12.5217831966803,0
9.01760844869507,-15.5795808527139,1
-37.4796972009663,-4.71833381289238,0
18.2571398344608,18.8421907769721,0
37.3718963243577,-11.0483422185503,0
-28.2582168499539,10.203866594426,0
-10.5957102190741,-8.50452906888669,0
-23.4784318316858,-1.19386548629693,1
16.2942222218692,6.97223111514531,1
-24.4821071436056,8.0826859146438,1
37.0005049989028,-2.75895473590608,0
-36.7080661274781,-20.9665981267668,0
-34.9754683127074,-3.92675624706101,0
23.1291204270436,14.9753301341676,0
27.3442137037836,18.3183803940755,0
5.03519212781725,3.51829842584451,1
19.3125637527569,15.0325871444019,0
1.48312224546973,-6.3062748143197,1
6.52873990619052,15.4638401620669,0
-23.5042900110147,17.2069228309875,0
0.261551224361703,5.64054242091111,0
-34.1304879181445,-4.4362419356733,0
-33.7367235185442,-10.9568218065504,0
-12.5249976061915,21.8367286572795,0
9.94876151317461,6.0399955847401,1
29.790313940997,11.1945462671729,0
13.1781436089884,16.7110674671466,0
14.0802950779735,-1.61904945847963,1
14.8766042829885,-9.92157470732572,1
22.7871889196756,-1.14242106511134,0
12.2059927071635,-20.6832327565759,0
1.51518124672499,-11.9440560637061,1
-12.7880327791495,1.77587645201021,1
32.9971261742954,-4.41938040645696,0
-19.2677519406381,11.2402879258279,1
0.851684206821517,14.606087658119,0
18.2641593721443,2.63931344650226,1
-18.6831914942028,2.89076008963245,1
26.2644416524417,4.33250555298876,0
2.89973607122855,2.90203917031742,1
31.1703461887697,-0.979039806707966,0
-11.3463128288683,-7.00410984619988,0
33.0846910863853,13.7152450276717,0
32.5066788940706,13.1153877734052,0
6.66522739009235,-9.58125006974664,1
-30.2660777870796,-12.6630772449531,0
-10.1174285811272,-10.9780087911088,0
-17.0357393424326,-12.6078897157222,0
-17.7765898979345,2.35779696506402,1
-20.7830626435279,1.13201033096562,1
-37.8996207144283,-8.58690174747678,0
29.8685602443506,14.6890749444863,0
-3.53418944932784,-18.4985347221665,0
5.9599964183191,-4.3601814365243,1
-14.0139790473373,17.6001635919253,0
37.5452825050304,16.4856208583953,0
36.7758591500283,-12.0906799528482,0
35.3056397223486,-11.6916154321751,0
12.6361581679649,19.0544192022634,0
17.1880214044641,6.62092185418877,1
-12.6127658525296,-9.66270655852045,0
1.73073024281818,-16.8187542845899,0
-17.2250682137655,9.17572539464965,1
16.5968061611031,3.36023928090502,1
21.1293342831778,-16.3833089273862,0
-31.8391193157922,-14.7446755335221,1
-21.1599093290053,9.76532617545712,1
-22.4990784531759,-20.7766295713796,0
9.43154724806976,-10.2928976324632,1
17.1155887808191,20.3089661294526,0
25.4116782650659,-20.9188702993037,0
-36.5639509735746,13.0129845735626,0
-22.6390600005115,12.5054613738429,1
-2.34893489802452,-17.7236994156993,0
-9.24196620533765,9.43235392234737,1
-12.1300762373257,-19.9546375554802,0
-33.1473099534485,-19.26342925614,0
19.8615309895903,12.7252242228391,0
-7.39768148039611,12.1236337502774,0
13.2460184370266,21.4448899770117,0
3.88175008968591,19.5865333879556,0
-34.0892553407837,10.2469519540874,0
-14.630308744981,20.1477858541238,0
35.3738022880054,-16.2894668782463,0
32.7921113941609,7.40423156220285,0
-9.2699687828917,-5.27596675872792,0
8.94293458795489,1.71753904568392,1
4.75253773192654,19.2410753914102,0
25.1226139328734,17.3337779719727,0
34.7851041299171,-12.111811439004,0
-32.2615703499042,-18.1441197681071,0
29.4898541511381,-12.520201797459,0
4.74599416154697,7.95639542344801,1
-23.2290104651519,-2.96032295753295,1
-21.169587893529,-0.647615439657255,1
15.6379917604054,9.69605440821582,0
7.35386912732434,-8.03725476663565,1
6.55850155661902,14.804035640182,0
35.6055552586719,14.0583170528148,0
6.21250032060281,-8.66291986093798,1
-30.4151778629136,13.8180165733903,0
-25.338185545025,-20.8480545639748,0
-30.2408715961811,14.8435607208583,0
-26.8852200378845,-0.471845085668978,0
13.0389222828529,-17.482230398995,1
10.6288418176375,3.47102203349935,1
-9.69490567196759,-15.3181690435242,0
-25.621654573932,18.4603892124617,0
-8.39657056888793,9.98661236387202,1
22.7982190477118,-15.5861738546502,0
-7.61567881071553,-12.8583039083098,0
19.3890504563704,-0.349056171378944,1
-15.5640087138062,-9.15402868647952,0
10.6404492048602,7.15483959690677,1
29.2689037334155,-17.5217850590093,0
-22.0671074731588,11.8750715135052,1
-1.49290691875723,-9.03803688377922,1
-29.4129454843663,-14.903010456212,0
-27.9399073577168,-10.7172525942796,0
-33.1358284416918,20.706859328602,0
-31.9733979450154,-13.0193351799257,0
9.64851646159551,17.8324795741974,0
-6.7386185691513,-14.901550018794,0
10.5328161358381,-1.26278773143503,1
27.0983291687913,19.2424654684185,0
20.0317025017353,-16.027044743667,0
36.1881825103812,12.5505713666947,0
21.3968306267912,7.2239089572359,0
33.1043234695206,10.1714292055963,0
18.1755647060086,-14.2659490634962,0
-18.7248976688996,-5.78666497657751,1
16.6630216341497,9.16163152228349,0
14.7069587856066,-3.81908801792075,0
20.7722402644544,-11.1910314483302,0
18.7884985119808,16.8180658215088,0
-13.8028413209267,8.56973601478083,1
0.79275274809757,7.92326617070308,0
20.753052208934,-20.6369967108054,0
5.53397997920604,6.45503570001156,1
34.4926254664168,-19.5242366610805,0
-24.960504865934,10.4679473340751,1
30.9498672277406,21.3185011579992,0
19.1686761191814,8.91569458280842,0
-16.2506823918296,10.7773190479052,1
9.68318604032274,3.49475712863903,1
-2.82507783964014,19.7530229309091,0
-28.1626173580401,-17.8243259763054,0
3.75323435615588,18.263324705503,0
35.6827085618069,-0.442785986316672,0
-4.39732277978202,-7.34138183357456,0
6.91325866680096,15.7669390816782,0
-29.5662612201875,-20.8441118001325,0
-22.8112258481111,-12.5497084774913,0
-25.6147281656282,-0.672608903983267,1
-35.1973155253793,17.5455381337337,0
-17.2729255384739,9.82477994049298,1
-20.5098471675784,16.2632752253795,0
-10.750603653202,-4.09317769522948,1
-27.789954878212,-17.8274925055308,0
37.8931893942895,-20.7047735276856,0
1.02758495965787,0.619086390091219,1
-8.52368084013772,0.0294922706517546,1
-19.0111903961093,12.6455123724928,1
-10.2788155885527,13.9211489085747,0
-7.67162687091712,10.1317555579582,1
32.3988577333747,11.9245660913054,0
-0.344057271368463,-7.36604620469006,1
8.29821236098293,3.86039525780925,1
-37.6345567696747,13.4448774276116,0
6.66738609021261,-14.8577847907967,1
21.0871441110724,4.21269283539196,1
11.9459219680801,19.6770370947003,0
2.15191671152536,-2.82214034947512,1
24.7587602696043,-10.5068410143713,0
35.1449664726817,19.1010930601801,0
-14.1560292898988,-14.1513176974623,0
22.5784643680805,21.668160220142,0
-16.3266393506463,9.76429939757664,1
-36.8679894596777,1.29720957830047,0
-30.844618666281,-9.65912150222556,0
-13.0170504131627,-16.4797216542301,0
-14.7769595196991,-16.1659450156891,0
-36.6303178878133,10.848037475982,0
-25.6722369362515,-6.97178190606243,1
-4.25680078134739,-5.66940204224871,1
20.274522244821,-3.99389072246329,0
13.775451071514,14.6798913427019,0
16.3047913293912,5.22603127246244,1
-3.05665327131104,-14.4816134234576,0
31.8643989607953,-18.0362499461502,0
37.1596998944564,-11.2296451228286,0
32.8776847719411,-18.0438287414817,0
-2.92422559939734,-14.2087573556988,0
30.7740848860822,-13.9370861892844,0
-8.62967431992431,-8.97105178589094,0
7.82925797331719,5.64640628562973,1
4.58424466198704,11.603830492469,0
26.283821426397,0.56154572891165,0
-16.354823438016,8.12799728923556,1
12.412205823746,-8.43630199763314,1
7.77162141604177,-9.14248293568383,1
11.8911839501721,-5.12069680870236,0
-14.4450094178282,-8.48843087122271,0
-12.795070665127,-3.85438599275338,1
-23.6970030073894,-2.16922342862391,1
-30.3480610525842,-11.8247330895718,0
-16.2211394929986,18.404320833304,0
-11.0332071533856,14.1177693746133,0
2.71788905377211,19.8711554811459,0
37.3033063311343,14.4966723149697,0
-35.8584656984312,-11.6275179260135,0
15.9244331869778,4.51950025708114,1
30.791933337166,1.78589341051204,0
27.8030329646034,12.2942543231097,0
-28.9431314538923,16.5899208400637,0
34.6009152889373,-5.81660610282332,0
-4.49153988839009,13.9380035544991,0
28.5577765283713,9.24907896682356,0
27.7363248644156,8.65005612110832,0
-11.0085562826625,-11.5833730975485,0
9.96713000721066,-16.0327824947037,1
27.7057430016141,-9.01230643896254,0
-36.404628177237,-16.4243033414546,0
-32.1616606212935,-5.06153480236145,0
-9.36970352562662,20.4423053475672,0
-26.6612815705175,-12.0294968041823,1
-35.4086359262539,-9.57136559383277,0
21.4509777702302,9.931381748782,0
-13.129374205694,-15.6110870608899,0
24.1282010571127,15.1983046116698,0
-24.8049521828914,11.664567406471,1
13.3849476800134,13.6678221949945,0
28.5456365414772,17.5819989545817,0
19.5438159001298,16.9878228651623,0
-20.5484456914774,-21.3128338230757,0
-10.7202849343313,2.45647880049788,1
-10.3995288498061,12.2588459968236,1
-17.6743235425349,-18.5118027659653,0
-12.3649900666979,-11.3464950796326,0
-31.3909906834855,-1.96130304631485,0
-3.68146644764925,-1.53145699875678,1
-3.44553389174878,17.1228333120017,0
-35.7933012610106,-10.1450181289242,0
10.4197423219182,-16.5063601265651,1
-33.4811321899351,-11.5983461733734,0
-25.1410953330959,-10.6929884099759,1
14.0356604229517,-18.5003302347109,0
4.14711575508699,7.48474694900337,1
-37.5412766420932,1.0932916422121,0
-16.1055284003969,8.09123608398671,1
-9.3775210782892,-0.375000124700939,1
-26.86652946421,-9.57314899334685,1
-32.3354452241977,1.06132861260891,0
-2.98354140673688,18.6919923514103,0
-9.85002716653766,11.130601808993,1
24.6663713992461,-0.1385728753358,0
2.85270986079007,17.2634324883764,0
24.1312223040113,18.3322032635844,0
-3.01105717892542,-1.97783547491045,1
-36.9334301069519,-7.64240698520115,0
-37.621276409113,-7.18124684202585,0
-25.3667644252784,-10.7108889215593,1
-10.188648243801,-11.6616834147218,0
16.5839962101782,-6.16160752463767,0
-25.8838036048894,-9.53020045733873,1
-16.8133682252647,21.3689059905879,0
11.015322024175,-0.346643793764951,1
-16.1724846630189,8.39421224584812,1
-13.533252156037,-15.2066059998627,0
-26.1883235817221,-2.4948278997185,1
-8.53760130789084,-14.9360766888044,0
30.0757181855167,-4.33732863813735,0
29.4702819628122,4.25562126245018,0
-8.08538709197222,15.1701952316009,0
13.3347884033233,17.9938291004697,0
-18.8317212107935,-15.6571830662517,0
34.1990658448657,2.65287291752454,0
9.47584517079577,-4.9159739069927,1
-22.2719564488217,-8.68662239845831,1
-29.6662077562557,10.9685428154711,0
5.00457038921073,20.9180548766833,0
-17.1506618881906,-6.31396262516094,1
-32.591440233564,0.256703500142354,0
-25.9578531847646,13.0002813347964,0
-34.2364574891417,8.26681198188757,0
13.7471648472494,-10.4523459534892,1
21.4134417425203,5.56103807260243,1
23.3597549153207,-9.40498845532822,0
-17.8559269173159,-16.2440663173375,0
30.0883541818648,11.4324155922686,0
8.20694268983586,6.21115769300867,1
-36.9055362634466,0.708446588851178,0
-11.8538150942341,8.66666818477179,1
2.55851988398581,-2.5276745271348,1
9.70995585591732,-14.2547514967089,1
-4.04796515283142,19.965339411741,0
23.644028932356,-21.0556884023766,0
-26.9930728107117,3.20307396577616,1
36.0870325084662,21.7959596906999,0
25.3657650126835,-14.6178972289605,0
-12.1523117728582,0.231729078511432,1
8.83416900590173,-3.98767486525787,1
-14.9145311822143,19.2805161973316,0
-31.219373671777,-0.370790037997367,0
1.63596117330854,8.91868257566641,0
24.7221565019027,-5.9980016197039,0
20.0584233031917,-6.61178457797981,0
34.0205874004848,19.2044817033859,0
-12.6504072368133,9.87738295688496,1
-8.37988293387065,14.4734394895438,0
-26.5686211294589,-0.510458539410632,0
-12.6384640299262,2.97722902810635,1
4.07959096209787,10.0856849573418,0
3.8223398110928,7.35137493897725,1
-25.8080005840828,-11.0355040168478,1
-29.1012003123792,-8.79533326354829,0
-7.71016701476472,-0.871513143805199,1
25.185108356357,20.137146418601,0
-23.9399083916469,6.44221953561496,1
0.0597175710041427,7.94611921610064,0
-28.4000995276483,19.4672738416426,0
27.7117624323562,21.9121275309843,0
20.2650723104387,-3.61702308117905,1
4.89086870212363,11.6934676914739,0
-8.3927277322391,-2.32492661149702,1
-0.749537587964397,7.65801160475405,0
29.4047112826561,-17.8416182322873,0
30.7836693999012,8.16192914054572,1
-0.122439393521027,-9.47846595480273,1
2.22124821845925,-11.686726372184,1
31.1372546531155,-10.5933103497728,0
5.97348197120707,20.6540062338977,0
20.959667877915,12.5743877400518,0
12.265991921428,9.06801725758979,1
-2.30604984049312,21.2222416827548,0
-21.2976608917591,8.41252856332449,1
7.79682013785074,-13.0069052952644,1
-23.9963162445855,0.604866608810596,1
-22.9892616211639,-1.24393393142677,1
27.5114031327444,-1.35151110474765,0
-28.4506568262616,19.7199036515084,0
11.0640994349861,4.11412675000325,1
-4.76381601702295,-14.9435839996142,0
8.55798512986274,20.5108799137608,0
18.0486635214882,4.61064435030238,1
-14.9507620155935,12.1057240795914,1
-34.7344537905736,3.71318714987968,0
25.498572328732,8.51735945435789,0
-9.93257835388156,14.4450301290794,0
12.2617872889345,-12.3620554950209,1
30.0747137688771,-10.9979568425226,0
-17.1684709910723,4.11896077078674,1
37.8402842557835,-14.5822668154654,0
25.4108569855017,7.15183007740406,0
22.1421202468317,10.1824245036611,0
11.9025658204948,-15.7542755581797,1
3.31914946425559,-3.4855612677677,1
-8.61221894766511,-12.6208515776034,0
24.4896386522865,-9.60652856845697,0
7.24542305844732,8.15128008134493,1
21.4047403727915,11.5602702787209,0
37.0632662745218,-6.38078922198676,0
21.9072888336177,4.29895104772245,1
26.8219873857807,-14.4300212907368,0
-1.093424981625,-11.0751487932121,0
28.4054615105211,-19.6851322056963,0
-12.627621677769,-14.6739538548688,0
-22.3959248046373,12.9452014424638,1
-0.428862845022792,-19.2527437049378,0
-35.628119066092,-17.847982146216,0
24.8956555223761,-2.90377861969466,0
-17.9164347315203,-21.4817855497731,0
13.4899492591539,-14.4356660663797,1
22.3336895314096,21.1804245864192,0
13.8201337200398,1.91423689514007,1
11.4577020463035,18.279481669605,0
-19.9620286331498,20.8298540782077,0
-1.71733558224214,-16.6116757404017,0
33.1678641567363,-21.7572785291666,0
-19.6761331630293,-21.3745918699491,0
-22.1073451641195,20.8183667900759,0
-17.2921258976858,-6.15002791843984,1
20.9621239487133,-2.44806085995325,1
-12.8127324796156,-3.01575910731942,1
7.83367730918125,-12.9702606432344,1
-24.014870347476,-1.29474065534699,1
-31.3531273829816,8.41298236165742,0
-14.5224310011497,-2.36230475264949,1
-20.453241277803,-3.63146019144972,1
31.0982159481149,-11.8674769111406,0
33.2032102849945,15.85734763191,0
-35.5772081034266,19.3609984425316,0
7.1171752878208,-8.08026678474821,1
-34.6698683391461,20.7059519504682,0
-5.70738390666594,17.0813651519654,0
1.64017719944869,14.1705948725343,0
25.8657960332609,6.36333761958783,1
9.50225561387559,14.7397852636329,0
-18.6044442857891,-19.9150473028382,0
30.7565339211139,4.02001354929711,0
20.31484578884,21.6660738229446,0
4.76257812285002,-10.716778834163,1
30.1836685564337,-17.3279825935058,0
-10.0259648816012,-11.3159610165723,0
-12.3324434720759,-7.7948231129544,0
9.0330070578218,2.55671268364225,1
-31.3959465641704,-8.96165573826994,0
-9.46218759603364,9.18187430857628,1
-23.7590388757174,-2.82383844493579,1
23.6000284391228,15.2319216629372,0
16.9668628280438,-11.0404483587815,1
13.2752275051583,14.1261208196346,0
31.4625877100099,14.3295244583727,0
24.3930282000775,-10.7759427333099,0
3.70307237392666,10.2802264126579,0
-36.8188388449241,7.20888610707235,0
-30.8038368341556,12.5812418587311,0
1.1216301517822,11.167413547341,0
34.3886805056483,21.8825360661716,0
26.0726509066295,11.8975942950352,0
33.0609306935304,16.774043312215,0
35.9793944683169,-6.57563602883857,0
-9.6879943549465,13.6329104788339,0
-13.6115475032925,20.6942110580054,0
21.5268404643633,-11.568843450277,0
-21.8711497107133,-3.4026876251799,1
34.8955676437361,21.8445069949409,0
32.6976980608444,4.91802847033932,0
-10.2045589564382,-21.1862278673249,0
-11.7866583808248,20.1610553609254,0
14.6438037581327,-19.5874104835713,0
16.4618936981112,20.616216483024,0
22.8261057292645,-3.6940373640403,0
7.11895627743411,15.4449636723842,0
-30.6146990825261,17.049337545242,0
4.52269664419366,-0.802499085059726,1
-34.725163011292,-18.0292560303365,0
19.5800107994083,-0.379932507557577,1
12.1332122127698,5.59833947855487,1
7.55890839513975,4.62848111886218,1
-20.7483990140349,3.49533613140838,1
16.2422914322833,7.59577268410024,1
17.0621833949682,-4.80554679311593,0
-11.8394342970542,-20.2420272835916,0
-35.5109372345929,-18.1070530589756,0
26.1148044656984,21.621769453569,0
20.5428087114265,-10.4327163778511,0
0.733144397710873,-20.0793506240969,0
15.7292091859791,10.4831835578888,0
22.1292169621822,-6.43772021077919,0
-12.869154614908,11.5676262612926,1
31.4393107885107,12.500832842333,0
5.82957717415568,-20.7552835110583,0
-16.1188951649498,13.3488213178039,0
-17.7182706202135,18.1958627512254,0
29.6535416075359,20.033875201262,0
-10.176309592436,19.2189326887557,0
-26.5988305433349,16.9799851539771,0
33.9208953025092,14.7882038639554,0
11.4634839095567,18.073816860718,0
36.6483072343682,2.99391876542853,0
-23.2686392552564,16.7658139588235,0
24.9844372125515,-12.7328148397189,0
-0.471041209131933,12.5744027886919,0
6.89916874401003,-3.5414898682815,1
-34.5883165103072,5.76331867562991,0
4.8988195505881,21.7853252616233,0
10.1493670398696,-15.7163823393836,1
-0.144418025379423,-5.76966747832773,1
-33.468604197119,-21.259144026999,0
1.15240200017292,0.690351656948579,1
-33.9571846346335,5.1797973469567,0
26.1160259620225,-15.5309883908767,0
7.19513140063702,-17.2732455406808,0
14.5174311222087,20.1318906545024,0
11.1892346630558,17.6423583209118,0
9.38142750894455,13.2702188112756,0
34.4932323015714,-18.1082617177113,0
-24.5522565978539,-20.8921203524339,0
-1.90720507663196,14.7297981566227,0
26.0226743218232,-15.516587608916,0
-0.230777395242626,18.7213089760512,0
19.9427592778579,19.0725476299406,0
-24.3293283827456,-17.2871986380886,0
14.5632763499089,16.6149397126313,0
31.496288924059,-4.12150125333643,0
-25.6380357227037,-15.8774319994859,0
-5.46469490009892,13.0560705770534,0
-34.8192581658902,-16.1520192201055,0
-20.8432844892194,-0.519111240471336,1
12.6274278184298,11.3838619012572,0
28.2222110852629,20.0939893669153,0
-11.8006458768236,19.4625906464897,0
-35.9288811156996,-7.83002439516332,0
30.8014827269252,18.6565986565522,0
-2.19926926640115,5.57782104848937,1
31.195265426619,6.36560314478216,0
-13.0735371143712,4.89555749915701,1
14.5238692814085,-19.8928214861559,0
-36.6739534596668,7.77885581265001,0
0.938360593921395,20.5018171788593,0
-12.7821605034625,18.6607812385605,0
-12.4554539938132,-3.68487757304222,1
34.454265978756,-7.83337845982317,0
19.0384111681343,-16.5385854182717,0
-12.6217585653328,10.9277985811992,1
10.0952889033779,-8.02294521776767,1
-6.41852612073903,-20.7006810901153,0
5.81398463028612,10.1071948254919,1
34.9220401775284,8.04141483349006,0
8.80446541399738,0.636923141055753,1
-26.556079877818,13.5508923271788,0
25.7085730104153,17.3955614152685,0
17.188571881181,21.6670810343329,0
-29.7276887720258,-4.20087386373076,0
-25.737282923874,-11.5226753306325,1
-15.427217996333,-15.9726448649536,0
-5.80773464418036,-2.9481533599786,1
2.1594957899695,14.9699161435388,0
-17.0925996808536,8.07843059759572,1
24.9246621526382,-8.63581890846005,0
22.2516399674515,-5.62507125144575,0
-17.1951525261181,-14.1655047857582,0
8.79277442163287,-6.21465492499332,1
-30.2821449916406,-10.7466551151794,0
12.9172045215889,-5.09854666304567,0
-11.5978585633544,-13.3666616143691,0
12.8816658550612,-2.30473330434371,1
-15.5570296722584,-18.3658513507966,0
13.7125254949528,-10.5018241608197,1
-8.07324693077761,-1.2057680818822,1
-8.22180693853925,-2.95849791658019,1
-22.2707891324036,-21.1002869786891,0
17.0635433211298,-15.0269178128913,0
24.2672073559651,7.11118843756975,0
32.411844440634,3.73904722812092,0
1.0731193778749,-14.0273568883432,0
-23.3211101012131,-6.63183980993876,1
7.82046897164327,5.59524623483992,1
-22.9383057144825,0.525386005135623,1
-6.81016428660622,15.034105118463,0
26.8336858811281,-17.4998241382725,0
-5.38978391766562,20.3006770452587,0
32.3500520279343,-15.2238104692936,0
-9.64609340830126,10.3380313510499,1
15.066724056313,21.6665714049135,0
6.73553201006339,-1.33056846584895,1
-30.3341730901411,-1.57797456386655,0
-6.65797998412352,4.85760629021914,1
32.2778252545461,20.2259106653339,0
-33.7781640109172,-9.59388676971018,0
-8.81238650373391,19.0597796044989,0
-19.7113511576308,-10.7735904372412,0
-20.6865458725497,12.4160860568857,1
-10.8588505779433,-8.44534880739065,0
32.2317946401611,-10.0673200843069,0
0.189874320938955,-15.5485109651922,0
23.0460606237144,21.2656853561698,0
-11.3793253672964,-19.23859286759,0
-3.14012917366411,10.8654507645886,0
34.2833463595587,-8.66427141859737,0
-27.8932634075702,8.20280637305103,0
-32.6566496844048,6.36247049656249,0
15.6621895719581,-16.7841331086276,0
32.8094109512978,-2.83237952745465,0
-29.7235305383667,-9.66980426855518,0
11.5289599744568,-16.28414156592,1
-26.8992773335758,1.94043833312067,1
14.7411825708856,-7.43280442397771,1
9.54663532167969,-19.1708955937761,0
-34.6770216859075,-18.147579445881,0
22.6422108271565,-3.98298740959379,0
36.9520131303709,10.1921381870526,0
-4.80739375121845,15.1630584843497,0
-11.7990870697143,-4.03734196931213,1
-34.2907349997743,8.73064839758784,0
-20.8845788874254,-2.97013468060473,1
6.15698182349112,-12.4401529382973,1
7.70452570807458,9.62518720702387,1
-18.8086012600999,-3.93605693640877,1
11.7299661286124,18.3924746332828,0
-33.4327347316945,6.37363867710275,0
33.4784628476576,-5.1371298126326,0
-30.9676760896754,-6.35777526879547,0
-12.6176772305682,-14.6332480340514,0
11.4797728665655,3.36584649919156,1
0.297219003615176,8.41768280774889,0
2.35031068776208,4.73389688805262,1
-9.18659645994818,19.6431581145394,0
20.4369633757274,11.3254565735492,0
-16.5291438007289,-12.8358341412328,0
11.3447281508493,4.97195692455526,1
32.0859705008599,9.012927907206,0
-12.8689366929107,15.5678937162904,0
23.8213738546768,-0.375153049615538,0
21.8603052495221,15.9446295321853,0
-28.5514915622524,8.05988577856491,0
-26.0385463709627,-16.6331909115711,0
-6.46013135939192,19.2891572316409,0
14.2372926839756,-21.6959849712058,0
11.98549678381,-14.849126702495,1
13.6782897542682,5.78258774725122,1
-37.2866125472972,-12.937476835792,0
-28.2256724115424,7.99210820200523,0
20.0568849810431,2.21555036188925,1
25.9855778459696,12.4492911663031,0
18.7680930925547,-10.0817065608499,1
33.7837833948838,-11.0234031763146,0
31.8982811719254,19.1607589324336,0
-21.0463539387293,-15.401889289576,0
0.742306294534949,-12.1791779451674,0
21.8682547455963,3.05816129070744,1
1.70634548931425,7.42714134073408,0
8.92178781742514,-9.42546747021641,1
4.42629328066668,1.06845571410941,1
17.5553939448844,-12.3054223190746,1
-33.1814391727253,2.88690678330187,0
-0.548223961803856,-5.94922172489471,1
-20.5257730940654,-0.43490056344632,1
-12.358277785486,-2.66835199525077,1
3.92449614135597,19.1113600164561,0
18.5201110747379,19.578669248013,0
-6.66477854786705,15.3522987395424,0
0.578993280530419,-17.5338191277885,0
-28.1980996831552,14.3013938529975,0
-21.6724901011476,-9.34673271182471,1
-15.7449472569263,1.20151718488199,1
-3.80259680116593,-17.4690422211783,0
-19.7385591435106,-2.13576675099712,1
-17.9919750982291,-8.71582852827089,0
29.7602754536406,5.10632827587918,0
6.54662698550685,-6.22104464542448,1
33.3392709451291,4.8955155208223,0
8.97407067234825,15.5391136509072,0
-18.9453529935567,15.5705678233515,0
-30.20715358831,2.04705607177932,0
3.52365648984573,6.10979506570595,1
-4.3589332738232,-8.09825683328757,0
14.5544663210674,-18.57302019539,0
19.7173988165352,-21.4849858999169,0
-7.6439898089145,6.03969308425078,1
5.12341832400402,-0.830084081097279,1
-22.3756217054673,-19.9587709507337,0
33.7081743914085,2.22189437430911,0
0.973304994090782,-6.91630245857793,1
-17.005258242399,-21.1107694491551,0
-20.585394010111,6.36179236019312,1
34.4225595021412,2.18247984189908,0
14.3959830504122,-3.74441564884384,0
15.7983289922033,13.406316967526,0
11.9260651621669,-15.0226636945075,1
21.201526083493,11.0958683414587,0
6.11568624644348,-0.555341382606311,1
0.245490154597462,-3.50559912640841,1
28.7835794939815,7.97445590671922,0
-8.13585546752626,21.7507198373099,0
-19.559701426207,21.2553114646435,0
-16.5963762609639,21.9180785585216,0
30.762596835894,0.87582066049978,0
15.4033168076286,7.24498713190183,1
26.8322352697146,13.6611831096066,0
-9.2200391955033,-12.0004944322554,0
10.1096439313691,7.53131732256318,1
-35.6016799656367,0.816867069444918,0
31.9225489491833,-11.3810408084884,0
-2.29923674488207,-2.71216995717576,1
1.51264214606158,5.3960008745909,1
20.2397205577816,7.18447281053315,1
-12.4475384232047,6.73848969497357,1
9.57486913617468,18.4660576936077,0
-13.1554474059106,4.71484054578489,1
-14.3558794844845,-19.493105582587,0
11.101958237672,-3.72765388658192,0
-5.03943594948807,-1.18737651852124,1
-30.1806223467287,-9.55129240361893,0
-20.05252653445,-10.0677077327271,0
35.8554924891243,3.66040677766559,0
15.116203640706,1.55648241687317,1
12.1182194463071,-6.19809358696452,1
-13.2166020421042,2.12078281760189,1
-36.49353429349,-17.9993917453364,0
5.35591699036284,-9.38197856890535,1
-35.2385474519993,-0.360469117609107,0
-17.879551389869,2.636053173438,1
-23.5099590017161,-3.46346653098656,1
-3.85322854392651,0.491754385942265,1
20.4177936011848,-4.57940084308068,0
9.72315100223389,-15.4565874408219,1
-14.0827777452956,16.9222199273322,0
-15.8047217741303,-6.39507837895025,1
-32.0539128738123,3.6223421043021,0
-24.9322686717746,3.88827212459818,1
16.8173062364823,5.70692669805423,1
-31.2019074083427,4.60724685515833,0
31.7537274121613,9.17724119838733,0
-5.34455173046308,9.74311788516523,0
-31.9410617863344,-3.85030969990574,0
5.48295264737631,-13.8340666506977,1
25.2146958866681,-20.9483388425958,0
-11.6000468311292,-4.14287326128024,1
21.2715643285957,16.1007667714834,0
15.8337814884963,16.4939572766855,0
6.91161927286712,13.4722000069385,0
-9.34847908640532,2.04113341665277,1
-8.06929811799545,8.34731415989652,1
-5.44852771654773,7.8744066820942,1
-5.85005371645021,13.746236642362,0
-21.3617544641149,-16.2536715748222,0
-0.245886441951008,-14.5324942865447,0
-34.9699017755281,8.87487719376162,0
4.92605390244586,-6.53327352566818,1
-34.2651350861898,5.7100129861124,0
28.2933744932911,14.5105748410703,0
27.3618817384519,-10.6615681221225,0
-12.2923963398242,16.1401877256787,0
36.0263152210597,19.8477305666556,0
34.5629006120817,-1.95729195245856,0
37.1351958131959,-7.64741499521001,0
-26.0134567193987,-15.0580032839788,0
-37.778205377673,13.6442573648554,0
-19.1383230125245,13.4766554124851,1
-11.6819508247806,8.26790577472727,1
-20.2662578270156,-12.1531333277001,0
19.4477299944126,-7.32506957084081,0
-20.8294961647542,-19.7903419836284,0
-3.91831334711526,-14.6897765652682,0
-18.2822129385125,-4.74172083247945,1
-11.7196169468638,17.2991811258736,0
30.6245760393141,7.19142313492696,0
-37.0347340117726,-7.51582999396497,0
-27.9510668832815,14.2833008992654,0
-8.50723827371913,-11.3441321256882,0
25.8871967871681,17.9242775163568,0
-21.7917609788386,-9.17490777171254,1
33.0778142233727,5.42070069404467,0
35.7048288052032,13.4973361030043,0
-9.4803497544551,-20.592595724049,0
36.8495760160546,16.6899547304331,0
-28.7214872118512,21.4959145735814,0
19.8327677276743,6.5691705052245,1
6.03148791833807,-5.33856009820603,1
9.20789722755832,10.1755571264301,1
-0.76727772606489,18.4788509123128,0
-21.2457731056,-0.203663707966427,1
-27.0457974149629,-14.0451299196788,0
10.2733536031266,-1.16980952240114,1
22.9835927073618,-18.8577353376435,0
12.8928876827979,18.3173107990358,0
-2.15817522319086,0.519168310396321,1
33.780336699192,-10.7989911511447,0
6.95254593675629,-4.19904455757213,1
-20.7671702883621,20.2032306204765,0
13.9721202282403,6.91240190587993,1
-13.6311429614632,11.8497042161174,1
18.917809329488,-16.9599911146906,0
37.8588837604556,-10.3843258029431,0
-17.5002652719646,13.6950582722276,0
32.8220923193207,11.3820981153926,0
14.9254160266377,-3.37978200964998,0
-30.7602944659242,8.34432082265505,0
-19.3137149106652,8.2552951130565,1
33.0339739178236,-13.9583309785466,0
-1.53639942169489,-21.4617966646474,0
29.0721085164081,-20.7530138022568,0
21.2265960747855,-17.5347738185397,0
-36.6104247582422,15.0945783947634,0
20.5778926455166,-17.4447006042118,0
14.1206786985802,-7.88969032208028,1
27.9426967944686,10.1161165006361,0
6.11873494753441,-5.90091885205572,1
9.58396336905674,0.44824239477061,1
-29.552813314668,-10.6111099000904,0
-21.7592390418492,3.39155038059008,1
-35.235897680937,-1.42760708413313,0
-4.21458538634878,10.1674066830239,0
-13.1798513601344,-17.3832140607908,0
-16.1656384341472,21.1076058590207,0
-0.269648816606704,-3.7231084079164,1
-24.1904052161213,12.9730500952864,1
32.9681822551085,-3.0421090207645,0
33.453777616357,13.6682350416175,0
6.9511942681214,-0.672923674811841,1
-37.9385450163469,1.71508935258804,0
30.6284899184755,-21.5183018371673,0
13.8998635691017,4.63100695537743,1
-32.3873226326117,-11.894251514716,0
37.7251963376289,8.36325311783491,0
-14.1012705560716,0.748026358138226,1
23.5007076598015,-13.3606969542168,0
-2.92975394544695,14.9163412873782,0
6.62275149764656,-17.7114324235311,0
-1.70274098617809,-10.0798679119055,1
3.98647604143385,-2.3981801570366,1
-24.6759430296479,3.24941252974998,1
6.63061004523604,-17.2769284554763,0
-26.2350836349452,-17.1401015386436,0
-4.1456061967983,-21.2970651677904,0
2.85922812698121,-3.28182675709763,1
-2.89559126184149,-8.77869449010996,0
25.3923378757265,-10.0327402047487,0
37.7090955242511,6.85233976813969,0
35.8905647577773,11.7084650123607,0
18.6906323196775,18.0639397807735,0
-22.8032715723312,-0.923489978561236,1
-35.238978062498,16.4563454831797,0
-23.6660910032578,-18.3447688249506,0
5.89359849528607,7.66184340722415,1
9.74869803646491,10.5546198324114,1
-10.277118891918,-5.0606798357907,1
10.3784087287606,6.99271261498042,1
29.7383028162211,-21.1443070733758,0
-18.7326162335196,4.32474309396354,1
-16.2366903165183,-7.28501557573318,1
-28.4681426053475,-16.9816528106234,0
2.17160672887255,7.39062919211581,0
24.3782435113253,1.89441998481053,0
-15.2170650320874,-14.1948072359021,0
21.8635977234296,-4.57917633413395,0
-4.78704444890268,-0.344775072329647,1
3.84101842720993,-2.73311721522509,1
36.9447000074853,5.95613907994753,0
14.4233547934999,-15.2797978812319,1
35.7303950239011,18.889574624896,0
-30.7065962793088,16.2872823086954,0
30.2550100431895,-10.3140785864322,0
-33.5583249006439,0.398268313836539,0
-28.6278205183194,-0.42040035762469,0
9.93515649599811,-20.1724941558189,0
-9.87206972574619,-4.19505630788394,1
-13.7125071965383,-5.34745813992372,1
22.4727691706983,-14.6569445311904,0
-15.0704343127326,15.3780750882367,1
8.16708831703301,6.72207341461795,1
-2.89010951945107,0.825803519472892,1
-15.7629554798147,9.72363872024989,1
25.2638406882295,-18.4252844062318,0
5.35997276036233,18.818180915068,0
-32.6413833468861,-20.5030961087252,0
-17.7603114933889,-12.033924571445,0
-25.0135128620427,-0.00682314962356045,1
4.58336407436948,-15.739546712625,0
-22.6411216903552,-10.9051704031257,0
-0.579970355688715,17.9586343859052,0
17.4319238917495,1.65889671616713,1
34.579725053934,15.7740313314957,0
19.9399938383136,1.02311757747637,0
-31.9148214409474,15.3806082758126,0
33.3067130718883,-11.5102001364189,0
36.0600121044053,-16.9038300443074,0
8.14039252960224,6.47534489577947,1
34.769616860891,-17.2671133534782,0
-12.8705588718757,-9.43612405392623,0
30.4923508084942,-17.669782279208,0
-37.9722125939888,-9.40322501967361,0
-1.27071852152287,18.1453632593782,0
-26.7919192076452,0.608642539375449,1
-14.0606013992243,-10.3474039498886,0
-24.975465176186,-6.93175465097158,1
7.06092719549758,-0.377721126269439,1
11.978208908542,12.8415099159041,0
-11.4788353397052,-10.7008133203798,0
-33.9192979948999,5.22109492393823,0
-34.4152296383107,21.824851979054,0
-33.7548065031935,-21.4047957376264,0
-32.5650883328303,-1.81444066167897,0
-36.8086585834465,0.919242173708557,0
35.9996045513525,16.6018865541165,0
17.8445507907719,-15.3444693546493,0
19.1813067199629,-13.852067652083,0
-35.4681657820338,18.9136444578924,0
-29.0619350980952,12.5030303425928,0
-18.1409514890198,-14.9765028919325,0
29.8952081453942,19.2162211905883,0
35.876646463598,-19.1228167861354,0
37.549615352088,-5.25726294311593,0
-11.6442439926392,8.4496477437737,1
-15.7850376968088,-20.7735267022029,0
-23.7691970558853,17.0435841624012,0
18.4792735602166,18.3288151744926,0
16.5694229240307,-2.70628186220118,1
-23.644000861059,-11.9594262213078,0
-5.02072685024647,4.80248934637493,1
-34.5349217070778,18.7157613650492,0
11.8159841745532,5.96676205139599,1
21.3592078767528,-19.5880476750122,0
27.580432316839,21.6558754923034,0
21.6868182593197,-8.99288655944465,0
-5.0545849930189,-11.4359946714582,0
-11.5655852306274,-5.02177095573433,1
-33.7904701802988,-10.5110462003313,0
24.2775496367429,-12.1133499577922,0
-29.9409342960988,-5.80168574923917,0
-37.5383724635704,-14.3305142086197,0
-17.0967812063237,11.7973419300045,1
33.650619166544,3.68242852324447,0
13.2437089292305,-8.14332971478584,1
-8.6899619929508,17.789789698679,0
27.1279180082504,17.5145948175098,0
13.2866914831139,-2.86937925809959,1
8.21536577480834,-18.8920851748048,0
-4.60363638620081,6.37883642970966,1
35.0576754200447,14.8862127969213,0
24.5408938700767,17.7642211016191,0
-37.2020431713386,5.28534262831299,0
-27.2371281644453,-3.30016722751252,0
-1.30645250330516,-21.7405497623748,0
6.12700094242848,20.6838265865655,0
-15.7328387366738,1.35156527380068,1
-4.64611061613834,-7.00702670482398,0
-7.73184579142061,4.04280240159153,1
-27.5647834735196,17.2166868070701,0
34.4098898570114,-2.04749670449651,0
-10.636605366505,8.5456662414607,1
25.6102829527901,18.2545742741188,0
-34.8584848479606,-17.0973114579993,0
-5.78887530802075,-12.1689127363231,0
-32.2515142694841,-0.519817038597161,0
-14.150069323997,13.1243139146371,1
33.8946815094436,-2.5926568869475,0
26.9422625434269,-14.5385946104285,0
-24.8116350380508,16.8564501365506,0
2.72715275817046,-20.7351791823961,0
-15.5884203467253,-6.21265320456847,1
30.6182837208962,16.0260700045093,0
-31.8145568935275,10.349286210695,0
21.8480923998608,6.86410966705933,1
-24.7449544217941,-0.170978843397993,1
16.719084332456,-17.6684850534333,0
-20.3674937466534,-10.4319853432397,0
-22.2575513071919,-1.5789151366708,1
-21.5739596761362,0.522461876808737,1
36.2269614170301,4.24523015496203,0
-8.97947551525863,-1.29284292793149,1
10.2819561299754,-3.79821063009002,0
-34.4611330321606,0.580141414756632,0
-20.3628031575315,-15.1008296146425,0
28.4878688008326,-11.3361021558031,0
-3.02916634737446,-13.3908843128834,0
-37.7671683640546,8.79932521934252,0
-2.66446301716535,2.09132919318278,1
24.6294638802125,-17.5387979997002,0
28.263303449325,-6.7090279426629,0
-15.1183360179762,16.8880721545948,0
-20.0636042772244,-16.9119930039344,0
25.1999479674058,16.2673385595341,0
-4.73080195399886,9.45950562302816,0
0.538635284783211,-14.6215944584921,0
-23.9039320923073,16.8441193882777,0
-26.486108377387,-18.6007035239188,0
30.9172276789883,8.93526974521924,0
37.4489926698877,7.45838012538187,0
-8.35381061035425,8.27588094449453,1
24.8376018461321,21.496628701919,0
34.5083838460748,-19.3453171891898,0
29.931996510758,5.35120015829105,0
25.9164754034016,-0.582350728637131,0
13.9295959662198,-8.59206808812396,1
-24.9434841303824,-15.5757926201577,0
-19.9461007768286,20.0422475827477,0
-4.99432794725805,20.2614631163686,0
-36.095273958905,16.4487467976683,0
-17.5828589765876,11.003787958651,1
36.4921102271466,-5.28483294270367,0
-14.2353734763882,5.18583805379126,1
5.45312482569157,9.25765168509258,1
8.48640452156922,-19.4353027322547,0
30.5168929709941,2.86210770237964,0
-7.90096605062347,1.98218238372965,1
14.6502658418185,20.8529126720783,0
-22.4590773380806,-16.7954316033692,0
-33.2231882271781,5.92034524925538,0
9.30132780220059,-15.5122277162591,1
14.289487836754,-12.5684846677491,1
-15.4443298769911,-20.4821004643565,0
5.43869991080776,12.0604574048648,0
-13.967085375229,-10.6626573822898,0
23.5218478781272,12.5707743779131,0
-10.2221838389557,4.82711651321801,1
15.1080325891403,-20.698449921578,0
10.1403724865618,18.0279940152696,0
35.3080117264661,-5.54342513565808,0
-22.7394531755213,-3.78545507736606,1
7.46150826381854,18.6812338283924,0
-31.638538433002,-1.91831734682586,0
3.37551794188116,20.5797648731778,0
26.3073352891541,-13.3102914782465,0
-34.9069269784986,12.556873319522,0
-12.9686065027505,14.8839367853543,0
15.9105742960291,11.9562124354755,0
27.3836269687315,-4.99440924874872,0
0.0682948568081301,19.7257953015351,0
37.6017285022485,1.77637317781452,0
-5.42334962340322,2.06951527755124,1
-17.6817606398559,-8.93966123769517,0
-2.05565716834107,10.9609906240445,0
-25.7757548304434,-16.797475249014,0
-25.9237662884647,-14.725300901193,0
-17.6060103692218,21.6238457794577,0
19.5411249315852,-19.0370558617279,0
8.29722624854531,11.3694561996542,0
35.4869105031549,-2.96381518374301,0
20.7723781555129,-15.7737611223799,0
5.53770779774955,-19.7969704989358,0
-3.78301367794406,20.4966258102364,0
-16.1836620947439,-11.9522586559154,0
19.1813810225403,-4.96790564494323,0
-30.8287797418475,-15.4880696666509,0
-29.8842830110006,3.57410173007446,0
17.8519158273445,-2.95688964058933,1
-11.051006053869,-17.4662497951729,0
6.12815357639671,-21.773987062342,0
-15.2869870132853,-4.64782570657268,1
16.2397515839851,16.7639080025559,0
-10.6030487682578,-9.10990763468356,0
16.6029239079862,8.2499185323582,1
37.6446037100979,10.4795620082643,0
-31.6387920207094,17.7577058127,0
-2.41635183157117,9.71814922836214,0
-30.8709676242713,6.33033942482062,0
17.1129546664583,7.80456819761813,1
31.3154537652047,10.204625079233,0
-31.4325030570417,17.539966214029,0
1.51626754158495,19.0857250029185,0
3.99995608091644,-2.5925379212869,1
14.0713268616245,-6.55046014804369,0
-15.2262364825329,18.958161671278,0
7.74270641142229,19.9746210459798,0
-22.9137032018231,-18.9798340306425,0
11.9135635568803,-6.96240056579675,1
15.0751365781239,-21.394404533086,0
-3.06429108949827,-4.57120409409195,1
-26.0179031219587,4.62364268864358,1
-5.94427790320964,-15.5713957342815,0
7.30013185370271,-4.12638933261664,1
-13.5028062803229,-18.6767769266734,0
25.1353903734613,5.09178623405684,0
-28.6759393828392,-7.37275947396175,0
-18.9102666508027,-18.254336243544,0
33.2581712836718,11.0507490892572,0
11.7958238851751,10.8564165442763,0
19.221226045668,-11.8167141087547,0
23.6252483749448,-8.15708016821287,0
-34.3195694178497,-14.8786760715133,0
-6.48210553501235,-20.1384406738694,0
17.1371682109588,2.36687372374782,1
-27.432655161294,7.55186460028906,0
10.0743516955522,21.4523183692222,0
-19.2406572371762,17.5422304626008,0
25.8378927647795,-15.4638653084414,0
25.5869825701372,-18.1089426776051,0
-3.56649620617713,-6.4855452683332,1
-7.99833603916808,15.4289862903835,0
35.0812429257355,8.94344059832913,0
-37.3784490114723,-14.8238354593212,0
-7.71865958724746,-13.2929112293083,0
-0.929307182730007,19.2520122542127,0
8.97839398207404,-10.4550988543967,1
-32.6792404507995,-20.2067407216601,0
-27.1557181045781,6.54823082080778,0
11.7212240595303,-4.98449344162015,0
-21.407710786087,8.99993019823167,1
-28.9459734118613,-18.9544143934377,0
-34.7215803267228,18.9654708189706,0
-25.4175782380182,-10.7828534154328,1
0.844048673703512,7.58990753059045,0
27.9123694324468,-10.8935349587303,0
20.2358161017618,19.5558032671115,0
-27.7437297532832,-7.64109540872645,0
-33.0660285008842,19.217405123242,0
13.1058163173364,-10.495246739154,1
-1.35227371969988,15.0600225924297,0
-0.348238603852103,6.62738620103712,0
-14.1752414813174,5.91961355226352,1
-13.4139263100352,-8.88110091968166,0
31.091699845138,6.742002885161,0
-3.77441657796468,21.0857586978073,0
18.8963208220824,8.85723875239381,0
-23.9207469589173,-6.42864309844117,1
-31.5459264476481,10.5723314055952,0
-22.2657805014631,-9.01551968573345,1
4.47759033037383,-1.31377563905458,1
12.289233205535,11.3727385610109,0
33.3801998841927,1.79143221550956,0
-34.9413515558632,13.5552166900408,0
-25.5619540721968,-15.3656806499187,0
-4.70262584291036,-13.1643940301483,0
-13.249262092502,11.6301626217825,1
-31.1651404644048,-8.92236385147951,0
23.5842923357431,-0.117198815016049,0
-7.63351792265307,5.72562286935569,1
11.8038868052468,-3.33353741654431,0
5.08010588054059,-13.4811317548974,1
-37.7627383087387,-18.9940025964531,0
11.5027125534336,-17.2199459707125,1
-13.9006018476509,-2.70902788158614,1
-17.7890283717248,-4.89509899489857,1
-3.00593654928454,-10.9173272657171,0
9.36023143311839,6.24777565245626,1
22.9408607336344,6.48409690825562,0
4.64847306539948,5.37470985548235,1
-36.1148891340242,-20.6694705479206,0
22.3090731555447,-11.0529996753216,0
-17.2452494844043,9.3764997254357,1
24.5412621531124,10.2731068403407,0
14.3301634891669,17.0911767885209,0
7.89658631617383,1.71237420296801,1
-8.59179284563901,-13.5708163202535,0
-33.019314304079,11.9896494852053,0
37.8930975089713,5.20764230469328,0
12.23933624884,19.2938228442449,0
-20.582905221191,-0.356783493975456,1
-30.9886522581884,-6.41091920591595,0
-19.6856216776447,13.8265777593175,0
30.5952943469668,-7.86568548485346,0
-21.4815528586054,20.951889877206,0
-1.55627076175201,-5.35319115540163,1
31.101347988404,-17.9192190579372,0
-23.2725343928701,-21.0743883946171,0
-3.95294190961691,1.28685802341549,1
8.9528065705734,-17.7364914791682,0
7.16019050273227,18.2526427809776,0
12.6066686193255,9.83694868869154,1
-17.6563054549834,-1.84732500871732,1
-5.78609408803811,-10.080964092937,0
22.7486085531832,14.5799669854594,0
32.8557750964147,-19.4747381257844,0
-2.30134860014156,2.43451190624133,1
-14.7209425569675,4.17073633090067,1
-4.60774073541972,-8.49187706093915,0
-14.6786369081816,-5.89762694733248,1
-17.0990139807388,21.723254634213,0
-27.4551986501556,5.15572816515731,0
-25.3423923794389,13.9350236507498,0
-0.45999810907643,4.4378303154102,1
-31.4196531749556,-19.6140660826837,0
32.4397570372661,-19.3819575037077,0
-26.715805006967,-2.89052896177339,0
-25.8035809211383,8.23430272301843,1
16.5469926695159,7.62691371771141,1
13.291979143023,-6.19463348708137,1
-10.7525147294893,-0.381845116258436,1
-31.1251993164712,-14.3861302069445,1
-37.3731485715565,-17.0747747855361,0
-9.66879359350823,3.27029222739785,1
21.911342539128,-5.65283468996634,0
-4.00625970357213,-6.2723655299956,0
-30.4285240979372,-17.8023012239011,0
23.2431664980775,21.3390174442188,0
12.1185788849844,-3.38068853424613,0
-3.62032896235703,11.6849945690942,0
2.53553945219445,10.792256340049,0
2.02652000638376,16.1107293871267,0
9.85576046916326,13.6132070912005,0
11.1388967496499,0.951113971768223,1
-23.4208643459566,-10.7285195605837,1
22.9316367662415,16.8542632672346,0
-23.0606047499304,15.3078828178156,0
-6.74168350204393,-21.0857527284199,0
-20.0873045247249,-19.3583370172921,0
-17.3123867025709,8.32838916335874,1
-37.3411944497107,-10.5287622390842,0
32.549342200945,-21.0791493493598,0
1.5366816223309,4.03623824156508,1
-2.72645378364062,-20.257715682519,0
1.78825939770489,-17.4818623649073,0
-12.402279844474,-6.1077736392084,0
-12.7391999423496,-21.6509337476361,0
37.1098790486097,-1.55455382266479,0
-1.99751542519724,-16.8627562022109,0
18.7614312797157,9.61546102155152,0
12.9168709039678,7.37284311675927,1
22.4649919742723,2.60493041306223,0
-17.2866996972082,2.95808081538925,1
-16.4224501710555,-1.46831206791522,1
16.5114369894139,-5.68561348423749,0
-23.9675790371475,-20.4579331908327,0
25.3614552573923,16.0531783183599,0
-25.1054590211675,20.2706243282372,0
34.4481914294102,18.0386900392316,0
16.9136514339771,11.2277781511951,0
-27.7971213812094,-9.42434524798418,0
26.8350296892649,-7.48476090700001,0
32.8086484082831,-1.28355845559696,0
4.87803467997901,3.04575480010096,1
-7.68942688330906,4.52033255779263,1
-4.43820982892183,-11.5256300732725,0
15.3277363009273,3.36155814644339,1
-18.2367327099134,-5.79119075549362,1
-35.8317617413479,-10.0489023484509,0
34.0453578187266,21.3621125437462,0
37.7088409715853,6.50849088535306,0
21.2407286322172,-4.79488911821048,0
37.1945070807701,-16.9017128723833,0
-0.94597524569015,-8.43153854338553,1
-28.2733178345207,-20.1783533984992,0
-2.70808691618447,-5.26939876284355,1
18.4368773055822,9.84284376416804,0
13.1777633579242,12.1860959355755,0
28.4224425576173,-17.5788529054957,0
19.6270303568503,18.476394248703,0
8.90531836450823,8.23472946102448,1
-17.1138910328977,-16.9629671022784,0
-12.4352458239258,11.3889817848329,1
25.5149892241819,10.8638015158585,0
-8.67263536196586,13.9796341326564,0
-31.893661269753,4.39416187483467,0
27.784412232383,2.98630009302661,0
-4.91157140877552,14.2867469212983,0
-24.9218536122194,20.4961632445121,0
-37.6734725967039,-19.8901269107921,0
11.5897591174117,-14.8779627653257,1
-9.90358842627263,14.5465440040101,0
-9.41646113283026,-21.5400234438333,0
-4.45797301320345,6.9356457462635,1
1.22541246810552,15.5350888008871,0
-15.191289178221,-5.74145198151574,1
-1.64754274605946,9.75644849148858,0
-37.5252366769279,-4.96853149764847,0
-24.970871918949,18.9634745399672,0
-14.9296349639958,-1.22695981443456,1
18.579306688222,1.07760493692995,1
6.14789400728665,-20.4389768790529,0
15.2917459176976,-12.2442368952683,1
23.1544963099511,13.5592170710427,0
26.7508781600125,-17.1294740158929,0
-29.0532073497518,-2.61091740791858,0
11.9520378450643,7.76638151443285,1
19.224311886128,-1.74299791900262,1
15.3617880339177,-21.1014706506293,0
7.98900248334699,8.3803205565325,1
-35.0917364684332,-12.0030876033972,0
-23.1685931123523,-12.4213681792102,0
-12.8681909265172,-18.4757818746681,0
10.855338525791,1.78385563784573,1
-21.4773015014036,4.14185597732943,1
-32.1548546035517,-18.7264489168564,0
36.5247910220316,-13.9829705929551,0
-22.2863188984134,-3.8452688533558,1
36.7272537679352,-14.6179401677207,0
8.38819705949711,16.8256185906275,0
-19.153630006662,18.0604519921466,1
1.36480264298006,-3.05054675384176,1
16.1751601096812,-16.2468110367488,0
-18.249953917664,0.30508934022378,1
-29.2838635461947,13.0160751998823,0
3.77488174091985,4.36947404501131,1
-21.3634657965617,7.93732640272745,1
-14.2746556000421,-1.46030439070343,1
35.9581142948906,9.32939618416592,0
-14.5015227224175,-9.27530477982807,0
33.9148102601288,-20.7448959829173,0
-6.79729813698849,-0.0507854436041484,1
-37.2146462832507,-13.4064575330172,0
-14.4347562067246,20.4082384639042,0
-26.2042803395261,11.5762728978697,0
37.5502730572223,4.96292457645948,0
-3.78182044941232,-5.00287989763363,1
3.43658985663539,18.1015102599142,0
-18.0627848696004,1.57743635201787,1
29.0731338282862,10.9821800522684,0
-30.1673585350331,-4.05366668414191,0
24.5907644039313,-6.99013355487353,0
-5.53464448682846,10.8635161861021,0
31.9461958772696,13.4220746373355,0
2.12892407022643,-4.6642820342254,1
28.1834326233477,12.1039986798668,0
-11.1863783937633,0.341058398817172,1
-7.5884167242031,-4.65268004577619,0
7.44213967780446,-5.15616553466286,1
31.2753625406785,16.8708996169702,0
-27.8929865458829,10.1372031239877,0
-34.7952762772223,11.7149480964798,0
-7.52103896646462,-0.480991655559915,1
7.27378424614832,-4.05702884736809,1
31.8956265252262,16.4650480464527,0
-15.673038269445,-11.1044094558334,0
3.4229900238216,-21.2533176235463,0
21.4078151491163,-17.712380065031,0
-13.1176348290746,13.5698178087738,1
-30.7600296040235,21.1895996259824,0
-4.43212146184931,-0.199926631839649,1
-35.7901616978503,-3.10194833698343,0
13.3296689510583,8.62841410776556,1
-29.519131622873,-12.3859801134982,1
-22.8273386526559,-18.6445671844816,0
2.292276934402,-1.72976344066765,1
9.67912038948913,-5.09602854110362,1
-9.60665595045027,-11.3972378856033,0
8.09047618546037,11.4594940274755,0
26.3255400252902,20.4623190586554,0
15.3478723799756,-17.8232983285424,0
-8.14158250405988,12.311514316021,0
5.46201838996254,-13.6999210273535,1
-19.017196126036,-21.5825893735946,0
17.2783517164664,-3.9565952539504,0
-11.9069849526859,-15.7816557318757,0
-32.0237647103923,1.44140963797524,0
-15.0304494511429,2.54142769513585,1
-15.1694113737762,8.51134722902981,1
-36.2351889826558,16.5602202080491,0
-24.6153168740144,-21.1360766367881,0
27.429828542438,8.21014038376201,0
11.8520608845502,21.4029339005008,0
27.0968577004432,21.3735043066347,0
-17.4085245982814,-1.93242706494164,1
30.0920312512793,-6.68753723622866,0
-22.131929913699,21.2482116370273,0
35.2767816987004,-0.621717011612361,0
-6.50863330902328,-8.13585242852447,0
-20.5530437463693,-5.21906556451307,1
24.1961351213216,-21.2075394104142,0
-10.6062945120822,0.159798411107388,1
0.115829179356865,-16.4123523831731,0
18.8232330011522,-8.57231907757712,0
25.2205909305252,-10.733425889403,0
-8.02020536487218,-21.899160129184,0
-30.6556376369896,11.9993621357243,0
-17.8302372732729,7.11915032867454,1
22.1878209539601,-4.48948143431927,0
33.2014164376234,0.0462518534672647,0
5.18765271403326,4.95224773759562,1
33.289638349651,-16.1448129094583,0
7.39087798580029,-9.53243020386038,1
37.0843495418578,14.8456146527223,0
19.9384861919202,16.1009740723937,0
-23.8931939858789,-19.5906129372516,0
1.27452042716067,-0.299880223108353,1
10.6515592360129,14.5265299004705,0
28.0402684395317,18.4133455290592,0
7.60899608504482,13.2542439111356,0
37.9748728393368,21.0663620540405,0
-28.1826011693376,3.14503615989033,0
-15.7038310389074,-19.1947151822328,0
-1.75716759977609,-18.1969095536146,0
-28.151735149708,20.9791482685555,0
-20.6626166523506,-2.25666862907281,1
-24.2385246347361,17.3434845538351,0
13.0731839140903,18.0923118919962,0
-13.2403521387424,20.3022338162343,0
22.0846520893337,12.2346606635184,0
3.49705678344756,19.7164432737729,0
-20.4777013721555,7.87942417619834,1
14.1939476580608,9.42302252781619,1
-34.2697222881806,-15.9457607442018,0
5.517488665804,-18.3578942308519,0
37.5259363934154,-17.0620620569318,0
-10.4143537237178,-5.75452138261231,0
4.46277017523356,20.4782786119578,0
32.4733069343513,-6.05485330188447,0
-18.249386344148,18.9373237682576,0
25.2681020209448,-17.776761101297,0
-24.6904312353295,-16.6350551985282,0
28.8680067265052,-0.501066064876653,0
-16.7479099063259,18.5903673258096,0
26.5601761021166,-16.067188806282,0
23.3104171621703,-15.6472319990377,0
-23.6264884228038,-7.33414707060251,1
36.370480603486,-1.98034830285221,0
-18.7166978455176,-21.6307561966528,0
21.1695057311694,-4.03305806502037,0
23.6196251237,-14.0412555377349,0
-0.155575971310213,16.427504733097,0
31.5949595227046,2.15068569660097,0
-30.3252507323424,15.897949210558,0
-27.677331219143,-19.6626270677285,0
27.2320764977743,0.485705941564699,0
-36.5828671517824,-15.5849796634906,0
17.3529264390519,-2.69908774941084,1
24.0659980620465,-1.96853693904002,0
-29.1672458219897,-8.00198832877713,0
-0.869715058785275,18.7227047922992,0
-11.5939211040015,9.74665659685478,1
20.8157159155875,6.00872737029349,1
-16.3182081043208,19.6152439296844,0
24.6541499256664,10.1344262138915,0
-24.8473577369359,0.964784604236065,1
27.636903223145,6.47866343748199,1
32.3801618349315,10.3842856112755,0
-23.4761158132417,16.3244014281446,0
-34.1732104522376,16.1522218404163,0
3.68215986866207,-11.9299685463317,1
-37.2766396968484,-8.75389287222184,0
24.9556387335405,-3.96417324406974,0
31.049374677419,-13.5375339374262,0
15.602552541571,-13.4397781311412,1
-19.5068961769069,-15.4157050497773,0
6.7816009039057,15.6289396389614,0
33.3563972191847,18.9498709607495,0
30.0581529462343,12.300988521872,0
8.07319159360701,-15.0350215578701,1
22.220752686072,10.0832906293954,0
25.5487320707587,-13.4857907928297,0
4.57072288098186,-1.83988804603743,1
-37.9471720981221,15.6378980282069,0
-18.9030901125486,-16.2026798039456,0
-5.17190673919452,5.01020163909503,1
-5.2703819121852,6.09010199327893,1
28.5177109850952,11.0892600202696,0
-32.8592878948908,-10.7064024422842,0
-12.1670839594406,2.14090174826875,1
-24.5432829386727,19.2736968705898,0
-19.3013247391343,19.8029638801936,0
17.3142812618406,4.64267651710679,1
-16.0964284458786,13.6649975740595,0
-19.9620331184886,-8.13538604133318,1
-27.3859148567648,-10.026100987026,0
-21.2244986039298,-3.13525798807875,1
24.1335495577534,10.8795234421456,0
-9.25459179304071,-1.54076138591352,1
12.5791566639318,21.284566563017,0
33.1218099257959,15.3408716104174,0
-5.58743505627135,-7.83807328738302,0
7.99216266928254,-14.1417400041047,1
35.6884164969013,15.6298917229631,0
-10.286527627681,15.8567494943796,0
12.4980159859567,-17.3797812565792,1
-14.0786136883516,11.463154409334,1
29.3144036982522,-15.8790519880166,0
-15.5386005154877,4.71093833808586,1
-15.5521779079648,12.8792961269648,0
30.9382370784241,-12.6811666090281,0
-0.540771354328022,-20.5897568214296,0
-22.2573865519114,13.3512852652167,1
-36.0377371319248,-20.2704911533477,0
-25.0641207987322,10.6039865961599,1
-15.0221183712488,-7.0700129923019,1
35.0694103993556,-3.69200206443234,0
21.5579649846708,-13.4729817056027,0
13.1674910165261,19.670507500206,0
25.8948922496983,-16.0355388175428,0
-6.01507468696589,-1.34753430056249,1
15.4840385688606,15.4589040862894,0
-1.42221693076944,-11.1397709871051,0
24.3637747034076,-3.01859076022229,0
-4.75834447645467,21.7451069557143,0
27.3580121206424,18.8166424009552,0
-37.3238102175546,-20.1070322322416,0
37.6983650776309,2.09950566259969,0
-17.0847194200182,-21.9342601470549,0
-35.4527528567769,9.88950083532726,0
-26.4404033231903,5.2258374730766,1
-1.55069226349212,-5.61734598922884,1
29.5520179245271,-9.05700145923131,0
-16.4601477579694,-19.5737917670788,0
21.5936540880924,8.83034010404442,0
-25.0501699344791,17.2905544000085,0
17.5783097891415,9.94509480378324,0
-19.2567406107804,3.76293822748717,1
-31.7800896051547,19.8971564223891,0
26.821064637584,-6.12709397536036,0
14.1779641744369,-17.9848971603471,0
34.8164070336026,-0.575658323121743,0
36.8642259438808,-14.7142972725462,0
2.63891900926605,-10.6777211869259,1
30.8545141780403,-21.9232579660192,0
-1.77470484886312,11.5830341106551,0
29.6150151344907,11.6070289811232,0
-36.1874182671041,-21.3102537046721,0
-28.2169127269563,-16.5550570001513,0
18.2886555508941,-18.4605707138847,0
-8.28246440203001,-18.564764101707,0
-8.08423696808669,4.01478226660392,1
7.74047434343251,-0.170370350693897,1
-36.18470403798,-0.310686422567311,0
-8.53700529896014,6.52075230166726,1
-33.6872943056813,14.9926987200833,0
14.4073628260994,-21.2454068494077,0
1.54970886724655,15.138602297781,0
-32.2174291221329,11.96344557794,0
-7.1242593308858,-9.2792727411594,0
-5.30382155262865,8.82788091412519,1
12.1077328812105,18.1738732050242,0
-21.4022707384003,19.575471683236,0
-31.8372619363611,-10.2091674837564,0
-2.456952915999,-15.2081346772627,0
17.3790504550954,-5.69376073010734,0
8.66277155225466,-12.1961907469427,1
30.4454285910157,-20.8444916249488,0
-18.7887684680915,-14.0324907545385,0
-21.2727558526383,-11.2706487619079,0
-20.0788205707918,21.8732117477202,0
23.5698427472846,6.81710644753678,0
15.3830879485503,-16.8153120000905,1
28.7663691791754,14.2897557702227,0
16.0368534824456,10.1825934196889,0
12.2420982065412,9.43270683779521,1
-4.59211503087452,2.51759009085134,1
4.77231361575298,-5.23299406668909,1
37.2636605783786,-6.71637454301539,0
34.7559712791415,-18.2433306019268,0
-12.4018117882276,-12.6646084954639,0
-26.1853593959562,-18.1028499232545,0
-6.30198688883974,11.4195187892999,0
4.1402532198672,-18.9366469202495,0
-35.7388389718977,3.77419000400227,0
27.8696766490429,-9.55715993504906,0
29.9754825004788,0.952992058474841,0
-0.213530791432255,20.8678856547185,0
-22.0941877552092,8.10544504872914,1
16.8413820323558,-4.33483255303128,0
15.1784238658457,-17.3900418168021,0
-2.98321042944847,-3.74499868419722,1
-25.0349284556425,2.09877154690677,1
22.3722300959794,-11.8205645625709,0
29.5259725637372,-21.7346982114938,0
-27.168896665673,1.80997905808931,0
33.4150413167261,16.7154774032731,0
-37.9801750070397,-5.34949372021463,0
-4.65081878171616,14.3658150385055,0
-37.1512494991391,-15.2796087559506,0
-20.1768214738251,4.41251538786376,1
15.730799401142,14.8878257757677,0
14.7564917559344,-7.81894905202648,1
-17.8508162336149,-4.13789749823254,1
-13.1804050290414,-3.76001353523686,1
-30.914220786496,3.43608873159381,0
-34.8384492086817,-16.3402205597768,0
19.7052914940664,-17.41647065857,0
-13.309538493535,-15.6817927936472,0
1.65845774119942,-2.65076548275682,1
34.3434790449275,-1.23877951609425,0
12.8423596881872,8.21453920292967,1
-2.04275680983515,-6.18923511638747,1
11.3522841242372,-8.38312531305581,1
12.5883294836486,-20.1891183072768,0
-20.5087943755445,19.6908589700889,0
23.1716152072379,-18.7168825972267,0
0.211663459721514,19.7869565679796,0
-5.01374174972433,-11.7717556487901,0
15.8865523468951,-18.2393058404974,0
4.2000629273162,10.0541843931957,0
-18.6197119972102,11.1759613184011,1
-32.2847568038975,17.3875477784252,0
6.77178087409393,4.52896035194777,1
13.2423973637283,-0.805214164772224,1
6.6890193620176,-7.88707457320456,1
2.56137155150317,-1.61761341514325,1
-2.08115578912387,-1.87146850805826,1
-13.3903491152199,3.94336301445576,1
-5.24505733585424,10.3196327154149,0
20.132232838819,21.9699929347702,0
37.7311633058409,14.4275489888911,0
-17.8586103290485,-9.70044465893034,0
22.1970921009703,14.5981278197988,0
-27.7696962025833,1.24111995710562,0
-35.2992527200636,-21.6724451045036,0
-3.50006684259368,11.3082505333873,0
4.78625692863693,15.4265052157947,0
-20.4529075549295,-12.0961178528403,0
-26.9980557193254,-2.20870311777792,0
13.4592830197091,17.0483306015993,0
-11.0906411881063,-17.9281798117339,0
0.79589533041505,-0.159510783535382,1
14.797705562696,-11.9397603504578,1
7.24226407419962,-17.1275877546359,0
0.464417388806709,-2.18924345160559,1
21.0063434011138,-20.5977492882654,0
14.0754085140042,-11.7174638746609,1
-13.7184833239712,-0.377924719502403,1
25.242859057496,-6.85483839309346,0
12.2224387245123,3.99293471490787,1
6.61718476483465,-11.7815867686324,1
-36.5500393225105,17.1635568018052,0
25.608202346325,2.9692987421472,0
-29.3361622866769,14.5351457505193,0
25.8719539691675,-14.6143241881806,0
-12.3502488350008,-8.18462768198433,0
-5.36289215952254,3.36911212518761,1
22.3271789464869,-16.6465221364491,0
-27.2408714263566,7.40676316327533,0
8.21574008796544,-14.0556933889197,1
32.7277904924226,-14.1700765190246,0
10.3697259059207,13.6491322166236,0
-34.3694300304038,-19.4709916691836,0
15.0743055108357,3.66328026697236,1
-18.4596758454209,8.98394432441509,1
14.5085142873704,17.7803609406664,0
-10.3983373903074,-9.26277764117805,0
3.18320127811725,15.8360267215142,0
-21.1172142706735,-3.96268376119922,1
30.8170370052606,21.9114995853533,0
-9.61087132766935,5.12018044200685,1
-32.0099462004113,20.2463023596964,0
-35.6493247930426,-20.293365552656,0
9.64446114714651,-14.0673076943699,1
33.2117443963306,-17.112865356421,0
-13.6849175232165,-13.8044085526459,0
18.6332793331596,16.6102690667076,0
-16.0414412495161,5.06749604731695,1
-28.5490926628214,11.3408959663664,0
1.07015550999213,1.97645231225118,1
-8.54909794385746,-13.3500951291854,0
36.3743420453683,11.4681787591525,0
-15.8218519227949,-14.4207938791527,0
7.01803483094289,15.9086069904959,0
5.4230897176472,14.5869829162303,0
8.80505540212236,10.9583022351128,1
4.62948391933072,9.73335668920021,0
-16.7306859662322,1.01440859798062,1
-26.4594278657087,18.137353555507,0
17.708950419886,-9.64073934371851,1
-34.9829124495576,-17.1275526687763,0
22.9232952799461,-6.40496060832075,0
-7.11231638072851,-16.8163712066334,0
25.0808692565588,4.66094518954853,0
35.7986968911123,-6.16508580890286,0
-5.89128779125944,3.30567721386234,1
-33.9032316394751,5.25214738654755,0
21.8147948534485,9.7178147493423,0
9.88585364698822,2.51805497066144,1
0.670273240457242,-2.22141159782833,1
5.14414794065654,-6.79688258334142,1
-14.5014940946837,-19.3489601479513,0
18.7823339392744,-2.46207965556033,1
-12.4137753834385,-12.2812441416768,0
29.1349326222171,9.88940938821902,0
-12.6421501138925,10.6866972389147,1
22.4971072339455,-10.5172089424707,0
23.1635709872933,-21.8271220928649,0
-34.1818606004407,12.5706725517011,0
-7.40961005603523,21.4284886233506,0
35.354564859946,4.77399224067779,0
-6.50742829345518,-6.1854163002309,0
-12.8802086322533,20.4303288192651,0
10.3642989298766,16.4217894578976,0
27.2099281359184,-2.85405670736423,0
21.9095827860458,-15.2558437371558,0
2.91914048177169,6.66007236575667,1
18.3669539211588,-14.9376486184077,0
18.2187661405959,-7.94055389145975,0
-4.19560988139727,-15.4510768863334,0
26.6311492271303,-14.9082770264397,0
-0.415350656993823,-10.9077302462419,1
34.0599726457753,-0.769236703982315,0
22.6319024015513,-3.16409986948332,0
-27.8886116570688,17.3784281238544,0
-19.9294986667218,-9.34699198885536,1
-28.2930165008559,-8.79564440657994,0
2.59315031999889,2.85174440545703,1
-33.6910515631786,11.7695303221803,0
-2.38830012282746,17.882856841747,0
36.6842730260314,-5.89293179862974,0
13.848808281338,-8.53940828724267,1
28.1884545729269,4.56830781722372,0
-0.287997025809453,-0.474526085016876,1
-16.1376719922166,-11.2449800123224,0
-24.0905318785753,16.3860400212291,0
35.0526449432347,1.37837913398503,0
19.4758721539491,10.1926822587285,0
34.2268652790628,-4.18721694538853,0
13.0162653264305,9.76828519822159,1
-23.8598496304839,8.96771293509116,1
-15.9720111811247,-8.9158425149161,0
-33.5762053382282,-18.4544865587741,0
-34.6509670968321,5.24272929109434,0
-16.7535288192995,-1.3918288400378,1
-25.0443088176186,19.9249483360505,0
13.4596425424954,-7.24961802012852,1
30.5837625527935,8.5179758130067,0
-11.2489635540796,-1.54876912850867,1
-30.387952777757,-10.8499194029879,0
22.2681699158197,-1.00636507821936,0
-2.39913539334234,4.92194546351482,1
14.2379317239104,-2.25434812470003,1
13.9139681848036,-18.210735301232,0
-5.97087267390627,20.8059200593694,0
12.1100319851932,-13.2587594907141,1
10.1404618199072,-18.0532156118766,0
1.91109666624259,1.89338016175035,1
-23.4626098135164,-14.8548869600684,0
0.904856740303032,-21.7899397158255,0
18.8730999730643,2.02114128833766,1
-6.09315433338151,5.74896966369817,1
18.0484358803116,-4.70313413808275,0
14.1715477767397,2.96925496432061,1
34.6351769532428,-18.3367591485009,0
-14.5991089389075,0.0404445662133988,1
-11.985134446238,-18.2127139385372,0
-8.58544852756916,-10.9122723451889,0
-36.0106311927589,-14.386750172292,0
10.1495267889021,-20.5612838636309,0
4.95908048743575,16.5656130308892,0
-10.2211326248264,-19.4590282145137,0
-5.96913888670242,-1.42607947356097,1
-2.8727793257725,4.72332308744362,1
-14.1026530196508,-6.2602208913477,1
-20.8497114575209,-2.36360972790143,1
-29.188796810623,13.0339624568202,0
-27.818575968458,13.8056593832934,0
33.9357817182031,-8.66863609117611,0
-0.575094183602161,-11.1384248491572,1
18.8642356479281,-4.86923829524911,0
-14.3689278742936,-14.7705827411781,0
-37.4143983576963,11.0529019319003,0
8.78724700287663,-19.3352752865052,0
-10.8244262147004,-17.9811761480314,0
11.3110094003245,19.3561346704131,0
26.29426937413,3.68144720283417,0
-30.2971558864992,15.7510564126698,0
6.71093940845525,-5.266891367478,1
6.26104633410057,-6.14383931385248,1
1.65708581716053,-9.14854608261006,1
-3.45041292938426,-18.2325098353541,0
35.4693523848633,6.40612380898441,0
-24.1446712181128,19.0606263093263,0
4.51380178908225,1.95357020447628,1
9.61206119371968,7.47885353662757,1
-35.7101202071579,18.7049016512108,0
10.8127523526651,3.28527871780516,1
25.7002460112351,18.1630948463239,0
-7.96966273790875,18.8119593508651,0
-4.76199256757379,-9.34053202941438,0
-31.5489088665824,19.390548995238,0
6.18468802545325,13.8409698361348,0
28.2478302095405,1.10882835740805,0
-22.2750621410832,14.0616857223839,1
-30.8096375500394,8.65141085032615,0
-23.7156328430677,16.477903081431,0
12.7555798323965,2.97923402737138,1
17.6639888181907,7.85073128402089,1
9.95679411577301,-20.7320741773458,0
-2.4163322214156,11.41460827235,0
-14.1084628425734,-14.2815140889695,0
10.7514663357411,2.63468962555059,1
4.71404404920698,1.4156848194532,1
12.4432268630164,-8.62353476707545,1
-28.5093446244846,8.80308271836484,0
13.2260653157442,19.8910494820758,0
13.7036571447864,1.97032491112789,1
32.689130948708,-10.6001789369199,0
24.9902965267495,-21.0721424665126,0
-24.4643730460482,11.3265932812961,1
34.1422876697144,-21.6538246410055,0
-22.8286634804111,-10.3182862177537,1
-21.4562697043612,2.20232907309548,1
-37.3523327683019,-15.9044016559202,0
-15.1523800381712,-2.37391249129756,1
-17.1402174725095,-15.7588438342277,0
6.57008225590798,16.5279398718735,0
-7.86198359128036,2.20509412843609,1
-23.8333891874959,3.7202047585218,1
-8.14595370120839,1.35515782140574,1
-26.2508681738499,15.822230094756,0
25.2551385321085,0.315890063930205,0
-26.6188423606863,10.3958987865066,0
13.6454923293754,15.7294264793029,0
19.0068387451293,-16.9717052512841,0
-36.8683593758004,-2.93665788903421,0
-27.1892661434066,-9.47004719931747,0
-35.6701740773823,16.2170569980007,0
23.4608589680823,-19.0539778700668,0
-34.4169073964443,4.90177665940473,0
12.6297923357743,-6.84931996926114,1
-3.34153489568197,-10.1343105077928,0
23.0277248257442,3.08574592566291,0
-10.7586431576085,-16.1839877420789,0
-36.0746125720637,-16.0611926504849,0
-21.3873001217232,19.1413807967989,0
16.0295324026442,-7.23203824249615,0
3.717979757603,-13.3047623915581,0
28.0966704847433,-18.8507189539601,0
18.151509840348,18.1183522938528,0
-30.1545099353425,20.1054312039642,0
35.8289242856409,-6.18990427260534,0
18.1421581737291,-17.7720148925543,0
-36.9468241612987,17.3155955254894,0
13.6132466210874,-5.11963665825909,0
-1.10179244061764,-15.0422591510083,0
-35.3614053645624,6.24291082470783,0
-29.3025888404194,-20.3100333482648,0
-32.17649159067,-19.0586249917178,0
8.1946755528395,1.71538047043258,1
-20.2565952483662,18.4032325343573,0
-27.2071302902742,-14.6646258975371,0
2.2931630680194,-16.5171744998161,0
32.7029017053989,-21.3974380260883,0
8.88461054275456,11.5615579154645,0
14.4317857386433,9.80118408100474,1
-20.1836341329446,15.5953248875218,0
-22.2798666458142,-11.0018893273703,0
-35.1601637903147,5.05561279710516,0
12.415737414356,-19.8611024347334,0
0.551347367595568,-17.0370384372142,0
-1.07916585113403,-6.68151302950801,1
27.4888206626239,-1.23423318913443,0
35.3791327379177,-18.5005926571747,0
19.736283084558,8.00929190392251,0
-19.2523619450204,1.11264025624689,1
13.3963270362286,0.698129209349254,1
19.7072138002779,19.3771618030935,0
6.55042586767525,-16.2039962342458,0
24.5053842962782,6.63437862059786,1
32.4394710509091,15.2762282193891,0
10.4550827236339,-6.78024433159974,1
-36.560722071654,-19.0014737702083,0
-23.9901120324084,-21.4948620823287,0
-35.9677061006076,-21.7012372814983,0
33.0598989980517,-9.13111149018527,0
-1.18048076591896,-12.4228589253905,0
22.4037024867174,-8.71631279375452,0
-3.28051415306819,4.19748106962071,1
-0.440096170285258,2.80248875997921,1
-5.64573961010638,-12.4081860026643,0
29.7746837900057,-4.81429314973134,0
28.4456691156458,-7.12258129932287,0
10.1194280837302,10.8183950422882,1
-15.7867722275731,-5.76425817101931,1
-15.8324461305658,-3.37830148906156,1
-19.3419966809331,3.14315385235307,1
15.5304419365794,3.87729034069339,1
20.8705023425626,-20.7351854464892,0
24.5216706480541,-17.9902710583369,0
23.2704130757631,0.0449354695625779,0
-18.7134075352643,18.4031286826229,0
22.8379894184235,-11.1048941997423,0
9.85786290715915,6.72926748408634,1
-20.4058808948977,-19.1310581406877,0
-9.03816612186037,-21.2811507465773,0
-3.55667532943394,0.883933688962404,1
0.0425264163383687,6.70332658804585,0
3.08343743324269,-4.65720216028559,1
-11.7689679436774,-5.2520284464314,1
-15.8513178692453,-5.73736843905084,1
15.4681728610696,11.137720520359,0
32.9899595043317,4.92359531598668,0
7.15728155438755,-11.4773396588508,1
7.07489872860988,18.7114462206256,0
18.1435585733732,-5.19700556412723,0
-9.67911805178999,-5.56798291061048,0
-3.55145145390913,-7.48987223587568,0
0.712542903623721,17.7665055415139,0
32.5820234831614,-1.49086625428037,0
-3.74012669474858,0.360822727196386,1
10.4450499720839,12.9680757377369,0
-3.08834680536413,-16.055585912534,0
4.08685891552152,-12.9801867615676,1
-34.8663179217364,-13.6322476292122,0
22.9673655968865,-21.9167913673427,0
13.0348842536847,15.7421019328712,0
-22.7751027959166,-21.5595921597954,0
-36.8914356146404,-21.6178797856786,0
20.0006179081335,14.9813512042981,0
5.13089374953863,11.8819005022909,0
11.7202488613205,15.7150296069943,0
10.2402695264674,19.0718923135532,0
17.8090952564355,-21.3367838248321,0
29.4368200383388,-13.6468546738826,0
12.6090847959977,8.54057238569608,1
-28.8287302911134,21.0010905639929,0
16.2439049797131,3.31146949716747,1
-4.0107343291258,2.74428809897858,1
10.714658810705,19.4380693753916,0
11.3161057748202,8.19964578403231,1
13.5565299817866,-7.42906996515507,1
-33.5290994308278,-7.03751567530159,0
-20.9795519666597,19.1123447515412,0
-25.2334001863885,-8.47018226078606,1
32.568234910233,-20.2944448149082,0
1.15755529760776,2.98232319907021,1
13.1756272890385,6.63737059536164,1
12.752817109985,10.5024146887812,0
-31.8089316849635,20.0804212633558,0
-20.8944162863394,-8.53352448583603,1
-16.4016200796686,11.400570435626,1
31.4460431163923,-9.62160541108158,0
-20.5882810596957,17.6840170277719,0
-19.1048488899862,7.50587745620912,1
13.3980973138713,-9.171842721409,1
11.2852902807234,-7.76666499808762,1
15.4794407971055,9.53795790108128,0
25.6198492064131,-13.8939306769796,0
17.2744734297322,-2.62557663106442,1
-36.5229863748054,-5.96126927668537,0
6.36473240302319,-12.6056950985762,1
31.9866385884358,1.47605052738229,0
-31.032471487267,14.6199438979788,0
4.1466063731016,-1.19702093199788,1
32.741012400346,5.82369969496968,0
-22.8415763027003,-13.3319530172933,0
1.92428843511635,21.8921678058613,0
-28.3678278039854,-21.8971463748193,0
18.903273289449,5.07376791782452,1
-14.0851793743631,14.2766165625179,1
-23.7747660196454,-3.78110744047209,1
36.5100295952155,17.4379273502487,0
16.174862118659,0.528565104028154,1
24.7493992396105,20.3141444745514,0
13.9247062636692,4.74624344507624,1
14.394536954538,7.30814367338962,1
2.34656702020784,18.54400230895,0
-23.6471186584298,-2.25768845227293,1
-0.530806286073016,5.86511425554987,0
4.52502985470181,-12.6933434417717,1
24.9493005869775,2.65510580790708,0
-22.581985877472,-17.4411933731025,0
2.10871269270194,-9.13752969540343,1
23.3936517833527,1.93674729002295,0
-11.0120611144504,-14.0416461569055,0
3.62938263509019,-9.8526865396773,1
16.5252759265972,-11.7657363076192,1
-22.6090602705717,2.14798246857938,1
10.9255243062428,2.5101455917417,1
-37.9932347852589,5.30255177282693,0
1.00145049486228,-21.9710955803543,0
5.30700499507437,-13.7375192919189,1
-37.4652108060085,-1.04415005971409,0
29.8279064317461,-21.2010995609016,0
25.322714045264,-1.10405197771631,0
20.912574930654,-18.6300095281399,0
21.8983083641254,-10.9695770005124,0
-9.60415189168694,3.57199071285414,1
-26.4242896905113,-15.3553984691155,0
-11.2282169746369,-3.95073477708072,1
11.0274421725023,17.2935747989112,0
32.827192770139,15.5950849623497,0
-30.9076013231536,1.88123549366473,0
18.1471106403649,-1.73983741307121,1
-33.7996807510423,-15.4266295050701,0
19.5440436817325,-0.488215558859814,1
-2.77480901142243,3.04131174684268,1
-34.5796619330691,-6.97576135335358,0
25.9942423370323,-3.61139915163835,0
-25.4819212784427,-14.2220270709651,0
-29.2543809100457,14.7301764688765,0
-17.3613737616473,7.7349703183164,1
-14.1066421589834,-13.8405044479482,0
8.06281136987285,4.88984529485866,1
13.487469707588,9.02666675019871,1
37.0608115218466,-20.7539641247718,0
37.4878171515894,0.918250185429272,0
19.5727619792984,-10.5986985142833,0
-17.0954699020724,0.361503936676936,1
34.5050445966516,20.8226078363586,0
-6.75773957506422,14.0021927552121,0
-21.536630402298,15.7855048664056,0
9.81388598386381,17.451160353994,0
-36.8699532121229,-8.82179855452248,0
-34.709216251147,16.7211042137929,0
-24.3000778183791,-10.7706158076783,1
-22.7646528766367,-13.5454830231577,0
16.6711747817715,-13.7887888719413,1
-4.34206536244074,15.8887387611888,0
26.257439840747,-2.43764581794335,0
-8.37595225848881,-4.98935379048203,0
25.653967086309,14.6082622744085,0
18.8798176261739,-12.9143392762156,0
6.3734393807946,17.503326840073,0
-25.7964065879876,-1.78187079691989,1
2.19185412508756,-14.8082017720723,0
-2.83701127305607,-10.1750067902816,0
-9.15466759911895,0.910837600112302,1
-30.9145210016771,11.9841885654488,0
-18.304945980136,-4.95480035561017,1
-12.4764151479667,-20.0452922551455,0
-9.49147180195891,21.4212981721292,0
-26.8842662130928,1.01303921332988,1
-13.9254891026986,15.1220622957701,0
-16.626869132958,17.2417141739918,0
24.3293954370584,8.16592070297224,0
-12.0011859889943,0.785148494140813,1
28.2721630554751,-2.55392893796889,0
-17.6297588861131,-5.27379216465115,1
20.9328142945933,-20.598873731748,0
8.29988358158155,-12.5011872233369,1
-36.634368188039,-18.2466345335018,0
15.3148699928778,13.0625675808252,0
-36.8028246729362,-4.32055622114023,0
13.9758773491191,-19.8090710670599,0
28.720524322375,-8.07450489574281,0
-5.18273887182931,16.3336733457697,0
9.98206155663908,18.9818596462476,0
6.53909644391821,-3.26769116312583,1
-20.716745690676,16.1108325094791,0
21.6337556968328,-0.851707713195477,0
-16.1396414999463,17.9670646886027,0
32.2525458079494,-10.9765029973442,0
-15.3158895078558,1.17234529415855,1
2.75904216020193,-11.22742958871,1
-12.6427912804802,14.8913365320592,0
-19.9656588765382,1.13183271914957,1
3.43818121043094,-6.60863141248383,1
-29.8158926385086,-10.686212689396,0
-27.5761960194964,-14.5715698534247,0
-30.8235116257051,4.36633533575518,0
-14.3728450855633,13.6836378245988,1
23.7603653189748,15.3524486360857,0
1.03038405133034,15.1699875298152,0
27.8522079954556,-11.6598664440448,0
36.517027708125,0.364553308339815,0
-13.1743992319562,7.45160858442339,1
-21.3091175640032,-18.0073817372859,0
1.38500430881157,1.89194240702657,1
-11.1715553214248,-8.88838110212833,0
27.3202629748898,-5.19889895939805,0
-18.2384302500491,1.49100969834721,1
26.1227983562964,-3.23287046401411,0
6.29291812873729,-11.7904111628199,1
16.6748205515403,-20.7495611418776,0
-11.8921929600403,-20.8547574956456,0
-37.2951822247106,-9.93075084668393,0
-23.3740676914446,8.55714616469437,1
0.561471504224208,-7.48009505403217,1
-36.1576202681383,11.0215172957645,0
3.8031493651967,13.0086973623914,0
-17.0100082930814,-19.6353595809222,0
14.9143318973223,-21.5941464752085,0
28.982813913938,10.0374781717477,0
-36.1242134293951,7.23324843068882,0
-12.0683090384958,3.75437101449767,1
-5.97316850758939,18.4376626811328,0
-31.9191519412422,-14.6371622403239,1
-31.9691105028278,20.7664152920169,0
-32.4994050609017,-12.3372929611995,0
30.4259164621628,-20.317064472254,0
35.6674307138473,-11.925698112255,0
-8.26067113032137,9.14169255620808,1
-14.1675320300886,-6.4846296120565,1
4.05183207524583,9.21746519159933,0
22.1956527498017,3.90247039667015,1
22.6718703140959,-17.2147317430157,0
27.6076490825525,6.46022557946459,1
22.6451275379955,10.1690503599218,0
-37.5153928224603,15.9887248143684,0
31.9125035982499,-21.0035064940842,0
-36.6348696607748,-15.3471449934862,0
-35.7643475293431,1.10853968408216,0
16.0703456439908,-12.0311605614852,1
2.91947817705069,15.0331926735359,0
1.86873211944217,-3.07854576153783,1
0.170234711629206,-8.82682402449944,1
-33.0088901348791,3.39543181571507,0
-20.5169125943845,-6.83089671760723,1
-29.1049356942466,15.708492163702,0
37.222600667935,-9.39096877182467,0
-32.6407466777001,-2.598042727526,0
-33.4382021504421,11.7212103737656,0
12.2798597162139,-5.14736334714055,0
-11.8516095196895,-11.4926281516898,0
-28.2329855342287,-4.66785956646837,0
10.4223104524392,-13.3833297097557,1
18.7331009165639,-2.60913833800108,1
23.2003146202929,5.20963055762734,1
-17.5539379994588,-11.7983652169938,0
-5.0175367972647,16.3430617786609,0
-7.4627069679257,10.1824812697392,1
8.21881779705635,-7.92225043796631,1
20.526646355469,13.7181717577968,0
33.5254215245668,-1.81034813233185,0
-28.0086761283888,7.74263406941456,0
-18.5650727839553,-9.33745630154266,0
-9.24837861353025,10.1428719578245,1
37.5239128626217,10.3057451645544,0
-12.087705452121,9.14888299356076,1
30.3659597142025,-12.7835265908278,0
-19.9513974802419,-14.4690234317477,0
-21.279917704642,1.48459728344123,1
37.321806391351,9.18992994812121,0
34.2839839581669,-21.9554378300052,0
10.504474473199,-13.5967444833333,1
0.313943927261434,10.3846044297893,0
-10.7830056881733,21.8039581200632,0
20.402360660831,-13.3263106776315,0
21.6115794744574,-11.7528209978222,0
-35.8022249668054,-7.25160677555484,0
-34.014466175913,-15.8826706073907,0
-13.4201572178836,-7.19320074822788,0
22.776183485153,2.91042946620978,0
9.89746231149469,-1.71629191128336,1
36.6926212444665,17.2279889241304,0
-25.9730200033461,-16.8344583866157,0
8.8673936243894,-17.3280760019631,1
-14.5374914580751,-4.75682364212066,1
-31.5340335127265,8.65669838646562,0
28.6390463505302,17.0951864479101,0
6.8933093262293,-19.9670267621343,0
-14.9626415563717,-9.14418684694378,0
-25.2266722243628,19.9649315722692,0
-12.1693667652582,11.4826649690391,1
-32.8740953518244,-19.5460964120604,0
11.6652289671371,-20.7493302320872,0
-19.434296362066,18.7911226648454,0
19.601785726755,-5.69402764793363,0
-15.2749205024094,-21.3033154908933,0
-6.17005280853542,0.159994695651626,1
-33.75675327462,19.7627792352671,0
-35.6549196892224,19.0272840300554,0
-23.8198908124886,-19.6369066354938,0
-17.4111706592541,18.2402932441167,0
-32.9655098231505,0.165154528552215,0
-12.654479372835,-13.5722390840671,0
-34.2071764743796,5.22872413350524,0
-30.3005539364191,16.5142014211895,0
-32.5378970546245,-3.52537235346876,0
30.7429892827633,18.9390096855598,0
-14.3033662908772,1.33578951654692,1
6.97443812515343,15.1534885370339,0
-9.30048980493013,11.462221815281,1
34.318851563997,6.55371294006637,0
18.4220335506783,18.888755503991,0
29.4190955838371,8.73749896790925,0
7.51610782308073,-11.9544128397128,1
14.4118696209181,8.9499279370677,1
-8.2751456621514,-11.5265730107576,0
-21.0312000290087,1.77478309110331,1
-28.024237803687,-5.40050514644081,0
-24.8916473758962,5.84682567812605,1
33.3334404552675,21.4543420608322,0
-35.3793715556496,12.1849247539276,0
28.8463313687139,9.54279538446424,0
1.69688613461617,15.0752888702098,0
23.4267998904253,-10.4757788721291,0
-3.98394033153556,-1.70353247809161,1
-11.6630394505672,-6.03144319953049,0
19.5434580757288,5.1477522738512,1
-10.623817769473,-8.38421471311879,0
4.30210757370844,5.8368873711686,1
29.5428153705297,12.2783307311712,0
25.852453202356,17.0736795723466,0
-19.453932273652,7.86887410960361,1
-4.89301582944265,-12.5666147847805,0
24.9700170211509,-13.3433512122134,0
-26.3945503730758,-3.9332540690198,0
19.6044990449154,11.7471889167821,0
28.6146450459602,12.6147755908244,0
0.161393127425022,4.38220591994751,1
5.34027180473826,-14.95731507022,0
26.7126285632968,-13.7451191016514,0
36.8328479079347,15.8019278121222,0
22.0562299394788,0.673305494806748,0
-11.3480964279673,-1.3646366082472,1
0.144767936429446,-21.7678623447463,0
-18.6038666973219,11.3344520108187,1
0.750245176672315,0.60213696188957,1
-32.0248912216215,-2.55621627193872,0
-33.7516553375759,20.875943377579,0
10.2590778636821,-6.58569438381322,1
8.88465670773293,-13.3012000362891,1
-31.8080165657681,-0.941909879562839,0
8.3235728233443,17.1113044914244,0
3.3949686525793,2.63235918367793,1
27.0500444080292,-11.0387953308319,0
10.8444057260035,-10.3415428843692,1
-17.3559052190906,2.7887331718114,1
-29.8869497135568,12.8988689692679,0
-33.4009796952899,-21.068162657138,0
9.26310848031549,10.4242814053234,1
15.1293237785007,-4.34992221839299,0
-17.1045577127811,9.24289167927561,1
-5.9303337460608,6.2084431749726,1
-10.197474736666,6.50288954714978,1
-31.7559371720697,20.1839400779409,0
-32.6974960944357,0.689419963529282,0
-28.8123889329275,-21.4347699126957,0
13.5168277638854,14.4581329882025,0
-21.3608458919485,5.5675456481671,1
-19.966724898412,4.76902303930587,1
-37.3437687762162,9.06379755723233,0
17.2604542301722,1.54264711017449,1
4.63859817138453,-19.3098312073445,0
3.94991823390386,2.44735499502368,1
18.4112717588822,-19.056483524173,0
24.6721259389103,11.0875146101803,0
-8.10200216512841,-20.4429135018112,0
-27.66828258551,20.179363950967,0
-23.1235160662187,-5.55221368867521,1
16.7427384375173,21.8586646266897,0
12.8922544074356,11.384170783065,0
-33.4514291599697,-18.3324845497245,0
-8.79496624655062,0.560559763224113,1
-0.666068439091497,16.1451989037968,0
20.8362911961539,7.01076294451703,1
-26.7663521923558,-18.9704335906606,0
-1.09942311352778,18.70622562815,0
-32.5405469684755,-20.2683605684343,0
21.8457140419148,21.5917220951246,0
-8.07635929096991,8.78387633387541,1
-20.051733548063,15.9272713855441,0
-31.8768580768708,-14.5921976576548,1
-31.9956381848835,8.38222135430664,0
32.4845772289091,15.333149015008,0
-22.4416339425327,-11.9012302889474,0
34.7001243355368,-16.5045590428033,0
-12.1796067523165,-19.7479818046789,0
34.9574526798869,6.13871953764629,0
-11.9208987920702,-18.5586826091391,0
-33.179864368273,11.9109786449531,0
8.54796725203572,2.51375543324075,1
4.22661740666138,-17.8611771317606,0
30.8902014671016,10.0522699147573,0
-22.7068746237607,-3.51524250320941,1
21.8647095426302,7.51728541769469,0
-11.5733493842142,13.4938044998435,0
35.8834639110713,17.1504620545093,0
25.5399844260609,7.40151844024684,0
16.0972186186723,14.4740863172398,0
-21.6676368503805,20.5923802059128,0
-36.8259779732799,10.9811506855805,0
-22.0366787870555,3.57050701413027,1
2.77159885347354,19.9088811269578,0
-29.7571861228572,-12.5474271255472,1
26.8858883278686,-12.9363953925325,0
31.224685600638,21.3563009393644,0
-12.6368806612764,0.723676020024531,1
-2.34511427882162,-11.5195848635886,0
-37.7798384995348,-5.00619012112733,0
-14.3709721257449,-12.635558017831,0
-1.12311083617539,-8.87067632455476,1
-18.0754288512204,8.27422213129357,1
13.9165003016491,5.39541317833583,1
31.2501147449677,-17.4436955515161,0
5.35812329336665,-9.41384869561665,1
-17.8388716582899,4.45970822933102,1
32.5638574712198,16.2134856925245,0
-33.1173987105323,13.8901469297276,0
9.59892704732005,-5.50362546231581,1
34.0691820326154,-0.749213481811392,0
1.24589699056416,12.2242307816726,0
34.709474101347,-12.3644142763418,0
-17.3263841743646,-15.172379967858,0
2.05124270964939,-11.1362757253668,1
31.2506245918567,20.9948275430785,0
-21.6839266466292,1.79339906508265,1
24.8356829114124,7.2444434049971,0
-27.4870935146584,7.61535438397009,0
-4.73089058492175,4.99982311703494,1
28.5214836947349,-19.0679863129189,0
15.5277346181623,-1.71982537492822,1
-0.226314106177611,-6.55568886665165,1
8.32936178191363,4.62975943454912,1
-32.0850414792503,4.93498402661134,0
-19.6511150827713,-8.61432494851795,1
-36.0404041563957,14.9196799042236,0
26.3322471301222,-14.3940477456011,0
-36.8704274939519,-21.7571296248216,0
3.8316075193768,-12.4524212677451,1
-28.9049920296896,1.53530228320615,0
6.68413362252751,-6.93135359899441,1
9.28803175705032,-14.7073051374549,1
18.7733449396636,4.92064452294374,1
-14.4454650942794,-9.46560963797745,0
31.6543124368103,-8.69786452579866,0
21.4522138843861,0.0316041466540078,0
-30.3204451329452,1.26237022383923,0
-16.6360540485567,-21.3768960536988,0
30.9704008292994,-16.8038462031043,0
-29.5573759519446,-15.8775016823844,0
22.0262830463761,11.5317503828833,0
-30.2267538015708,-12.8933681462088,1
20.3637356642841,0.154607048111174,0
12.3162122269951,-11.7147805088256,1
20.7554457229934,7.13376905710954,0
32.830588641442,6.23973672842086,0
-24.5567833953937,15.3854851417955,0
-36.4479461263682,16.4515599912414,0
25.3565579671685,19.6605094696523,0
-2.03728695333999,13.5768089055204,0
-29.742883462718,-18.6248656498094,0
-31.2318672581785,-8.79953061241898,0
-29.2501513381034,-17.3698096682039,0
-25.2340627601109,8.92782450430082,1
35.91078571186,-2.08112424297332,0
-16.2637237328212,-6.61737011784314,1
7.5258165737603,13.4354010152401,0
26.7679210972743,-19.4799246202848,0
-19.3963769089467,-13.7158182687524,0
17.264798428839,-9.69997535539244,1
-7.53990622779936,11.1343017587573,0
-14.3943570848457,-4.10563381381382,1
11.6887318630395,-7.99092549805954,1
-8.22128480181316,-2.7026521831602,1
-28.9304615588787,-6.58423327467625,0
36.3689001785195,-1.72458905689127,0
1.38713637545172,-3.86301915404027,1
0.590417891173068,19.6733603980662,0
-13.298337121636,19.7071679441237,0
-23.0073471147029,-1.74081710986034,1
27.5798587344936,-5.71190643138901,0
-17.6420096875312,-7.18394958594944,1
2.93974327211091,-0.508798018782024,1
3.91138228106595,15.4673231586806,0
35.2075299077749,-19.0015662075157,0
-17.512260920064,1.15438311855763,1
-17.8054516112779,-7.53258092276837,1
-14.4407764390205,-6.94741453029495,1
4.35462021177447,10.1645903125623,0
-9.25761404534149,14.6590381353016,0
-19.3218554488849,9.14137851035595,1
13.3896129819975,-15.0413959053984,1
-18.1416321143372,20.9800983899912,0
35.0729555438765,2.63109311227089,0
-0.184168651973124,-1.22531379201912,1
-5.48930496411398,-4.6070616674356,0
5.15219757331941,-18.2883317695993,0
8.59092291036471,-9.83957221899832,1
23.3314873537258,-5.8532081927246,0
28.9395396366437,13.0755684086259,0
-25.8416486339539,-21.4796979328104,0
-31.2225536673268,-11.893635760895,0
-14.2017703504783,8.23122432485987,1
8.15880857042141,-20.3860450816685,0
-9.21587992902074,12.5993978876934,0
32.3412501299467,7.08318791478415,0
-33.6669750854021,11.2243338668618,0
37.5452093012636,0.776727284530939,0
12.6888134806852,21.5746993712441,0
8.90339693526707,-14.1709545333671,1
-26.7606811605146,-2.77083141478073,0
-35.7962905117481,5.74578366819413,0
5.50774464250262,7.63905837424943,1
-35.72140129667,18.3699433227913,0
16.0765822042105,17.934498819207,0
-21.7330858447718,-19.1918669384134,0
-18.6057901598375,6.03817013508404,1
34.853068280431,-0.832003439573494,0
-24.1763176009117,-9.34960161924057,1
22.6827009146376,9.74777027623472,0
-34.9567585700007,0.215051757903485,0
-14.5038881811563,7.80101090339042,1
35.4990264283376,13.3050471193174,0
-17.7087450188096,8.06650791358567,1
-28.737457273509,-16.9182792808268,0
8.16071280214031,20.136102011686,0
11.0467854763226,-7.2356807076454,1
28.4562717970867,-7.99517396702985,0
30.1970187071407,7.40730068044758,1
-33.9585055748302,-15.5414441674722,0
19.7230044796654,-9.76782185539144,0
27.2767013274048,7.01429254795435,1
-1.38903738921877,1.85798373005982,1
-32.2926663716242,-9.49982608275674,0
-31.1051867228939,20.9526063268752,0
-22.7835969258533,3.28146514609086,1
21.1497884175649,9.99667375159647,0
-7.04675296184379,16.6896231533935,0
24.85516501062,7.13167245977569,0
-26.7544344526684,0.95924590693944,1
17.701522319529,-10.790298001946,1
-26.6082273193988,7.64190716920373,1
25.7207061260135,15.8004514087934,0
3.44788807210421,-1.20864678830437,1
35.0487782903502,18.1511121100719,0
-32.2623600655543,-19.2501670573332,0
32.9713377872843,-0.547355811165399,0
-10.6837697064034,18.2630005876172,0
-32.9132899338919,-0.448055048229097,0
35.4109457864663,-0.690719162145804,0
11.3584208103002,-9.93818559676919,1
-6.03312153438235,-17.9921066331129,0
7.32949526992237,7.30135606140287,1
-11.6212787343342,-16.4755294217338,0
-21.4603766601272,-17.2125586960905,0
-35.1240614655884,-2.51258187227729,0
-26.3396671735464,2.33693314682206,1
-9.62294990706728,20.3516687816449,0
28.6379416834428,3.14645673304294,0
-4.47272828712104,-18.6608544345523,0
10.4705050742778,-6.05123123981918,1
-8.52669217615007,-21.1428004949405,0
25.6268982737086,-1.58811080603641,0
20.2401128521873,20.0595705194985,0
-28.4555955895001,21.0130193492327,0
-30.9577534594535,-15.7091060413075,0
12.1841894443975,-9.99745860353661,1
-9.29705078636884,20.7185713400192,0
-29.8077816050267,11.9642767133656,0
9.40963321141405,4.65757833977139,1
9.24164312644593,15.064860550088,0
31.2836850752019,7.85814694435485,1
8.06601371359615,18.6343606744581,0
-1.11373654687876,20.8880086915067,0
5.8323151238404,-19.4446327702151,0
36.6396883745662,-20.8393360094177,0
1.41118983189726,9.22977533574876,0
-11.4986688979311,6.15857600099242,1
36.6984479264089,-1.41074839337369,0
37.3927814830997,2.51530965069406,0
30.1079650267709,-17.8488530705557,0
18.3601060505204,14.0758065481957,0
12.5199841015443,-5.51168159579063,0
17.7355649587474,18.1381473626678,0
-4.87036008364015,14.9332965056864,0
-7.62795476537651,4.08776878552931,1
-21.4402678833112,-17.7789375211661,0
29.003879604041,-11.5138730528246,0
33.5972944693764,-20.974902759594,0
34.1205693502163,-15.2225387346882,0
-29.9103447556651,16.7396287144554,0
-33.5938753024764,-16.7657250710303,0
-25.5569793497998,15.8372892783655,0
2.0880179763574,16.0815184559037,0
-32.6991449880373,17.4001385619431,0
-37.2289229929903,-21.4856959805142,0
-31.0323180968218,13.0283474434447,0
8.16506122854258,-13.9855888027809,1
-33.737502304774,-20.5785590664264,0
12.0156326790501,-14.8215596514447,1
5.76231196589072,2.11973177542173,1
-32.3885126047865,11.8094436189917,0
-19.6407371304045,12.2985285594914,1
-11.3091773226225,-6.64090826606493,0
-28.367860627805,9.1631486006347,0
18.1950565837675,-7.45256139078707,0
-4.1283333867801,5.1066597167362,1
-36.6615171495017,-1.80864254477267,0
13.8098292303346,-12.3587414372965,1
28.9433144244759,-2.98944571748435,0
-27.3736023426202,6.13215629948659,0
23.6248876295146,14.5698746191398,0
-18.7826648751138,9.18394125744665,1
-36.1466904760661,-14.0900197748983,0
2.33499220044219,3.51579199483112,1
33.0489552284771,12.2274090303459,0
20.4689662720229,11.3979882076788,0
-7.23882426356611,-10.9726041476724,0
16.553630321769,-6.87423160357076,0
-1.41948059924334,10.1521708775497,0
-4.47063974963528,-9.35950493748422,0
33.6194229682519,-2.46868063830058,0
5.98715762005239,14.9526067135236,0
21.5543372082836,21.2808642382165,0
16.325335836032,5.04034122317954,1
-27.195370050492,-14.2317984159605,0
14.6618086475837,-19.1797894745292,0
-8.08267957927955,8.17065523347156,1
-28.2896445188778,-11.8828740998166,1
10.7087342048047,7.23850911713232,1
-0.189355166255417,15.1458865133117,0
-33.13808861268,10.3420244457036,0
1.78882515699871,17.5780977697358,0
-14.0949715085904,-11.2536019412422,0
26.97178803874,16.8794563657336,0
-37.3148516592562,-19.9922677774309,0
-22.6035034828837,-0.312584127741236,1
28.92592623088,3.53906468712463,0
-21.4282227586919,19.7537598853758,0
-13.8555840025964,5.79274939857313,1
-11.8587596905706,-1.20863231685188,1
22.8058821851833,-16.6502323572129,0
5.40241919220855,-9.69272900414089,1
23.8061227842542,11.8453879500016,0
-31.4503499926355,11.0351137281404,0
-23.3975509925826,-21.2042819913581,0
9.84212703862575,15.3320671050344,0
-33.1463774389033,17.7032509210947,0
18.4651359906124,7.74571659233762,1
7.85820205816249,-20.2136766768636,0
22.6817633622554,-0.201561383008741,0
-25.794798746685,8.20955066063875,1
18.0827412887414,-20.3776955321158,0
19.5350034041654,-10.9747795736213,0
28.9796430187743,-8.07642266152008,0
-5.3776052331659,-14.6603784389495,0
-23.7513086979117,-1.77645372141612,1
-14.9696013492708,18.3849724597534,0
-13.6224630858083,-19.8433248903608,0
-4.4074908500206,-9.59514651673059,0
-10.4967577766914,13.8659175672063,0
9.54560428585726,17.2969566128419,0
33.3508174291309,12.7721333621183,0
-16.1952944789107,-21.0038638957638,0
-19.4104418485367,-18.513951370074,0
31.9849000776396,18.5182668805843,0
32.3924600553739,0.622152860543526,0
-14.4444665204621,-20.1314631407197,0
-32.1878727730689,12.7876040707047,0
21.3467252487108,10.0369849712436,0
-28.0633673557234,-17.802409386282,0
-2.92738178933016,12.737366789657,0
-4.54714297088515,9.1150092653665,0
7.98014046066011,-4.84816497385897,1
-28.3464399042741,17.8699681616524,0
7.52735456110085,-16.396811088585,1
-27.9584486236852,-1.74496263717095,0
-29.2344193612378,1.20044660270997,0
-4.47842574665666,5.01819519812589,1
-17.3964442901314,-19.7216023790853,0
33.7521265936763,-21.0525514581401,0
1.26486960525377,-17.0948651827164,0
-4.15780934947096,2.43319175120429,1
-14.5473019186066,4.62308667032234,1
-2.3105870651229,12.4979091630293,0
21.2376805947901,20.0092700765817,0
-25.1702219327548,-13.4501295301559,0
-36.2937268851373,-1.46621349829858,0
15.8634146074448,18.0893278970129,0
7.99137889377366,-3.69782343484949,1
-6.56031516350034,-8.88744178501781,0
31.5225378430073,-10.6761792853255,0
-1.73426090422266,14.6037836706605,0
31.6328527979517,8.5595682782005,1
-0.23508529036998,-21.7281475270913,0
32.4940384848121,6.03469366563828,0
15.4774749951269,13.860555575952,0
14.7928240290122,7.09805700314573,1
-37.6508860698595,-7.26286720311074,0
3.05666696345046,20.2029983537458,0
-6.61425011802194,1.55524776190135,1
9.73787376460074,2.93215119081843,1
3.30871333958956,-16.9020388487814,0
-21.5841513837466,0.392296753097295,1
3.95996766096691,13.8588218900506,0
27.5689106459568,5.81992801535563,0
-37.6246114949419,-16.27594518764,0
-28.4936039913962,1.46268155528302,0
20.9053740694781,19.8476415390086,0
-36.4506371362542,-18.5682632133436,0
-27.1599088008109,-2.78381695609993,0
-13.6487856567668,12.3930917104341,1
30.7610028854883,-14.7998438833603,0
8.67582470033067,8.48485154719112,1
-36.7917574270998,-2.8740599566392,0
-14.3340247087211,14.0757523372681,1
-23.3493274035587,2.39410439759409,1
-17.0644329628165,12.6784218116028,1
-35.9700211864808,-10.2124854312375,0
25.1286522426752,1.28843255880426,0
20.0851449838063,6.56535777378408,1
16.8079459435915,-14.0387222916767,1
24.5265202994745,-13.2837862679253,0
20.1053350687305,-15.1515463795452,0
-28.8369083262917,21.3777481016586,0
-8.79079858946728,-10.9751468511174,0
-35.8778362347756,-5.60451226785406,0
-37.9008593031777,-0.909945328014512,0
-37.4681538472119,-8.6056044126514,0
-25.2483977961297,9.30272766962521,1
-26.5668846379438,-1.28139333580919,0
1.17754407199381,5.57488458165173,1
-6.16492920657473,-12.8357146263654,0
7.12975863322331,-4.76923514746033,1
-16.9494506490054,-14.472767989897,0
7.05485688141517,3.54347458751087,1
6.4706597696979,-9.82237550311992,1
-28.7591349397844,-17.9500438081132,0
-32.0268850255379,-10.5320050545212,0
-35.5629651829352,14.8367382311102,0
-25.2192012459608,11.1302786314479,1
1.83701010077682,-5.96076055789777,1
25.9440171067695,4.38431846214927,0
-14.7126871852166,-6.91977037221006,1
-23.4717985556392,-2.79489058020412,1
-33.0509250323448,-10.6382870309506,0
33.8967616263971,-2.98877873556656,0
-19.3977675274702,-20.4343050176174,0
9.53071788071608,-18.5359450834108,0
-22.292813812448,-7.06391767707811,1
-19.6275240974481,-12.8287040676312,0
18.4993573651017,10.7010642680782,0
-26.1437100511765,-0.0786034176941968,1
24.5610932407236,-18.9853937035584,0
-30.8571081295043,-4.83299827711676,0
36.4646268296404,-10.6110295474324,0
11.6447767702122,11.2277108518769,0
-16.4073131043462,16.6772654613181,1
27.9096926998109,16.225533179756,0
-35.7093717358895,-12.6502663713131,0
19.8313167118902,-2.39902268499667,1
30.1094497371048,-21.0137606747139,0
9.03447335816176,12.1681954271721,0
16.776658034876,-4.36861182721134,0
-2.74739955850779,5.42648149235364,1
19.6753681962134,20.8363052302161,0
-37.4572099031538,-5.32306805301542,0
-23.2950751277537,8.66105609972297,1
-31.0496651460226,-2.09839348713089,0
-25.2371232069716,-2.48667291154742,1
33.6108565856697,-11.2746273767397,0
26.5568488531513,-14.6196717038787,0
-27.5664864611207,6.35441171285055,0
12.2151317505293,-21.442292004562,0
-35.0747836183264,-21.5218454814637,0
-26.7396074891021,-3.80519904502487,0
-23.9579282255027,-7.76722616547145,1
11.0475073834991,-6.83694125655886,1
27.0980495236086,-11.2561510591712,0
26.8565535156903,-3.96644711134759,0
-0.453106528951153,-19.8835252352176,0
21.34668599159,19.7205322343616,0
-17.12631006973,-20.3682261543106,0
35.5208603885253,1.49511044388067,0
37.2802294069877,1.04388204798901,0
-31.5818723134634,-18.1864671307497,0
-12.9357003180031,-11.8034375462163,0
-17.6092937919624,-5.12660162806744,1
-21.5898658954412,-3.31234792949222,1
20.2936535993766,12.039177147445,0
-10.2558625245192,15.5305491210129,0
-26.2946870063395,19.6128815085872,0
-25.4583282357465,-16.7977411053062,0
29.895661721705,-13.7403576655426,0
33.8800253463198,-17.1985957628403,0
1.32752140421514,-2.00336113054803,1
-36.6036218499655,-13.1043746864396,0
-6.1327574058545,-9.53390612713484,0
-28.7215286623246,-7.0330498098018,0
34.3404369613217,4.85652862737905,0
-17.4662935616866,6.89355283477189,1
29.9176455312249,21.1056854261887,0
30.0345690291025,-3.35679300667898,0
20.9404381445694,14.7559741842597,0
31.0703905189171,-13.6633145273812,0
-36.7322913029605,-4.78572109051376,0
34.9059429523361,2.73271441174588,0
-32.2807998448436,20.1009310406825,0
-16.3298568395087,-20.054399294308,0
-0.903097617104606,-19.1605061920768,0
35.7634518467822,17.9667722667339,0
5.17660987603767,8.534596670734,1
-17.1782541284743,15.5887577625712,1
-28.1896645937996,11.9841730668817,0
-26.2054033789209,20.154152232476,0
-17.5703008966331,-5.1633453663047,1
-5.02440257808014,-3.47286186515378,1
-7.91133694817609,-10.5245122401157,0
-5.68126665875009,-0.11057699111327,1
8.69358445726704,-21.5788336454119,0
-4.04278975390555,16.6658225848243,0
-37.0862263443806,-7.48399271956101,0
-35.3954119901903,-13.4635584201005,0
-7.69344602112538,-9.58778730684615,0
36.4382061762341,19.8031625796644,0
3.25043725702377,6.22100667493816,1
31.3414154864125,-9.71993920051495,0
-13.3639144438639,-8.48190121713411,0
-15.9207443016733,-2.51523797080424,1
28.8020123415493,17.2304947737861,0
21.2149586004956,-7.68516707818801,0
-8.02467983562872,-5.52016523140013,0
29.0567734896294,12.1211419873081,0
-5.64919593655734,6.92685922713921,1
-2.55527333364265,-21.7355304549439,0
-5.70523005210944,-18.1468602959072,0
-3.40403680487623,-11.0108546188638,0
14.8522663612545,-10.4890162571818,1
-30.7360546624699,-17.0517128154051,0
17.7429840722534,-0.229515828927894,1
-28.1186685650429,-1.26595669157178,0
-0.263817730796831,1.58923201846588,1
-18.2659551707662,19.1071149945871,0
6.9666673242418,-19.2679870204993,0
-20.7010184902242,-18.2904430615559,0
34.588946056294,13.2870134691313,0
-33.2112778958783,0.41037284655566,0
-24.0732158442642,-4.84909517305745,1
9.44239103028817,-16.7764305540886,1
-15.853161045758,6.8306697116039,1
-27.5737559299207,-10.5205662750475,1
-23.6410568096165,0.899660393856028,1
34.7028958853439,-20.5015044500128,0
-15.4574050048593,20.3568674393621,0
-19.9725814758847,19.0229294356814,0
12.1719721031717,1.00115035316741,1
-37.6735064390215,5.60760196939819,0
-32.0591964353539,15.2055713853192,0
-14.4715882988755,16.5195208735993,0
-20.9782262653084,-19.6164327188369,0
14.8419942877606,-18.8641435542196,0
15.217624046818,-13.4021763632484,1
26.7379617047845,1.83210950708131,0
4.48852929678622,2.03689792963657,1
5.34526122184325,-10.4776809343022,1
2.34994481542743,-12.7874661973255,0
27.275362198797,10.3928098893407,0
-4.07771630368184,-4.1317205010584,1
-8.86302603595895,0.681552794804514,1
7.24726369189923,9.26548098279527,1
-14.816962002438,21.6246897226611,0
-30.3158086905519,-15.137995018843,0
-9.73260807401531,-1.12693256162244,1
-21.1161963088416,-0.911642045559084,1
10.8852237048772,-3.34776175665137,0
21.0258732272747,-0.557009314022267,0
-5.31741202053616,21.7483018822278,0
9.20067609721484,-18.4201048298005,0
-16.7903258766399,-21.3924862408065,0
-1.66836876487165,21.407700877459,0
-14.07963915657,19.8079431982838,0
24.8649127291759,12.508387649694,0
18.4802562000035,-18.7326372354786,0
-27.0323495288139,-3.62605948378044,0
-32.8118528521333,-6.1935713433877,0
2.44237692081335,21.4146841389668,0
18.5406015394897,19.3179887266774,0
25.5157550504119,-21.3208486496892,0
16.7703868220565,-1.17649992477018,1
29.4593185388028,17.5191060448481,0
-25.6231432625534,-15.6787319161782,0
-22.7057717804987,-11.188088210998,0
29.0290764575479,-16.2155050414008,0
-2.89112090538477,8.93551516268339,0
-23.7842126453495,-7.47793350887316,1
17.0910514851771,-17.4470532496211,0
29.1500004894044,-12.2620680550166,0
22.6488550715477,15.4073989667837,0
26.0658965797975,12.6771406286954,0
2.89151744587627,-13.8304805448639,0
-22.0712303814077,-4.62682137488825,1
2.31385470003167,-10.5762401687812,1
26.0909819383577,4.34579485285682,0
-21.63413667555,7.3840548009764,1
16.4711666542,-18.6366385913808,0
27.5627921393221,-4.72199978637518,0
-2.18391102286334,-11.8112694678701,0
-3.00169382739927,19.6314749304887,0
33.6321442915824,-6.18570050536171,0
9.7540367431654,-9.20808980699469,1
23.2853831543915,-17.7784462295378,0
-7.48294437248722,6.37748733478136,1
-13.5740297445594,-0.170813344379827,1
-9.21073890255582,-10.2767069127147,0
16.6416810861254,10.2462471704359,0
-23.3271325828957,19.7691773902825,0
-0.761004643071217,20.4916194586591,0
-28.8214193134017,14.4519638402689,0
-27.3660883964456,-13.6452511637209,0
33.9868487549601,12.516775873482,0
9.95169745997746,-1.77212072467973,1
-4.66216841278191,-16.483679252122,0
15.7898833133515,-5.14293019205344,0
2.25312468380515,-19.0332986176511,0
11.5844462698261,18.0622496562571,0
21.1420047562287,20.9179078495227,0
8.96935867200183,8.71540854959524,1
0.158639508229811,-11.1777339219056,1
-1.11169236204242,7.71926759480435,0
-29.6286269371814,-18.0441224429885,0
31.6577891444503,20.6077895531786,0
-5.12098683336022,7.25030538708772,1
-5.54813241630507,-17.0197423832711,0
-35.7742538702602,-18.3582884864293,0
0.792403432448495,-20.4223519755798,0
35.2414180441367,3.16682922961224,0
-17.0733787720848,14.9432180020834,0
18.4992694517637,11.8072887658279,0
-29.1230063068726,21.9832633012982,0
20.469119362843,4.62466654044393,1
20.1946816511467,-5.84156982812484,0
3.09823558780575,-21.2559529831725,0
-25.1318131172779,-11.6404018774319,1
32.6891559963915,7.88794167635492,0
-22.1761529682849,-3.12361980505446,1
-36.4981908652039,-14.6836002794325,0
7.72245029220797,1.88068088931949,1
8.16020106293773,3.89890465298072,1
-2.36702766545124,13.7106929939525,0
7.31983235620025,-1.22275704312482,1
16.9828618638339,18.4126748707379,0
-6.98359063040804,15.993383029888,0
7.41865272822299,0.960831008118785,1
-5.64606836434205,1.27324574271545,1
-28.7400376358311,7.90174803503125,0
-11.4035470704031,7.99411635523378,1
3.55266611315324,-13.681284022059,0
-28.3404661574599,-1.22089388011425,0
-31.8062597388297,5.14604741681132,0
-16.0012549124392,18.7407551355202,0
13.4380332205618,-14.6894359338301,1
-3.26479156219365,16.0210865449427,0
-0.0596535280895196,-9.93244752975208,1
-33.5556534359904,3.25480883871007,0
-32.4059340629542,-16.5086087917923,0
-12.3213647654401,0.776135606435489,1
-12.4585923473977,-18.4428995624991,0
36.8569345711415,-5.70815063012756,0
19.1264580268716,7.66016248679749,0
11.1363575351874,-20.8408537673987,0
29.0977661050539,6.67872232742106,0
0.903635020552606,17.2775882950176,0
-9.40858620191245,-2.19036505431847,1
29.1659230577891,16.1452069122076,0
-19.3221015258864,11.02139951698,1
-25.5357509135551,-2.28084719986394,1
12.0538927120987,4.69266137426322,1
-18.5730143884293,8.81067290262223,1
-26.0221544998567,-11.7272970183688,1
-16.9779605623914,-2.02036939041821,1
-15.2981351311458,-19.900095924989,0
-37.5512711166861,4.89857017987539,0
-20.6224483076491,-21.2480423125069,0
12.9289521762006,5.4700690578106,1
36.6065857945503,-13.4480020716066,0
-18.5326927069,0.256215733820078,1
9.05712172759602,-0.88885475363805,1
35.8590409756142,9.26407355563274,0
-0.59498429530116,8.37454289920841,0
-15.1219524339755,9.94619895205495,1
7.37937002110225,-2.59443360395826,1
3.29709394583344,-7.54014675080578,1
-28.1374218508096,2.07255990031177,0
3.96867271108466,15.7688555629754,0
-26.6711220005499,18.2325785930682,0
-18.3502847885019,5.54398077285435,1
2.18210427594787,0.757287081675003,1
23.8166290623054,1.64917130012061,0
16.6086023621246,-14.9158650280161,0
0.0622677330138046,-15.917809164903,0
29.9425806059745,4.20005378450693,0
34.2544691196711,4.70623699967583,0
-2.86098996079509,6.34958016905188,1
-16.142601281636,-19.2013580738347,0
32.4038994128741,-19.2081347939737,0
-0.279056842026151,4.56962155662622,1
28.6770837292168,-4.03678576414135,0
-21.7939176908451,-2.69257689027286,1
-29.3055028171537,-18.5058187506255,0
-28.5520200402176,-4.06280381307621,0
5.63182906019755,-17.032366956454,0
-2.55571050481778,21.8727662271024,0
-9.57306464597718,9.05920999137997,1
19.3507518052536,-1.52045087013057,1
-3.37423990900129,-16.6983656900834,0
15.6581530672316,11.0337835689483,0
32.6426022083388,20.4711053198597,0
24.3553934769677,16.1363630952201,0
-34.9715899321725,16.7096096158858,0
35.430336521216,-14.3589569600122,0
29.4855877262496,-9.33981778669553,0
10.5468082248798,15.4573379090031,0
-37.1674884972124,-1.64735329831862,0
36.2716607758875,21.8749055421294,0
-8.69985060285841,-9.63190740593312,0
-7.62592953862234,-6.24014077449474,0
0.781895049556127,10.560306647828,0
3.92390577289746,2.05126933576409,1
34.8759019878572,3.14368848786106,0
27.0105093777309,-18.7504859369596,0
-1.77038739769513,-18.3374698245646,0
28.7139812654777,-13.3093102980782,0
-8.36928379150053,17.4595370600532,0
-34.2636487313194,7.63447973932241,0
-14.6349552401113,4.72301362061932,1
-13.664064971612,-19.7273597958783,0
-2.9415359999083,0.345205182366549,1
-0.901847415090714,-8.75790874822375,1
15.7123439897424,-11.4161434172927,1
-10.0854251190647,12.1437933195418,1
33.5493943715612,17.270599701086,0
-17.6177482209315,-19.6649381398459,0
18.6500618222368,2.49188355082131,1
31.0895718873798,-15.3406692397786,0
6.42599320941601,21.5308269271562,0
30.8942506340385,1.15327202197834,0
-33.6920865471194,1.60621621972624,0
4.31197379009198,9.34891881232025,1
-37.7749365826956,14.0242703562916,0
-26.3601244676597,16.4604633481262,0
-7.03066193704245,5.35530649590741,1
-20.2581138270193,-21.5333095707554,0
2.68384673188403,-12.2200531747326,1
-14.3179301234496,-19.6848884147094,0
15.8562141784199,0.636046434274782,1
6.61660138483533,17.2847785033409,0
-19.8214657038537,3.50347887405727,1
-33.1315220077359,5.63410057503678,0
-37.743941299592,-15.6511095508135,0
-23.630463894622,10.9390852793312,1
-0.668519671647147,-9.65091365253523,1
8.85163267350438,16.2263296515119,0
-28.6690230009725,13.2934752446985,0
-27.8896030550183,-0.511399010537804,0
-14.1222568061506,20.8370984842677,0
-31.3230085197241,1.19511011293685,0
-6.93170669580276,-12.4274385138814,0
-16.5437479732655,-13.3502793020032,0
9.92486915649206,-21.2215419991878,0
-21.2985885984565,-6.84957337645073,1
11.7232856469872,14.75324799222,0
-23.2964003214569,-9.91473422243761,1
-30.8103964730319,6.93282467317521,0
31.7953696712551,-14.5301215894969,0
4.426209203276,-9.03629178819139,1
-6.25926336659106,-5.69315949512402,0
-29.6060046785606,6.55288001980953,0
4.0085757875861,2.9822949354755,1
-29.5426765961715,0.538431046806121,0
-20.062293335171,-19.3415794187134,0
-27.4622867523347,12.2243152969116,0
-13.0537601873023,-20.6796227922626,0
-11.6704002863021,7.93655636625381,1
32.5855083902037,17.2807056757922,0
29.5120657508421,-5.67491623918155,0
22.0433808945286,5.43949092506617,1
-32.3402546469727,8.4776918425101,0
-6.09540589189869,12.5390585506929,0
-7.84894872691752,5.82615227116894,1
-6.6172711632036,8.37259752631417,1
36.020515072598,13.3154166958723,0
-19.9199676602764,-5.46539235661042,1
-29.7481944524346,-19.8935527683053,0
22.8022121103353,-17.4680022694693,0
-34.594244075149,1.78180861740654,0
34.9566799678128,15.3707359752683,0
22.924963949445,1.42865178244912,0
35.0052882199245,17.9788141029835,0
20.1968992119773,-18.0551602334216,0
8.22563768232141,16.0136078976611,0
37.1671609725896,15.727869400281,0
4.75426338824256,16.8474101434036,0
-0.312507943571553,-18.728138896209,0
-18.7688621514082,-6.94500886954064,1
-23.1069480597665,-11.9586170666284,0
-0.552175841633144,15.154032489757,0
16.0272050451803,-16.0998187335266,0
37.0590201571838,16.7771219381531,0
-12.5689062824384,-13.4783825313298,0
-21.2674429861311,15.251431529604,0
-11.7586912174478,-12.8488374944383,0
-31.0379240097364,7.50373866219767,0
10.001681114028,-12.476379643319,1
-9.25769603137267,-19.1511196561603,0
29.439583374184,-3.11849251389158,0
-5.58391397401808,-8.66453028264981,0
29.698824462782,3.76482961933571,0
-20.9585528338032,-11.1854350209015,0
22.5666466617175,10.5623208311669,0
27.2293745704395,-12.1870936121754,0
-5.54068441569228,-21.9815836055807,0
6.75333565626487,-21.8711866984166,0
-31.0308388861677,18.7307346737653,0
-18.9556997934068,-20.2535339943936,0
7.12662695110324,1.63128821975624,1
1.56403192088129,-13.5689593353915,0
31.4681066000212,-14.7993717572986,0
12.4102486140029,8.6787729907919,1
-0.0264063057895996,7.42376598196426,0
10.2450010031812,12.513344703439,0
-31.4366028976139,0.970386097368085,0
-34.8986531601703,13.0160241468624,0
19.1188468229999,3.43526938191162,1
-13.3944894581447,0.673904131470966,1
-32.9467106193671,-4.88930910648399,0
32.1675247713682,3.52802185620335,0
-33.868598209884,-0.311097626810906,0
-32.8363635054053,2.592949032032,0
5.58861375456081,15.6030338055337,0
-4.620908380472,8.42423790316424,1
-35.9199751819822,-20.0055159330994,0
-34.2228529234992,17.6466170628782,0
-19.8699829679422,-10.8127903326631,0
-28.3251007996737,2.45061001657676,0
9.90498991381161,4.98256399566107,1
-1.79252305195451,14.0875106653586,0
-29.6402131920043,2.13489389594873,0
-4.90719078800477,-20.8440863525559,0
30.542766448519,14.8509700204501,0
5.00338551835441,20.2732167256341,0
17.528914827396,14.5709491741509,0
36.5529651617418,-4.30126780139293,0
6.70387394388481,0.140304307683813,1
0.240269556456553,6.71647943549506,0
2.40112099765253,8.62809361982301,0
8.07782832008177,12.3078369707505,0
20.088098532,16.6511766019386,0
7.64742219485163,-11.8794897763783,1
16.9165228163332,13.2158841959689,0
-4.92366416699311,11.1416937649583,0
11.1358718891286,21.2227817104563,0
-24.571146214696,-17.1119198266136,0
28.6121838703219,9.54201173769007,0
-18.8715515597865,7.33422100722998,1
-10.9072041227498,-14.1688944961735,0
-14.9457207412313,-6.39396366842065,1
35.5497323980105,-4.84848079282116,0
-23.3858412910469,3.74356272995729,1
-30.5623038540213,-13.4372251130449,1
14.7280346589667,-14.3823991622459,1
-30.7021395555311,18.3864411433653,0
-22.8466352903625,-6.40001359082465,1
8.13617769988228,-19.0024415218463,0
15.9380326673472,-13.3576571680397,1
29.68009103617,0.155948318975188,0
7.80075555158817,-4.71850246828915,1
27.546457763755,17.8335122678106,0
13.3727473293648,-11.2909969319879,1
21.6598864542208,-11.7530262922596,0
2.78526120830654,-21.2931213407325,0
-37.6619948512534,-2.19904050723707,0
-22.9055537734043,8.60328499076651,1
-4.65692375808199,9.06167524644413,0
4.43013523471011,-1.76044574269698,1
-8.73015841070779,-17.6993153276934,0
11.1612553092855,6.56730856780938,1
6.51123238371132,5.60768518245337,1
20.2411578566788,-15.4457696311749,0
-24.7277616346096,-13.1089387137934,0
0.236715129858652,7.15942609803546,0
-8.91670484528153,-7.50437598397594,0
36.2670678244766,-9.66029363726445,0
33.1423547593586,-3.89371263735181,0
29.8480082475192,15.5567246085443,0
-4.29174644816821,-8.60068153350179,0
19.1160209586789,11.4261500059102,0
31.1146394262788,2.07659277330418,0
-9.62784493456757,12.2240887593342,0
-29.1619126037155,12.6306880984937,0
1.90919706164858,19.5278939636874,0
-12.0744896168838,-17.044150049015,0
26.5546148679997,16.130039951863,0
-23.8464024837425,15.386628270467,0
-22.1353810987172,-9.01419515048252,1
2.31275016705058,-11.7321509487321,1
-31.5943235965767,-1.00280323552809,0
-19.7015119462174,-13.5934246988217,0
10.2259999754774,18.2154092134099,0
-29.558232645412,-8.10216684752122,0
8.15819543137939,-17.2156350346838,0
29.6215769963483,-2.67164317021016,0
-0.707889023021657,1.66655627701534,1
-14.1734128820427,-19.8362459279054,0
19.9226693556873,2.26312015744421,1
34.5440038306222,4.02287015158423,0
11.0871672425823,-9.88931167713901,1
-1.11571360331543,-3.58928745954339,1
-4.69817787820851,-0.0380691313222066,1
-23.8349634903769,4.97864440283348,1
-4.32179356918866,14.8842668446329,0
-0.902895171488758,17.441429451797,0
27.4459909926336,-0.58547484506169,0
16.4506464396565,-10.9677249832747,1
9.1452832483661,-15.3087674664867,1
-31.1772038139696,5.38787629455552,0
-29.5061282498734,15.7815320204533,0
5.74478563572714,17.1928220922057,0
-2.91403272779267,-15.088412687614,0
3.45414950766779,4.25616994672139,1
-35.1110683892361,14.7305122533841,0
6.02574971299128,13.6431566036243,0
9.80231847776213,13.095554116765,0
-1.3735191787091,16.6498229572918,0
-25.7999492301727,-4.33680827919945,1
19.33279485933,14.8668502321086,0
22.3056924428483,5.54602349164878,1
-15.85593651452,-12.8924016849635,0
0.578231006392777,-5.43758618511622,1
-19.9125745158415,9.18551210425105,1
-23.3559686400816,-20.7347069621842,0
23.4609787460847,-9.54295009078546,0
-32.9328303583903,5.38261585760215,0
-23.1144528377496,-17.4556021971527,0
36.0834221546897,-5.72583232057405,0
5.70687333107666,0.0503188844440317,1
6.32423333773082,-7.75948093297081,1
34.201645439673,17.4014911442978,0
-30.3970203781004,8.88759188310806,0
28.7837697626517,-16.6957105950916,0
29.7502468653658,21.7821574055413,0
-21.733205094989,19.5325166562233,0
-25.3116101223391,12.6448275168627,1
11.1055373562175,5.35809066321936,1
-24.2938902844214,19.8312858321908,0
-29.1422000407791,-17.1121027253018,0
-10.2346124526704,16.58431611678,0
-7.41949388665086,11.7948504644605,0
-31.1744485169042,8.14326554884923,0
13.9663737260875,9.64699764348792,1
3.56396272241923,4.67433790229687,1
36.9328661925883,-16.0368578384008,0
-21.8310324252025,2.9817204778503,1
31.843280443119,-6.761564584951,0
12.5522860445818,7.84371430497832,1
18.5043491738898,-7.07880783188447,0
-9.23723667105385,-7.55362432324538,0
-1.91760693359666,-12.5628157499291,0
-29.9241093043393,-5.64152080954354,0
29.1675936097265,-2.59257333763696,0
-4.17215432045565,-1.45086778352386,1
12.7853536772373,-10.3535411310343,1
17.3444010171726,17.1669052449782,0
-16.2911095933546,-19.7821247862983,0
7.12019267141086,-2.23773818690463,1
-9.83970141356573,17.4003214023736,0
22.4684597205519,18.0942164380768,0
-32.4113787282314,-14.9688419071218,1
37.448059978398,3.71145938968565,0
20.9782325632317,-2.33585849902979,1
-37.4398452321267,20.8303758795209,0
29.5600797319133,12.1929277829264,0
27.6734980408396,20.0625697329132,0
15.017124375581,-11.5726108078213,1
29.2593983107759,-19.1967248281269,0
-2.61101443447859,-11.9140243969254,0
-9.76155775461731,12.3825346155192,0
-31.6903581126712,20.4526105748342,0
37.7886103435688,-12.1130009537845,0
28.1070692496396,16.9318649633621,0
-37.9946601905268,19.6606817553494,0
13.6782309054436,-13.7647351042807,1
11.770884953219,5.31964302930347,1
-6.70220880648539,15.9531433889704,0
-1.79600387143671,-8.41217768959034,1
-8.49140354634734,-14.4326623352467,0
-3.6436644006608,9.86218395084754,0
-35.9662522137969,3.78899185397421,0
-5.67823463856712,-1.92419410345836,1
-29.9587978650945,-2.03172407494613,0
-34.7235438815824,-16.794285631368,0
4.26528777420187,-21.9754723061562,0
8.45781548294153,17.7859928684328,0
18.1512513051578,-15.0120843864134,0
-18.4741350610807,15.2273564390154,0
17.1956792288968,-1.02572349636813,1
16.2072229321608,-8.09349866490967,1
0.286103656370983,-16.4263945855109,0
29.8504881769224,7.58670011129534,1
21.2332755548127,18.2647031608524,0
-0.390627489716692,-6.93258958167045,1
19.8745444510183,-13.0195326773443,0
12.6953975421614,3.28379884277328,1
36.3365279976086,1.85996747269544,0
-29.1026158811704,-5.39567057170717,0
28.0685673848987,-18.2080672347534,0
5.15699616418586,-3.55105340384778,1
-28.8685041469236,6.21658144643848,0
35.7450358285193,-16.4563714447569,0
25.8374649225077,8.07538667435321,0
-33.2639348771799,14.581502695159,0
-16.8664857126369,15.6205396790401,1
-6.86812106680375,4.4460863887492,1
9.63746625925915,13.3393392721959,0
31.851835167334,9.90580022180005,0
-6.44847151986678,8.85199189413058,1
16.0740121922144,19.2872666257528,0
35.7864811510956,-13.6899513021129,0
-4.90412619312649,17.7824690117657,0
10.2890277209572,18.6318917775491,0
30.5181836528995,9.88903293829743,0
28.2403603907187,-5.53994430211459,0
-27.1535892905784,8.89589036423681,0
-22.7545860068573,-13.9330572985983,0
9.19052793420787,19.3629941384841,0
20.9022182592588,-11.9845384687208,0
-19.2423628900465,4.46296109171242,1
-9.9216320256052,-20.8283468522164,0
-12.0765934190089,12.3550731825371,1
-3.3143978119837,-8.84278037485391,0
-25.0173981360891,-6.40949093542769,1
18.6660532822724,-15.3621736628499,0
-30.5536781432539,-2.35454507034934,0
29.6604753863667,15.3508857849554,0
-31.7608433205402,17.6943501493798,0
21.3957214995034,-3.35663934227614,1
26.499515319909,-10.0396193171597,0
-3.7333190980584,9.02279184479282,0
8.004720347759,7.8598095286449,1
-11.0602769091423,12.2175577025241,1
19.6912546831959,-4.59518919892214,0
6.79750514414066,-20.8949634576867,0
8.47931677440793,20.219131788549,0
26.0809696115121,-1.19301675788762,0
-3.26891929805003,16.9310084234784,0
29.0920181514258,16.1703752021802,0
-0.488478620861478,15.9017561280448,0
9.33664930091956,-5.32768933979475,1
4.72454792479463,-5.46027510516929,1
16.8462266432196,5.08419753553348,1
3.55451296077197,7.18366040935432,1
21.6175473964682,-9.05393120729369,0
-4.07720118798712,-17.4474553455935,0
31.3050054780424,-21.0729151051129,0
-31.4193842616281,-15.4621112065176,0
37.9192390244881,-7.36218391521973,0
17.296163076561,-20.5125824600797,0
4.43890716333964,10.2400461196865,0
-27.1453659506775,-2.5012971183429,0
25.6604067492074,-4.20936711542059,0
17.1187981058764,-17.9345738445457,0
-6.27914359123518,14.4981400402391,0
-17.2390279289104,18.7950992895127,0
-14.0822240133763,14.2010131497139,1
6.20889903006525,-16.8258096123574,0
14.391228231164,-14.5111488767526,1
27.6539402059717,12.9557247276339,0
-21.9747367977158,-5.31458606025269,1
0.513123050658322,17.2647613363687,0
-5.69621983420722,5.65023157506165,1
-19.7827938307428,-11.1221668874446,0
19.57176701492,14.0185410896056,0
22.1853050023509,2.09150548151655,0
-8.67312816036891,-13.0837852760033,0
-13.8278676961315,16.0503620815589,0
-1.44968853108431,-12.2208001466747,0
-16.8335502490422,4.45285475459687,1
-25.9892506915507,-11.1573505461013,1
-7.94899108349587,17.7328903180691,0
-16.3053403774533,6.03061562070376,1
-19.5281511598967,-15.6448576794572,0
10.8314939086619,-11.7094076550683,1
34.7262039276056,12.5485932576971,0
-23.8384997883467,16.3226306421091,0
31.123285501871,2.36946818049887,0
5.22427372902903,17.5021500212901,0
-23.2927480999686,19.7265812615772,0
15.5221215215916,-8.83077532450601,1
11.5200387468423,-0.0222008807305976,1
-12.7758335098887,-4.67861632030414,1
1.63921896541638,19.7582715810306,0
-36.1179786576612,19.3427831053496,0
-36.3072579584407,10.2757977560276,0
22.6878494807252,-6.58792726282453,0
-29.806268341425,-7.1015903587705,0
14.3493354028675,12.7139442143711,0
20.9019524371303,12.952639929711,0
22.1535395878791,-6.52976550167483,0
15.9196469644211,-7.2933816185671,0
33.9368802489456,-4.1598527827863,0
-15.3504948479635,2.61967473099246,1
37.6824043354837,8.8635154497645,0
4.13799196068607,14.3824787110916,0
11.8627251572021,-1.44438498117288,1
33.8465078721646,-14.0358304363126,0
-20.92757048882,20.8417109480157,0
36.5953753755968,-10.8812245751396,0
-25.0327594390469,-1.49346581490948,1
33.5205738362481,-20.4455176448428,0
34.7289613977633,-16.1205159904556,0
-24.6988806406841,-18.4396052385765,0
-33.8724541495486,12.531922684334,0
-17.6161578374975,-14.077267633623,0
3.49673788598684,-7.65622197171913,1
20.9141724849175,-8.99911781126531,0
7.88571641800436,-17.4537581318135,0
-13.9766890510003,19.4603603288505,0
-5.06520544257553,-12.9133896096917,0
26.0512104177481,-3.02925796460808,0
9.58608699596598,-19.7797939334588,0
-17.2863482084793,7.73487179840558,1
1.1046160518871,-17.1308588088953,0
29.518438372066,-2.9045353912985,0
-24.7535085801627,14.7288408055797,1
24.3251926877686,-17.7417014903806,0
-24.2294171922281,12.5144165379712,1
-30.6079608859725,-4.30169090433721,0
-35.6200747325665,6.40469533192804,0
-37.2266347201662,4.87122198818093,0
35.5259613507523,-21.3636992168614,0
29.4908533436549,3.75603798931299,0
-34.2239120931658,-3.45783952020311,0
12.9357267201457,-20.4449944525408,0
36.2232207420591,7.00741503742799,0
-21.2597747033003,12.2615273479715,1
-31.6115464106854,-14.2341398061864,1
-10.726264813874,18.4838409894084,0
17.7219217629188,-7.63564713774992,0
7.7629608798817,-9.58405001378742,1
-3.69581846394343,8.88910890132031,0
31.3730770426084,19.3087915986441,0
-37.7585278801865,14.5266893715125,0
0.766059169214785,-1.97980845020098,1
-27.0209700824121,-4.15454406558546,0
0.353392250268783,21.5054562259997,0
5.18431827026327,-9.73022481462222,1
10.8049369097567,-8.80230545391125,1
-22.2730294687948,-2.90971093601451,1
-12.1457760438275,-2.64776203867878,1
-13.1119562769508,-0.911837399365034,1
8.73732925542514,-13.6595664806827,1
6.93041990354082,-0.115255599087035,1
14.2822317751274,16.5980219789608,0
-25.3507266961184,-13.6731650827375,0
11.5692880048487,-21.7171644051245,0
20.4164623514951,-12.4826706012443,0
-7.92175577893632,1.88505625546296,1
-7.88392365628004,1.27898006811312,1
14.6011372519051,11.176970625044,0
-19.93685230849,6.36101356337048,1
34.1150860923818,8.0291332062994,0
-27.6828212560914,9.32545755210804,0
0.875176832918946,-0.883694332526435,1
-34.8512624336321,-9.50487725844335,0
-14.2568712010438,-16.7988893078464,0
-13.5454750837179,1.56917284458238,1
34.072494661556,2.07337361793796,0
-22.2420663681621,14.1981178529485,1
-0.809966081791806,8.44161957288402,0
-4.2046794714981,9.15584274676412,0
24.3844757942965,-13.925870794375,0
-36.671503643712,-7.85410251569557,0
21.9271685360587,-14.8815465454021,0
3.10005418642773,10.6423797254237,0
-34.5437910801181,2.93552026013608,0
1.0526337980637,10.7620119646553,0
-4.13258152034169,-9.33827870408594,0
-0.656265321738722,-17.8627499436575,0
12.1516010273986,3.60605843112765,1
0.408138243548784,-18.2513796772566,0
18.3813377704523,12.0989981339801,0
33.7325728977528,9.30769840399108,0
22.7487078432752,-21.0777030967699,0
-4.73279230135047,-12.7714259911381,0
-31.1362321182869,7.80504377257435,0
32.9511707699395,-2.06226125563329,0
-9.24340108531888,-0.298461525709204,1
19.6780970170578,-6.48215202838671,0
23.0882992452266,4.92352408830546,1
23.1219572676217,-1.8977427407434,0
7.28031212859841,-9.0253146141509,1
-13.3009892575223,14.8605537069325,0
18.8744418809401,-6.70011337182566,0
-1.78814408713539,20.6875812773352,0
1.18488625096591,-4.29112126585726,1
-1.51280718249683,1.07366443557795,1
-5.77472012167806,0.455706056931461,1
-24.6226639276175,3.19423728131937,1
-16.6776985411485,17.3099952437906,0
28.7030146889351,-5.50439326961843,0
28.4130163689349,20.5923691196637,0
-0.791410704288467,-6.45540494476827,1
8.07740391302639,-13.9065023389304,1
16.5442355797901,2.86262562527362,1
-27.3582141081417,8.50809219998534,0
6.3120683746698,0.863194966170518,1
-23.1799957456184,9.14363836967162,1
-33.1863334051096,17.8485950281376,0
-33.1434729928778,16.5846746202965,0
33.4298265049728,-10.2249532599123,0
1.53401299896489,18.5000455602397,0
-26.5911828432763,-13.6679061196188,0
11.1410127818319,-11.5134786687429,1
6.36744404769707,1.69075909191364,1
-14.2626334032137,-16.1156285671642,0
13.082955313709,-11.998507592314,1
-7.8237280319215,-10.7126990199428,0
-21.3168020876381,-8.03484514720537,1
-19.6976207579987,-16.1487030110941,0
-8.63543578961815,-14.7840084887104,0
-35.4539046870786,-10.0663943972882,0
-11.6490688220517,-6.8098072026655,0
3.95519315101438,-13.0689987278002,1
4.44144300288528,-18.8531003583078,0
-32.9220786016001,16.4331533787248,0
6.22742078533464,-15.3175011725381,1
-1.83481402903342,12.9485690691346,0
12.3070718613497,19.6401243525289,0
21.7434162498471,-6.53687235884902,0
-23.5578865124497,-19.4073040049493,0
35.0746503912049,18.5410194172525,0
2.66466208590939,12.1948189536999,0
31.5033308226566,-11.0357943542796,0
11.0704599986586,1.39492929819445,1
-26.3363250072104,-18.7616675548339,0
-34.0341677963206,15.4701271729618,0
-36.856140873365,11.0580852363763,0
-23.0764437046994,-14.2378231655233,0
2.10613366898616,14.3530622670609,0
-26.7769323215573,-20.5174962756486,0
-32.4418390815675,-21.2104760013259,0
4.16776760771387,9.45506453677361,0
36.5774870166079,18.6717485893162,0
-25.622554400163,2.41487292449669,1
-26.0985394940772,14.4691043441496,0
-25.5610327474263,-6.30055248320588,1
-32.0347895837899,-8.50172100207103,0
16.5984557933758,7.6486733000384,1
-4.08383782841238,-19.5286725575739,0
0.769063278257278,-7.62040606806583,1
7.99091352964708,16.8642260009385,0
29.1134296438468,-3.91220979018141,0
-28.734418325284,0.0952876822156234,0
-15.9406004234513,-6.28126502907418,1
-33.2620043040168,21.5091613548544,0
-27.0914846254777,-1.54470007210669,0
-32.8346327732488,19.6600136029911,0
-23.9334162310561,-17.5896818924656,0
20.4194793621013,-7.93911763625033,0
30.2234609017478,-4.64948932545911,0
1.38865137173814,14.8968819889228,0
26.1920275716631,-14.9487022898498,0
-20.6145002196986,-11.7404190253798,0
-5.44364834924261,-14.7912949838868,0
-10.0098731484496,3.0178350516654,1
14.8996347261397,-15.2744597160722,1
33.7729318690916,7.50754525877556,0
-21.4406449606918,17.4517605941144,0
19.2282885635919,7.69332300466223,0
1.50772602065577,6.94976965956307,0
19.7656633525538,-3.78150679892225,0
28.9460822288486,6.84467510220131,1
-19.9516589636305,-4.48651870812008,1
33.4167157516363,3.76329136084242,0
-35.9364470146963,13.7173717878387,0
4.67508285252518,8.00186381429888,1
29.674373752044,20.6118845690301,0
-25.3086714196881,-9.23661635815046,1
-5.68154925940841,-21.307064130007,0
-13.1558955924656,-3.95443547347345,1
5.13691307923389,15.7176563127666,0
24.8510238491851,21.2442766940091,0
-8.23220467612627,13.9116004322742,0
9.22266022206776,-13.66442087674,1
35.3515476069955,-20.2518159274544,0
24.9637679876994,4.66017557717049,0
23.8185721323305,10.1438287397851,0
34.5871855327007,-19.8781117551327,0
-24.082900444877,12.8578512582155,1
12.9525519500844,-4.60760014527319,0
17.9053337101536,-19.3694762021832,0
24.2859045067872,5.31240421845368,1
13.7573686159166,-14.7315924556923,1
-12.9155321150933,-7.50969601233998,0
-35.3633921485146,-10.1224655708276,0
-28.8656381934496,1.80777161429573,0
-16.4377745837922,15.5639496755542,1
25.7059341020843,-2.98274293356441,0
30.5028024742179,3.43283954866043,0
-3.80401094742535,-15.9949737741571,0
37.128762165781,3.58784597073755,0
-35.4320521047886,7.53298574527035,0
27.3182319044508,14.8253206627009,0
2.17031995619244,5.9138139261825,1
36.1348549107371,-12.6801236505265,0
28.6688348210875,17.8948628035211,0
-25.7385337531216,-4.17360629492623,1
-11.143479414937,17.1000474071724,0
-33.5914820590048,3.3022312952292,0
-4.24718132384985,-21.2647785295813,0
-4.47688724088042,1.77779792635943,1
-13.1707594942038,15.5166973924932,0
31.4942718976356,-12.2064138562473,0
-0.413719893551722,6.02822828615387,0
15.9780426199688,9.34919256697466,0
12.5127431195773,-7.31586401121086,1
25.2153877124172,-19.7654809687828,0
-18.3893138323612,-1.78897723239389,1
20.4623493674051,16.086848164889,0
-6.79688425387509,12.1377244954986,0
-33.7700875551479,-6.95115772275266,0
28.1693300604767,10.9208237700159,0
35.8948237709278,5.49094568603714,0
-29.1098091251238,10.0361780781641,0
0.631788687058581,7.48513080078406,0
19.4230256279457,-0.652247624552174,1
-29.6410142238692,3.25599177318366,0
-35.4263713205546,13.2170396919799,0
-4.476576694782,-2.21656924588293,1
-28.1364491875929,-9.85528870828679,0
35.841786377641,9.93696753062543,0
33.4516476302271,-4.5283287145692,0
32.9170931868481,-4.89112708312798,0
36.7656285683293,4.66107955122749,0
14.670721040195,-21.1819169975992,0
15.3881368329676,8.39627902846334,1
-9.7802739545383,-1.58403970737889,1
-33.1279484828671,11.8402979498657,0
-4.29766656012483,-7.26224186826511,0
3.26703878044773,-14.8684454899871,0
3.05231761784359,3.72723692984593,1
21.7575867838464,-11.1495925859818,0
7.70711427305371,-17.6705927136125,0
33.973030124219,-3.9679402730976,0
9.97260261355968,14.2204207821021,0
28.7916486992709,-14.7844212290722,0
-28.675841068768,-12.9502297776356,1
23.8296650796261,-17.7079852789137,0
36.2979307912643,11.8857843763082,0
-20.425518249022,21.327621000886,0
31.3679585606983,-2.57873173041785,0
13.4039499377752,-16.2523754933341,1
17.1050149516422,-11.2199699798985,1
14.1200077400084,16.1200278300671,0
22.5506370297507,-19.1082578889199,0
2.25165073609988,-19.3450774685897,0
19.352572602522,-10.5591534479301,0
0.270118540186211,-2.33359218291126,1
30.9350656528613,7.7069302403647,1
-28.605622020446,-10.4946538671485,0
26.7691165503474,8.63177760613939,0
-24.6965242357244,2.44407444648032,1
20.0766144383202,-20.1079672924566,0
-3.09074016682717,-14.6698191926854,0
8.06083984980405,3.81381004601018,1
-10.332995878421,0.413120780365983,1
-7.45217468664382,21.9721453657503,0
17.485673560202,21.0562336085811,0
34.5897512537218,11.6504426607205,0
28.7887093552401,-11.69350101073,0
8.33961660292515,10.4238601571111,1
35.5501976699846,7.33412393914445,0
10.1944992223839,5.3782453143317,1
21.0721034538163,15.639933522905,0
30.2862917626261,2.12509194360805,0
-20.7810151227243,17.8235968413596,0
-30.3037358774996,-21.218608956806,0
24.9476939192295,3.77807026103775,0
-5.7402810199483,-9.63056053062755,0
17.2593079280382,10.7310306592217,0
33.1928538719681,-12.4994947613443,0
-15.4635356111502,-19.757653452235,0
-14.2727879762924,-9.59951804136743,0
3.77692201828661,-16.1247113608365,0
3.99620372352207,-1.89794301869684,1
10.6704349167548,-12.1895319750856,1
7.34533347036754,2.34389689014021,1
-25.7507274796422,-18.8693607405307,0
-6.23895799554075,-17.7102790519385,0
-9.95178910795184,-7.72996929906153,0
-31.8998883059184,5.6680680068072,0
-20.0406016099756,11.0759099114703,1
37.5698238215628,-2.37391205733871,0
31.1070934427896,-11.8169372844543,0
22.099802319292,2.98050879386873,1
-27.7288845130321,-12.6330314691758,1
3.82577853443004,-10.0392252884261,1
-33.9082855642896,-14.2601610568021,0
13.4180657082908,12.1267938560551,0
24.4933247456755,-18.398026015065,0
31.2665597446378,2.14396377632026,0
-26.8124163733863,10.2104904521485,0
-14.830483522933,6.74288921000134,1
21.2702558323152,6.73350535290496,1
-0.970640040666133,8.30133834330985,0
3.73723673711873,-17.125215738562,0
28.7444614890357,-6.25467105074411,0
37.1101103689883,4.44155007500915,0
-36.5444257863589,-6.69189026083586,0
-11.2993932768101,13.7305480090572,0
2.63315823754469,-16.8419659406632,0
18.8341501485029,-3.69876660107199,0
35.7210012753066,12.9702644651489,0
14.8308749973934,16.5758029883469,0
-17.2315957163724,-6.45866547571225,1
34.2864845342808,13.8630380733992,0
30.9829743078048,-16.5808151044176,0
-3.23573711049462,-6.68684081566605,1
17.7209985422728,-1.73403376287524,1
4.42624516915574,-1.96381764991317,1
37.5359729419515,-5.01104065805617,0
-8.41317465622211,-19.26132914938,0
29.0079213012793,-3.48760137053856,0
29.8884869261383,21.6112911817538,0
-8.66401254237341,13.5757733776198,0
17.2938585881232,2.18549484321337,1
31.3613755288624,13.4965225001104,0
30.7136576542879,-1.95249791743114,0
-31.8096218830429,3.83701950958257,0
-35.4660416048766,21.9465899287444,0
5.50311785488609,10.2812526674774,1
-37.2939434751812,-1.46450308403955,0
-22.9270423606533,5.12243290373015,1
-36.4283092010918,-16.3203462767765,0
22.2126156622375,17.4570018147225,0
-23.4969646334977,-14.6725824255949,0
34.358280174728,-12.2139862793148,0
20.5371973552602,5.64651306065807,1
24.0595885137492,-0.25385096214719,0
-5.62019194553796,-1.71252522199217,1
-15.1834199712688,-17.4398264451271,0
13.7020760425966,-18.1244351722118,0
27.247190852433,17.9281888435747,0
28.2562634560573,-4.46292255416988,0
30.1767488572006,-20.9241428186057,0
26.1125938916728,-1.45704025916938,0
-1.12850691696296,15.7648208667534,0
-0.870921250017368,15.9970079690779,0
-33.0346193048536,0.240061037402139,0
-3.26944119560503,-0.533139098406537,1
7.26220308085705,-11.5800062051511,1
-29.6336566193748,20.7027107489236,0
-11.8723962026943,-15.574112632221,0
-17.9310487922624,-16.6441351763357,0
6.09370583054382,-8.38810687221534,1
-4.9102777186068,16.7044140842152,0
-6.45238595789102,-9.6817181682008,0
-33.8798115638014,4.45736604839722,0
-18.2631329990315,-10.1478090931321,0
-19.4424688768923,18.1994324844841,1
15.8912263725727,4.63681857557824,1
12.0726556648669,-14.861887992188,1
-28.9422180388347,18.4834289227994,0
-28.1793458680293,-17.2966204730676,0
-32.0743848854816,-15.684202579832,0
17.8782467631751,6.14113851458392,1
4.26739957369418,-10.3395406070473,1
25.412210396471,-21.5615735815857,0
-29.9345406469226,15.5148591557219,0
-18.5013266975102,-8.43816891845621,1
-33.8865742020935,17.9752208497748,0
11.8980965338606,-1.83260104941833,1
-16.9148197918221,-7.53963234449848,1
15.8939027621486,21.6165843459409,0
-28.0975403787408,13.7957353766015,0
1.82379281560409,-9.01732400956753,1
-34.5123513186944,16.5388844902243,0
-30.3007677140498,-8.05587082852427,0
-2.36093317077779,20.2304216670367,0
16.0091235437968,18.8581715377914,0
7.70232697026039,-0.169851862231454,1
-22.4263098121065,-0.362574564643513,1
9.02777603064205,21.6570181262561,0
15.1354086121326,-4.62594757379651,0
-14.0730210786638,19.6800131082834,0
23.1639370882557,-17.9783295137918,0
-24.4702952886623,-5.15913350333862,1
-19.6607652441302,10.1428940534644,1
7.19947763371798,10.8323167500493,1
27.9857014976313,-14.3701025592117,0
24.2187963932567,-6.07380803232537,0
6.84639405405226,7.09977657894735,1
-37.8261240680379,5.62174830050884,0
33.7844353020759,9.88838774583722,0
22.2282445094439,7.59452194476266,0
-7.65103937579515,-20.1126429276332,0
28.3821618588642,-8.81042521212417,0
13.2541207681287,-0.555581562030046,1
-19.5802139497502,-6.8672093907021,1
-25.1982009795672,-18.6753341753722,0
27.4454849041943,-7.20703006757031,0
-13.1752838143104,-16.6121059936893,0
-13.2884712556271,-15.7194133685657,0
-7.58682001555141,-5.43708997035212,0
20.0264650531128,11.3796257991169,0
-25.5308481487071,16.0395385335327,0
14.3100664799697,15.6912676174295,0
10.8920630225052,-16.146506032399,1
24.4228679581364,15.9822184541119,0
-9.23043329490283,4.14904176866797,1
-29.4955497815013,3.97151652598379,0
27.3207288523779,18.3912754864938,0
16.2019160816436,-19.5386286473415,0
5.70078397603224,9.00577456766397,1
18.3264797998345,-0.0889465005591781,1
19.2789755230435,-5.90436509678755,0
4.18669637202321,21.9213852665439,0
22.8693316860923,20.0198135835012,0
12.9462946520002,0.586154206055181,1
2.66816855344716,7.49238286298576,1
14.1303848492604,-21.9168201810691,0
34.5939718095128,-0.310006457630259,0
9.70917408635455,1.37552104354466,1
24.2540317355514,-8.54158956902707,0
-23.6386347182682,15.8328538865643,0
19.1121326684185,-19.0867017895041,0
-21.1598820387791,1.51441614912259,1
-6.34981420316705,-21.72239489312,0
22.1063933533408,7.12823313297474,0
-7.60289829145329,1.70849607699414,1
-34.5716970979923,-2.39396595665668,0
-22.7205540308131,12.5015371951746,1
-34.7424244521709,-14.9350597014859,0
10.5764033111205,-15.1988198011695,1
-18.8663447545518,13.7430388880229,0
-6.08881981332645,21.0267564325899,0
-24.9404458538182,-9.45393529864995,1
29.2186458351795,6.92142213688369,1
-12.0829276168839,13.4964555130828,1
-22.4106076168142,14.0815054891978,1
22.4494018078091,-8.57389631503924,0
-36.1402812675224,-18.734858525386,0
-34.9767546405044,5.17418053825668,0
2.26621633200433,-16.0089123457757,0
32.9358946883803,13.6029274023759,0
7.76831020785158,21.0269253769712,0
7.6894312991114,17.6187521149185,0
10.9338325786905,-13.958673874823,1
32.0667237982942,18.5692497858545,0
-21.3364499982315,-15.991403844861,0
29.2527332444151,-20.0924129049455,0
-34.2895292656118,7.60270894598678,0
23.7150203254812,-16.3813048464391,0
-35.5230237866863,-12.3522097750746,0
-6.45677237471217,6.98957413293209,1
7.19465835783779,-7.80615182262627,1
-23.04355869089,0.109059822253382,1
22.5029321373293,1.51466113916138,0
-21.964895491759,-1.79987243334812,1
-24.7445725933609,0.821930641070932,1
8.65197522559863,3.17532759609713,1
33.5202901075007,-5.09345583717662,0
12.2789359328579,15.6674400565003,0
-21.6677234874275,-6.35242385146234,1
31.4328248330985,15.7780086964967,0
-9.10504699937304,-3.51733576888676,1
-35.3413463444913,-11.862382718367,0
-20.7217724780408,9.82600173026741,1
30.9233768906653,-17.8832769404189,0
28.0430930546288,-15.2578918638003,0
6.26761883415829,17.8228881029783,0
4.61975654658882,3.24424452712483,1
-37.9172640135121,8.02359499339749,0
-28.3584793918732,-18.5571779451083,0
-21.6872864779001,-6.50882849690814,1
24.8382919203358,-6.45374203128788,0
-8.54131457543103,-16.9371903472135,0
-13.8262643488466,-0.332745356144542,1
-18.1048313160391,-2.93544964415625,1
-15.4641773001637,-11.7789177977809,0
-5.45846871635118,-13.2267081652394,0
-23.377119959673,-10.686233973819,1
5.12835385163891,-17.8653256929073,0
11.9825943933525,-10.1379969856228,1
14.1040374532107,-13.3562225684006,1
-11.1157302738274,-3.63010067909419,1
34.7160799980018,-21.2089572771854,0
-19.475868128501,-13.5539751734007,0
18.8686501840142,-10.3213309079495,1
-8.34270755508011,4.25093085035525,1
26.2015040514107,-16.8744403719854,0
-9.72921750513224,-15.2352213694208,0
15.7780549731029,-3.47844521881101,0
-11.7301976301909,-20.0594987082892,0
28.6640009099002,-0.980650378235644,0
19.0401216847134,19.849738440581,0
-4.98367461539081,17.2284470729193,0
-7.54978695502673,18.0913681831835,0
-9.65672345213779,-12.5372756550703,0
-4.31297755259052,5.51170806747444,1
-9.0966373304379,-21.3420327876207,0
-32.4738543786566,12.4931290263549,0
-4.53866136279557,-21.6273251409077,0
8.096034722814,11.4900263652254,0
-14.8364037151744,-7.42660910072751,0
-7.09507456978448,-17.3998922422051,0
-30.3231027446433,17.9872476663811,0
-1.75710923524685,11.9774916142986,0
-15.7768140202199,-16.5306534903133,0
-36.7625259246995,20.2260696204242,0
29.2155942640705,-7.04448975321441,0
-22.0163908475401,4.76512918390386,1
13.9569666615966,3.32617896578731,1
-26.2663370314415,21.3836731836516,0
36.0480063155567,21.40877294535,0
0.202338624357196,-1.78688786898258,1
29.7470227168561,-5.44624208002626,0
17.2133223187707,-20.601023830846,0
-0.214346920753584,9.6411617459182,0
8.1482826696792,-10.9172902777494,1
-11.4540502873949,-4.10243163913622,1
1.99230662480868,14.3328221682096,0
22.5655540060793,2.94490505189865,0
-17.2006294544841,3.35067987142813,1
-15.756046632712,-8.6165527360933,0
-11.5404567002429,-9.26080200392622,0
28.5739380081087,-10.0580985161475,0
-30.9077445891999,9.21615163346893,0
-22.2922890746869,-11.4229646651242,0
-14.9903086492591,2.63928916547795,1
-11.2842980071422,-7.65472804824805,0
17.2328101182247,-9.76053563884446,1
29.3607207502604,-10.3229501789205,0
-34.0536095295457,0.108636108790449,0
-32.0295022175084,2.98766040312016,0
-36.8990597312697,-16.4511766961571,0
-23.3061502696047,-19.8497925294867,0
-36.0020147407267,13.7795587846159,0
-2.3737953604107,-13.1363822798946,0
-19.5029209804783,9.63185786560777,1
31.9136818124308,8.13966566607303,1
16.4033565313522,-14.7882856271406,1
-0.862924182328008,15.257475672572,0
-32.0663564281145,-1.05627459110434,0
2.28502432984323,9.19753683928132,0
12.619828022193,-8.9279465298555,1
8.18615891069649,-12.0165450569012,1
-6.11408728451068,17.7111395891498,0
-29.5793788825231,5.2827760274347,0
24.0626974995116,-11.7807263138803,0
-19.0528519529127,4.39999888258001,1
0.697558326991327,-16.0900986623971,0
23.1140830863945,-19.6376472972422,0
0.74708233107026,-12.9365579409576,0
-14.9947997456519,-11.9000507876298,0
27.5064232293481,6.19022466083876,1
-33.6380318235195,-12.3338640806063,0
17.5375189481832,7.43867895245715,1
30.4668567164852,7.08955692523804,0
-2.73270395988471,-8.65141638747616,1
-2.3283382753574,2.94083291708331,1
-26.3101260715302,6.75520243952023,1
35.0964138975662,7.29085844854324,0
28.5953553976034,0.151114343090928,0
-0.864174910022008,-20.6170043409009,0
-7.06218348105645,11.5871937313411,0
-28.3802001559742,12.6210115715373,0
32.3323213549752,14.2528139103897,0
-37.575834707492,-5.15477317557682,0
-23.834481126508,-6.44128672818879,1
-13.3713616350736,-7.45719643974474,0
-34.185817899487,8.90780761177488,0
-27.0151988450566,-5.10864435789003,0
17.4320770969324,-20.6300432145327,0
-1.34675008724308,-1.90774279894209,1
-12.3070791031544,-9.70573045303819,0
-20.0057044754795,-7.20373850187688,1
-3.73439629048958,-19.7039054170735,0
-23.9057247884856,1.75936453115299,1
-13.3566343478836,-5.23878828742473,1
-17.9381673208655,21.9313460115551,0
25.0858652015697,1.30327136449904,0
14.9233635454337,17.0033313783635,0
-12.65115805986,13.8852149739969,1
6.09766937715648,-7.71363778740758,1
-16.1242965134994,-10.2888231040201,0
-17.9382297758998,-9.77628155906401,0
-18.2475038229294,11.1954576987769,1
13.4580827036887,21.0727072438314,0
1.50681774048087,6.26824273120336,0
-32.1667161714447,15.4986556632101,0
-33.7557606173748,15.6305361345788,0
-18.3366477223144,2.58976667126693,1
-4.56551616906341,-10.8640622936424,0
-16.3940271535918,-5.42823590020966,1
13.5863565943424,1.9818957724827,1
34.1680456231007,-20.0279861537151,0
20.8205867879254,-7.27354438915336,0
10.3465646570803,13.313534766747,0
19.2721917350147,-0.283154000659323,1
18.7580619329148,-10.61278917411,1
6.53836767805616,-9.47412646190926,1
20.7522815137845,13.944626967315,0
-8.17089237145987,4.01909004223029,1
8.00204904954565,-4.66989584535223,1
-19.1951015906234,-17.1199819578584,0
-15.9446330598761,21.845436131149,0
-36.5307226490379,-21.766788027562,0
-11.6044650366783,-10.9330069919591,0
-27.2235228677101,7.49555722242887,0
-6.72336214090832,5.33235532892978,1
-26.3668053757918,-3.43266993277066,0
25.0046774269815,5.73206465192024,1
18.1791641643632,-20.2688462054782,0
-30.4858567222746,-2.37783464917226,0
24.3681147221042,-7.55947735393368,0
-20.739517701514,13.0899806443655,1
-29.8724575627809,15.6465165333919,0
12.3709729758803,18.627269248206,0
34.5477841906666,-8.97847049772078,0
23.9068989010675,17.7139154979796,0
9.36721153858374,-17.8083794124746,0
-13.0515749697436,-4.62051398518502,1
-16.920031869242,7.83211787200619,1
-4.98735872512184,-15.2495160543527,0
-11.3775386234023,-19.1284616830671,0
28.7096984250971,-17.3195645626173,0
-37.532258508348,-17.7557371977908,0
14.9301417211271,-4.58087949784483,0
-12.3072038363917,21.3474991889254,0
-14.8212410732168,3.03396059894943,1
11.2556531722699,-9.57995294154378,1
32.007117063171,7.41941320968781,0
29.8736073632695,5.25169586079221,0
37.7856289094262,18.2803685519346,0
-32.4608242649437,-12.8742965263936,0
-28.1489845899321,-19.756472664249,0
36.5991855007431,8.93459142488466,0
-31.1415860347916,-14.9721854331634,0
14.1480580299424,7.52651131703814,1
32.6013248983119,-18.9941509947639,0
-27.2219558077285,-20.6911061595619,0
29.2155896859918,15.0311493203731,0
-36.498090941946,11.1727170778742,0
-11.9558718563676,-17.6974649763232,0
-19.888737346134,-12.8266642931113,0
36.8268640731904,-18.1742628580383,0
26.3414405609172,16.0924643591923,0
22.3828813260158,-20.9181092429272,0
30.421133067907,-10.9311369809335,0
21.2879586228943,5.08742023003336,1
25.5748186451529,-1.39102161142943,0
-13.5969119022026,10.4876792931713,1
18.4486637685269,-13.410400814636,0
12.5015656597379,2.12335568972683,1
-16.0220395142455,-1.79876589409744,1
-12.3597102936869,20.7404289038399,0
31.0564164973334,-7.73511249479596,0
-35.5489254864614,-13.0852325891856,0
14.9231873246306,2.96010643461375,1
-22.1334939924444,-0.742339051553376,1
24.6353510809231,-9.13362852995727,0
-21.4143479562179,-4.17334731591967,1
-30.4271849749174,0.12136893648729,0
9.08244204988255,12.7458221166262,0
-30.110076518516,-17.896197688467,0
22.7286970728124,-13.1346705418632,0
30.6223090655034,-20.9099502936222,0
-14.2490237050133,7.98003563317398,1
-16.599223371899,10.3554377428773,1
-37.4845724636275,-15.4233255879919,0
-0.313753409324285,-8.36427640522546,1
37.1246504689338,-7.39989603106905,0
18.0834971136594,-13.7897307358033,0
-14.3852938782407,8.25523055406833,1
7.63097002668744,2.84378371990333,1
21.4076668262448,1.94510573105664,0
-29.5234825239443,19.0762171425717,0
6.02902599355685,-20.6176385669034,0
28.1482127436907,7.14143481424685,1
14.4229949704454,12.1076097451248,0
-19.5342609299562,6.50963955751594,1
-11.9531088578983,21.328036692466,0
3.45342388613236,20.0211834670468,0
-32.864475355612,11.0328569525693,0
-6.80592162291062,-17.7409844447371,0
-19.9491338105661,-1.36097500649554,1
-0.83800971172073,-17.4174492223457,0
23.2610607109358,-5.62520644963798,0
-9.28355567299041,-18.9298712157101,0
1.36633898256152,18.1166313760046,0
-30.8105604097837,4.39605177252797,0
31.0912346565875,21.1773381788173,0
-22.220074856202,18.1614441573605,0
-8.96309621091974,0.0161797975038525,1
12.1813001535801,-19.9168063759415,0
19.6363709730955,8.53930718922699,0
-24.8467246582007,-18.7425386440572,0
1.32086187448077,1.42385544611584,1
37.6456965350634,5.77751511688842,0
15.7783149008939,15.2537609940467,0
-31.8768851297813,5.4421241154242,0
-34.7085846754922,-18.6681523909103,0
-0.672177213196207,-8.81100441246811,1
-4.0586705471406,16.8620936728395,0
-1.00330899575374,10.2720945187092,0
-25.392274721514,3.9875836634379,1
-10.5901056342035,5.62726228660017,1
28.9348675740422,11.4304901187654,0
18.5707656797112,-11.1161634358125,1
-6.32540013012174,-12.2761834722252,0
30.9589654441193,-9.61408655196539,0
-30.8326775933637,12.2098434245848,0
-24.219204162621,-3.60306730370311,1
33.9406296459233,-17.2320530187545,0
-30.335471678611,-3.77116193993682,0
-8.5091066819603,18.1380502531627,0
-16.018910486101,2.81145448169833,1
-32.4453985793829,12.9593646780238,0
-23.2097915867817,-8.43701850929848,1
-6.27112243615048,-17.7843913257517,0
-15.7375815050606,-18.5134487050327,0
15.3625268961349,2.60637899720173,1
-19.7817984769155,-6.19819867066133,1
34.9206791738084,13.4340383425614,0
-14.784872624659,-19.9535203099891,0
-26.2264251758056,5.62693836687273,1
4.21863986862224,-7.0852380946827,1
22.0813203725296,-21.7232274034639,0
-4.26570568732387,18.5075813017572,0
37.6822228512895,-13.5913742051069,0
-4.81941093964578,4.21985913453727,1
-14.8624708540452,13.3510974029029,1
-19.2652140903253,-12.0113060179537,0
35.0227191257468,15.9432281276199,0
-21.0610471586614,17.3540029815922,0
-7.93370220856653,-10.5901647282244,0
-20.9361339464627,13.3280594653427,1
-17.4781251548224,-6.85157125700163,1
-6.19844759580323,-15.7084855722826,0
37.8279344627726,12.4225377300769,0
31.2383106987393,16.7648148162399,0
3.83244354241884,14.5335575057325,0
7.32152199900489,-5.12022766673123,1
-31.984961812979,-13.3267684733172,0
5.82433884168169,0.53682086568902,1
30.2610957098445,-9.77642604344299,0
-2.78839688828977,-17.4627019009738,0
-7.72187155764446,-13.6510107209108,0
-30.0609552753223,-16.2999284492465,0
11.569965539582,-11.4131677100304,1
37.3692004068737,2.78090829678266,0
13.5335340139703,10.044049566769,1
-5.43570288382732,11.2895794617837,0
11.7649004397667,-15.5382200232237,1
6.74466017398291,-16.6722878879635,0
18.6241731788319,-14.6801618148983,0
10.7061419009022,-2.70895036598909,1
0.279390151733828,-8.93603375160639,1
33.2911521611947,1.87316484580889,0
8.0061121272328,18.6751972279455,0
10.5582048616574,-10.8866655535889,1
15.4019634814775,4.3822222196436,1
27.4321307718916,-11.383005153317,0
-9.14565628184123,-7.07802287148184,0
16.1213391388087,7.23228084945426,1
1.78755309941066,-19.5003318919699,0
-10.3748026516586,21.5238075668908,0
-4.96463364307508,17.7754680465959,0
14.2574192364893,12.9384937965835,0
-20.7593129105329,-18.2691570545762,0
36.4042739778009,18.8417652418944,0
36.1509913753901,2.47201353731664,0
-15.9969511179087,-9.1438480020908,0
-12.2790677094178,-21.4473082905876,0
37.7297945429058,-3.59512517802726,0
21.9617600478288,21.9763482043963,0
22.4140376456376,7.63580145353375,0
10.0600344033545,2.19321712820525,1
23.6702597037987,11.9660119438677,0
-3.94491292773169,-7.93361077379675,0
25.1266299988485,8.32929288915933,0
-28.3735881161784,-5.94712159087369,0
1.00837771494077,-18.77649421861,0
16.4107751788469,18.3870456066796,0
-19.1408771768314,-17.4786249342392,0
2.42442471284185,10.9316548116081,0
-8.95206409681999,12.5088465132245,0
22.9338544659507,-6.46198094494394,0
12.9854186212425,-21.0690862355947,0
36.6972980291947,-21.2774179452841,0
33.1984209757728,-7.08430358377023,0
5.79669890871479,9.70009060863391,1
-31.9058497857134,17.6615200738807,0
-6.5493119997585,-1.15915213829308,1
-24.2557781401103,-19.5473621807338,0
37.6679702296794,-4.05820329928353,0
1.54935077057389,-7.2267432197692,1
29.2814848578764,-8.61946312138025,0
11.2671156287346,-8.95465990161565,1
-2.5647271320335,20.7423978382815,0
-30.7586533472928,3.31290047883219,0
35.5543807659833,-11.5555160654338,0
9.1284671125476,18.1132379985367,0
-26.1437600762815,-20.3384971889111,0
-7.72410312539534,2.50950608036964,1
29.0703758796305,7.67659904556042,1
2.96505793626168,19.0311324798448,0
3.31938124686336,21.4932414791016,0
-4.37360849180459,-14.4149220014415,0
-24.0353582294195,-21.8688495856656,0
-19.0584593665909,-16.5789010943069,0
-16.3315220430158,-14.7714776858968,0
2.24272271600999,3.15354089445143,1
4.54764040857692,2.96639625312936,1
-6.44892816212349,11.3372989797573,0
30.8317044948105,-17.1383110344442,0
-14.8091178581001,10.3566809907641,1
11.3824956425523,1.45808668271918,1
-16.0525720592559,-1.58088382786386,1
-18.6008897710365,4.15476012407539,1
-10.7780836494329,21.2613429119898,0
23.2497308965275,-5.9321746087232,0
2.95841825070713,-9.87992381877568,1
6.84483461779462,-7.56994877087676,1
-20.4332276549843,17.0639827654678,0
-30.2520849513195,12.1337473968066,0
10.992981190043,-11.8062883287977,1
36.4905432299131,6.62718958544764,0
-30.2690961619992,-20.5981621700119,0
-23.7221743179956,20.9050618722368,0
-37.2867127544816,-16.949138072738,0
25.7110588285524,-15.7348870282925,0
-1.41797999249036,9.6420464950411,0
-2.39168386842747,-7.5723388607066,1
31.0497639015344,7.82867836432173,1
-6.29679092205657,-17.5236493408551,0
3.35448845288764,2.6342219682212,1
15.124673500719,-16.5980559180292,1
-31.992180575754,-10.9602018174369,0
0.715605797567271,3.08770884194513,1
-0.995729285751509,-21.6091445904231,0
27.0469015200021,-1.38760817356339,0
8.69476256553229,-9.06205302907578,1
-29.0764407387721,-10.5890174498067,0
8.12234336298534,0.857067856674991,1
-25.5223342202624,0.0468952005209395,1
-7.67405996324989,-19.1594679711275,0
2.45915834697668,-0.667444749085455,1
28.5160379289924,14.0490721453036,0
12.0869261809645,7.02524177805208,1
21.8595600265026,-13.4573325262479,0
-28.4220997036175,20.1902877472243,0
1.89803718295549,19.9731038371253,0
30.3604621508814,17.9034158487146,0
-29.7095846905199,-5.23294765084504,0
10.2274184938258,6.23878362563946,1
-31.8557031374431,14.0938562128768,0
-6.74635277986302,-3.65369951750307,0
16.1601765218496,9.58407626379408,0
-30.3678979278178,14.6213107671606,0
23.5559579453829,7.45344584306356,0
10.473506203803,2.5078842840099,1
30.2532380767968,20.2318784292004,0
9.25841066316897,17.3667062192519,0
-6.48983098619232,-16.4592037640576,0
11.2144169141813,-2.05852327762082,1
-0.815562450293307,-8.65184635841814,1
-30.8745963509796,-16.4137132281903,0
10.4365538098269,-7.90097670473339,1
34.2198754036082,-5.74650039696191,0
-1.79539088910693,15.7101606016271,0
7.81317956798227,-14.0388848286952,1
6.95268401642655,-17.6312137506474,0
-20.8801077294249,-21.2241068094956,0
12.8009130916003,13.1058198258047,0
-26.102069378857,-10.7124507751464,1
20.8431070469466,-6.1674564323941,0
-21.8079941192107,13.5753033942789,1
-25.1466081537519,2.91488166470296,1
17.1572098325453,12.4113496160674,0
-18.5296197120299,-0.536565169821301,1
-25.6297360105487,-2.57110299223438,1
9.55905467934374,-7.13036708297466,1
-18.943191538959,-19.5895993987472,0
-18.0136639650458,8.46307034232744,1
26.138537126356,-21.2202477071392,0
-7.79601714045375,-3.45758880475275,1
-30.0520240785155,16.7805366380887,0
-23.2670731386189,-21.9348587833604,0
-10.4066484080043,0.0309221663847126,1
28.4646050811848,11.2110707065532,0
7.5825371325877,7.72232536195285,1
-18.3833925440367,-14.0315209034662,0
-10.7594995916987,21.8250078166748,0
29.4530456313306,17.2242959885952,0
30.4403247999264,8.62348180216641,0
-3.95563631517888,-17.5116878961334,0
-17.5672893247621,16.3537774460788,1
4.08997788215435,17.9675978768263,0
-24.407582347252,17.8675901036601,0
27.3373713212099,2.95403626267959,0
-20.3698081711388,-4.03751832638236,1
-25.2239996131793,-17.5719280623755,0
-35.9690619460013,1.93059952426316,0
-13.4952532440014,-2.63182534682738,1
4.19250596426941,5.74399093379035,1
24.6641754711735,-12.5622706507068,0
23.1228130897491,6.15162180173798,1
-36.1449754191729,20.6104996810761,0
-9.76557902015925,8.67738115269565,1
-0.617889532834582,16.9032591323899,0
-2.5800296352899,18.780775170085,0
-34.8297511692305,19.5914250990464,0
8.89213872311898,0.786823234719101,1
5.93050194761224,-14.1601660521814,1
-15.2905277376073,14.1668488719771,1
-4.88938060882401,-19.848001745206,0
-27.6158895386343,-16.3171096575559,0
-15.2212215870438,19.0046993719664,0
19.8644824333395,-9.64008803608702,0
-35.3170077240147,19.5402148424869,0
-17.5179992012534,8.11087009462917,1
37.7164068152657,7.66248163638443,0
-4.03211157465527,-5.42523959478907,1
-26.3883496149029,16.1964047583509,0
29.3533418605479,2.57578999989491,0
-35.6150911326402,-8.65157119724907,0
-29.1813446718473,15.3665253501119,0
-18.9350167395007,12.5205108922629,1
19.7352958705427,20.7076290680944,0
30.2715315138745,21.0429356879491,0
-21.0200429503174,4.54377790599649,1
13.1707340934882,-21.3431854814631,0
24.2277214285548,-10.6949396898714,0
34.118665143494,-8.35777727772489,0
28.4479648828154,-11.9992908186693,0
-8.07604101070531,9.79284884147727,1
33.2091360292923,6.56208436082243,0
-4.79592539376755,18.9017004504775,0
-25.6482899339968,1.93582083253252,1
-14.4536139308108,-2.55872190050231,1
13.7643160989138,6.17010736389615,1
32.988178786713,-12.3121338694172,0
34.0015816034273,-19.8218927040692,0
7.53031604240568,-12.7400056932763,1
34.1144346499225,16.0243590989412,0
-7.29461223849112,-17.1229492505838,0
-34.8815342397588,20.4587670816339,0
-15.6692588654419,-4.2388418139128,1
-35.5725990089737,-13.9757553565536,0
27.7029855674688,2.7648638212773,0
-5.12647465464782,-3.8560096979003,1
-30.9465509168999,12.6899596271635,0
-27.5278313125321,-18.6105371246294,0
-19.6101888831796,-20.8013941345171,0
-21.051312749347,15.041485211776,0
27.948243632354,-16.6901032922088,0
20.0774294751389,19.9165134350478,0
-11.8016986369373,4.93548787534856,1
-8.75670631466181,-10.4054004976305,0
7.20975532119378,8.64513380685649,1
2.6691754581504,1.16243863132415,1
-12.6497649421,5.6750829481196,1
26.955875737849,5.30835661625015,0
-17.8110549622368,9.68511404261966,1
32.9794536319623,-20.0120077679104,0
-8.37260650381202,13.4566807596627,0
13.9129710711126,-4.64433493183405,0
-17.0992557756881,-14.7394048646386,0
-35.8752123847358,17.480864346263,0
33.4865996455296,17.2629690156202,0
2.58174481516973,15.1830607530491,0
13.0091706036858,4.26859050015216,1
8.17265924498084,-3.6193508294018,1
19.0663680083938,2.5097031498898,1
36.5804807042445,1.93114559138187,0
17.3028935683886,9.6131698239856,0
27.1564098145895,-5.59721823794003,0
37.3800557372054,-11.4315591691609,0
19.7189905216051,7.42745132099208,0
-26.900882112133,-20.3861223219837,0
-13.2008005403421,-5.03428323964157,1
-35.8122560253454,12.4546451112706,0
14.7858733247493,-6.88686085571902,0
34.8655260686593,2.90478737145251,0
17.4075788197436,-7.9964872390589,0
17.9933197069133,21.6955979180504,0
-24.7295918938212,-20.7977521155935,0
-10.9888744285243,-10.0082993720633,0
5.67335804875607,0.102834257203497,1
-3.04415924397685,-5.73436968056106,1
25.3630841934281,-12.2347328422666,0
23.9737444414136,-4.99916192449989,0
-13.3796674429338,13.3877173189931,1
-2.91197826688678,12.523548670789,0
13.2209005529875,6.83819167756582,1
7.23721198151274,-6.27327149410847,1
-27.7865653311072,-7.08328326685937,0
-36.5186237546897,-19.6812080655125,0
-28.4917576355209,15.9659200793066,0
-21.0310214891315,-18.7505697921337,0
-3.8655506650682,8.1226191131287,0
2.62439808691511,3.23781860615626,1
37.2696387524033,-3.0380955787493,0
16.5183861687065,-0.607586276518248,1
36.4843685010716,7.85518366176811,0
-33.915927365497,-13.0586869282469,0
10.4024381506064,-5.79578269441081,1
34.9890244012302,11.4353063201197,0
-17.4858442838071,-17.3799398433498,0
34.1549668849723,6.12181030933567,0
30.5698037744632,11.2445879405583,0
-23.2067201358517,6.43299167139542,1
17.7803153749993,7.41035216874327,1
-24.7105468534472,4.06060945207307,1
-30.0092800865246,10.5739834164445,0
-14.1274372305414,-1.58046072452356,1
-11.4938097963709,-15.6825222659612,0
-7.67886744877451,-7.97645411630887,0
-16.4222734429077,15.3053461807111,1
-14.142694708241,6.94398485207737,1
16.5892644883646,-4.8858529563299,0
33.793151378051,18.3485759856875,0
-31.3280532401177,1.21452408484893,0
-16.7553856047287,-15.0081735275386,0
7.30809766024228,8.4926368857958,1
24.9610286274286,12.4698667387582,0
21.4435928781924,15.2438035908998,0
4.35014346872713,-1.87913164253851,1
-35.2429943403855,-18.0857645565771,0
12.8722548415804,-16.0325379227337,1
26.5231258782427,3.13798703049845,0
-33.0246925617204,5.43567172733493,0
-10.5818120780263,8.67478412439806,1
-18.3881050994624,-3.70782991344804,1
-5.12266320005213,-15.8957067054327,0
-14.7386109929841,-8.35578784712627,0
35.4607333409549,9.34364110587482,0
-28.125095677304,-12.6521505641413,1
-21.4748520139763,10.2874103433985,1
29.8979274039303,-4.86894892746523,0
9.24966376957014,-21.0714836092149,0
-7.73965933960577,6.63652269525208,1
-10.937207166185,5.91175311724471,1
11.1395549795092,9.61087221573998,1
17.7149331414409,13.2711537152444,0
17.6092831983601,7.95816082730326,1
34.8213408622697,-9.81256274508581,0
-34.5074615821368,6.79616816551468,0
-5.74855096196451,11.6503344980601,0
-37.3146731709457,-9.15309251862195,0
15.4891942388196,14.0136056717556,0
21.347819923466,-18.5802143509159,0
4.92785788017471,17.9907328135942,0
-36.2295620767563,21.8976605938716,0
-37.42514229623,-3.57286348843563,0
37.1616312215871,-10.299948895991,0
-22.6748163492833,-10.561542398996,1
24.5737053899297,-7.03496630855564,0
-10.5677795386705,12.6975473194226,0
-2.94477340822604,6.00669377190027,1
-29.636576473433,10.878311587333,0
21.375885721785,17.7402767111978,0
-3.53828933559127,21.9987129645253,0
-15.4202137429998,20.997258836903,0
-10.7615713842585,-1.05675767176181,1
-1.33486105443191,-0.979670647888913,1
-5.2269139146411,-18.9811990998327,0
15.1105139833967,-8.59176550182156,1
13.305053091215,18.6162217644276,0
-37.4778046227296,8.19159053012163,0
-31.9967810437262,-9.39918683482987,0
-2.99237684891642,-2.90818001105138,1
21.0927573904693,-5.83403347054869,0
24.0740616484709,0.0114898274497968,0
9.98549134744957,-15.0650911299775,1
-10.2694156752707,-2.30666743996609,1
29.4498584802931,18.248647153631,0
-18.9295611856852,-18.0941067979583,0
-32.9749533789273,-5.62659064040136,0
17.2634896099771,-19.6896581172577,0
20.2766124691981,14.1840446692862,0
30.2727536841533,13.4222389091311,0
20.2787333617122,15.0941806638763,0
33.9631421149789,7.12937599413511,0
2.71572540857569,20.2856947188922,0
34.9433392362472,4.30492412677081,0
36.3423132038968,16.6490539455763,0
1.67961471405388,-19.6929752670707,0
26.2473672055922,-20.9796070276597,0
30.2500145098935,-12.9700983721454,0
32.7733830405133,3.42000426763228,0
-3.21938804409618,11.9354186252072,0
19.6962791908858,16.3720118766761,0
33.3484847628695,-18.4422264421205,0
23.613254035916,15.4018183929813,0
32.7097886170697,18.9387394132459,0
-4.03124526482895,1.65549509305543,1
25.3753410031087,-19.6831901515297,0
37.0713654440345,17.0192677962589,0
-9.90740325571518,-14.9666503170685,0
-25.0217091572289,13.01308068443,1
24.5605712225035,-8.47892249147981,0
6.61635268558666,6.70928911040711,1
35.0824837849157,16.4686873812867,0
-0.826171665947797,-15.6031744684931,0
-18.7322686803936,16.2514772474054,0
13.5450336474047,15.9404984525812,0
31.5013754361482,10.8910952067308,0
8.89768404536297,7.37024860648072,1
-13.4900958229244,18.9943093322803,0
-0.721093324500053,-4.70641971752996,1
-7.03339397491214,-2.46086024038399,1
-31.6205886068496,-12.4348290961098,0
6.98892385966599,13.06301358067,0
28.8051763765716,16.2814502752833,0
4.05139746676626,9.95416428965109,0
-15.2401987897365,-16.3213659697959,0
30.1726319917296,-17.8387293450411,0
22.3672792732422,-17.8785850428387,0
20.9617466135252,-13.4133297463708,0
7.52159053207717,-2.53134960374038,1
4.34879775249573,-7.98435276377954,1
-15.2222199627117,6.34570726736055,1
3.62195133686418,10.6162322413965,0
37.3790670395758,-7.35694684188645,0
-1.26061424414247,13.9552161742953,0
14.0428009097163,-10.8699482940297,1
-1.51872082911407,5.00175846271484,1
18.7355788876735,15.6879412796039,0
-21.9318953003918,-14.1211887608109,0
-19.1150087883929,0.199249447297333,1
-30.5642299524887,9.30661232620481,0
15.8589530228824,-11.8439196716232,1
27.0366898651985,13.5469870270894,0
21.9666029941713,3.47151116112493,1
18.4560337817049,21.052243201739,0
-30.0563192430466,17.0865019463354,0
1.58649310415083,11.6093183536634,0
26.3440673639804,16.8634810800506,0
26.1145994494918,-7.64842892837053,0
-9.29120537483636,9.81763452734876,1
-17.3207525288904,-1.61962384696501,1
-28.4769017529767,10.5585282599326,0
14.5427929872955,2.69497950445188,1
4.18996846708189,-3.89070126623284,1
-37.3559583724415,-19.3412862144548,0
-6.3815826551622,0.0168611532935046,1
-4.62701638872829,0.689787564680444,1
21.6114090212716,0.772363994478074,0
25.0798093245434,0.276580439339575,0
6.81008932256167,-3.41754119008947,1
-27.2023730913518,6.81888697727642,0
7.09181716207416,9.71867044019699,1
17.1906527445279,7.3051211831562,1
-5.44309278183909,-0.280324741812525,1
-21.9798037450539,-17.7707534234081,0
-17.8307956012756,13.6399076311991,0
37.4819653961625,-4.6007833400496,0
-1.46251591749043,-5.62751837938076,1
24.9090100216997,-8.14731266130074,0
7.84610820253892,-3.96425170329198,1
24.155967761173,0.67645644294079,0
34.6215849607023,-9.55951909121831,0
11.4287426976909,-1.10526985115138,1
9.70119831657909,-20.7414867875268,0
11.1388131791276,-15.8935735006679,1
-33.2778822194293,-16.7709260240413,0
33.3029450867873,0.484197852570521,0
30.3024492571756,19.3121022885385,0
14.8092963830328,-6.30617366481938,0
-14.409130986564,19.4569268329895,0
-11.8905339720922,-8.59652227261862,0
-32.2065623217362,-12.1038920278457,0
1.50760748531556,-17.2122546362464,0
8.26707643164981,4.59104168915018,1
17.2641569930188,2.44341288915573,1
-37.9943810481439,4.60849910364797,0
-25.0977635714739,12.8777525040112,1
-2.78988220396882,-21.0793229240261,0
-10.4992365033444,21.5041486341634,0
34.3569867059798,-18.1774273753606,0
32.8466952989622,17.6209009738769,0
34.8132182207182,-11.5237193502462,0
-22.3030800489736,13.607614735484,1
-25.8627442119984,5.06408388335112,1
5.45380309430196,-9.71473722701985,1
7.06185855767087,6.63995131548202,1
15.0944169901723,17.0228421718691,0
-14.7581767298413,-5.24184976917542,1
-8.06729807804648,16.217735746392,0
-12.3966772175318,18.1676874835027,0
-28.1965288642069,18.0887295958428,0
-31.3928369358523,16.7416751766932,0
3.71969450925901,-12.497448907147,1
-13.852273369297,-21.3749090414987,0
37.448815780233,-17.9514338967216,0
16.9909592615338,9.65204522003933,0
5.47970564804005,-8.43121318554627,1
16.5092650440438,-12.6247543842525,1
36.2185013043135,-16.8457810438616,0
-5.54871757445841,-6.01464115693672,0
31.3890466004858,-7.3562064319757,0
30.1956553253698,4.7865848035662,0
25.4773711281694,-21.5198849857552,0
-34.3551789726314,-18.1045139382363,0
-10.6946767245974,2.41899107019718,1
-15.5227038957317,20.5984181354341,0
9.81354698557241,11.6355576319088,0
-27.6500310716408,-6.66360981604634,0
-9.57251910278433,18.3918011313079,0
27.7234090639465,19.669483687678,0
-18.9792070124469,-7.3781106219188,1
-35.7575760267758,-10.8851422863144,0
37.9581218256687,-2.25759260979535,0
7.9908433062534,10.5684124124493,1
-19.4411707336706,-17.7255020413175,0
-4.69715936192567,12.4039600570732,0
17.8671111030821,-10.0901234740782,1
4.4071710101046,-16.3409581452375,0
-4.68620639544972,19.7624833989834,0
7.86917403522919,14.0222931816393,0
-24.2440901072559,-16.4337382933839,0
23.467746571341,10.1693076664002,0
24.2484406662098,-11.4791074683092,0
-0.970085408315676,-17.0882154852137,0
19.3838301968329,-11.8451806930224,0
-7.26768751193423,13.9673325015813,0
17.1513991319267,-13.3325449464004,1
-26.2953479125584,16.6444299796912,0
0.689569206273887,11.4553500282759,0
12.7707051090542,16.5142489676282,0
-26.4042503792566,-20.8138247540126,0
-33.2351029197724,-11.556799986203,0
-12.3792689038442,-3.95472266135222,1
-4.10825748400324,-3.89192932460291,1
19.5812835271884,-11.5466553230697,0
-28.0794479996762,16.542151961516,0
30.5148995184083,-18.0802374248524,0
-21.2542937259672,7.29686909377186,1
-9.23014395678949,-11.1067443197929,0
-5.87055248362618,-17.0593994055636,0
35.9241512067698,4.52677617589394,0
-24.5467806936232,20.6419884997519,0
29.0530148094036,10.8156170300735,0
3.89555863746051,-17.0661203179053,0
-13.5666150131773,-14.271262217013,0
30.3882656925341,-7.76603218835931,0
3.20049074845399,-18.1776808402524,0
-2.82041652995757,11.6655120482947,0
23.4060945221087,0.672114187174756,0
-10.577813645807,-14.6402342486814,0
35.7962264655292,3.54963131828569,0
4.21931665675966,-12.5991130059462,1
20.5062974110282,-15.152767000418,0
13.6891974537922,4.36682932416481,1
-22.404834122453,-9.1733980813684,1
25.4313429138272,-0.669540033558739,0
27.7754942594308,-13.1665884401592,0
-34.8444205152359,-17.6425576546863,0
8.67866992141639,-8.51839553716069,1
-17.2307024253222,-13.0811077027102,0
18.7497257013626,15.2667685019892,0
-0.921732047292025,8.71654576198013,0
22.220537533718,-6.72371619510575,0
1.85918008956582,7.0668654943027,0
7.41087593626138,-5.08725563705772,1
-21.2777050199567,1.9645278132982,1
-10.3345364895116,-15.8283288249266,0
-15.4096056671191,7.17845945194828,1
26.7228858420395,-1.31611902158609,0
36.0004091890888,-2.70672755526132,0
9.39524191390376,12.290984007502,0
29.8132186989425,-17.1924228048713,0
36.5486058298613,8.56905383212329,0
11.1704119640765,-19.33357279306,0
22.7102066199781,3.59612746502324,1
-7.22954226448853,-5.53637022641392,0
-1.34030322219444,-6.19944151750385,1
-33.1441806938911,9.56710518204562,0
23.0225683422164,8.70764640007093,0
-11.3186040897357,12.9782324922078,1
26.5447062140262,3.73730967180606,0
37.3773484450799,-1.97834111549891,0
-1.19137946079758,-13.6894289957818,0
-10.9162907528236,-14.7122326771578,0
-33.8677975369676,16.6068965105856,0
31.4698565616271,-3.17008348710534,0
15.5776243436728,-3.86899701586399,0
-4.70564603130681,0.0169145387615011,1
35.5762859225351,2.41176781546016,0
17.0103836998812,-3.24772630860858,1
11.9170513837233,12.9217046125273,0
1.12264075934055,-3.59888396919161,1
28.6562755694943,-12.3511173135839,0
-33.4267637872243,6.64452380347754,0
-2.16769882835754,18.9558925091803,0
-14.3627403806974,-13.1933433267202,0
-23.2033265485843,12.9335814664554,1
-26.5202350459678,-4.8011303167121,0
30.5079507771097,0.0810166866317381,0
-32.62996955352,18.1871509048369,0
34.8374664885153,-4.15834905748774,0
15.1916202079014,6.14573625736296,1
-37.0872655444839,-4.37225686249329,0
-37.6290896517481,-14.0957034996481,0
26.850146239186,16.1202554143036,0
-2.48612914134294,17.1248777322803,0
25.5906180747141,0.400017946887392,0
-21.2325146768241,-11.9530319392538,0
23.2529981103451,18.8081660536892,0
-19.1079625036908,-13.1677759284701,0
37.8687184745946,7.55136412791823,0
33.2802197612978,-1.30586530080429,0
4.10068285475925,15.0705469582744,0
31.3650042620531,-20.8799315639514,0
10.2972351532226,-2.13901775897172,1
21.2872756590654,-3.56836212153314,1
5.10858147022266,-19.9351884153033,0
-23.4261133136196,18.7425385661063,0
30.8748731950576,20.3821114396924,0
1.12908775395884,-11.5893100937527,1
37.9221996385965,-5.61747762485673,0
-9.32302142603504,7.01822944701923,1
-22.3354896630772,-8.5431462506679,1
17.4759494070784,18.9831080741023,0
-14.178888828977,-13.7316408083209,0
-29.063849650788,9.34577514843855,0
29.5340250658391,-17.4324908980893,0
14.6773402497602,-8.25796936079195,1
33.4324107557143,12.7539544114666,0
-6.29528390237386,-15.6432829270376,0
23.9985846151302,-8.15699098644935,0
23.1680441806907,11.7199393063789,0
-10.6092749465028,-8.81728283545252,0
31.4498748610952,6.04877202722299,0
-16.0879967296387,9.97868193232487,1
-25.4598584938736,9.26311176992362,1
-3.35444922781041,7.25940836402792,1
-19.545884026361,-6.84275520019907,1
-37.8539240059392,10.8852576769429,0
8.76605861000706,12.2575720542196,0
12.2533174106178,7.79396064212231,1
12.1855685350632,-13.8567927842597,1
13.7161131041114,-8.57778767136141,1
26.6493751337863,-8.18484024931646,0
-35.16410039925,21.9233367198783,0
13.7389148960408,12.5747964437383,0
5.40645769171508,8.82037546733156,1
14.4563229262968,14.7040279057898,0
30.0630496870401,-5.9114897712726,0
-17.7184657754902,14.5062823408896,0
-32.7898497640161,11.7337342264686,0
-14.1662888419866,6.47897455469235,1
21.9776432023733,-20.6403593298604,0
-0.126173446930608,21.9797063238214,0
-4.78551169186324,12.1801614387629,0
-25.2011669194497,-7.59183723732197,1
-17.8932365732475,-20.1174768448649,0
13.9750003349339,-1.67303394433585,1
24.0644428964139,3.20571680713224,0
15.6195952338639,1.19740729698133,1
5.8169558514415,-10.7672446073109,1
37.5487494649845,13.6255213441431,0
-2.94931148845975,11.2175461573854,0
-0.505152999891067,9.16677604325437,0
-17.1790637586558,14.12528541614,0
11.7878193920811,-7.34551977848578,1
-7.0636609769017,-0.503149903870238,1
-15.2028014890064,21.1643495815259,0
8.01310347284909,19.5794304069256,0
22.1291686746989,-15.2891446118205,0
35.7879111588117,21.7644680940004,0
20.7771708760622,5.58828551096095,1
7.59860993625686,-18.3883567741583,0
-3.87078390838631,-2.38476511189801,1
-26.3360694677287,-8.53335262067676,1
-21.9462917617022,-2.25746150986561,1
15.2265271380696,-10.0160289193445,1
34.6698461470115,-11.4918844436924,0
10.2956185315643,20.0990292432275,0
29.7366082650317,14.9706531567808,0
-21.5623389589481,16.8131361961587,0
13.9493216153478,18.7753623991089,0
-14.0555449252758,19.9445781374552,0
-36.0706198995592,-19.2490626858356,0
24.3389268921632,17.9423267547662,0
-5.11717886675174,16.2170943670786,0
-31.2582974435668,-21.5137555790689,0
33.0663833504651,-11.398075143347,0
-8.30096198384761,18.9190868789839,0
6.68280513058375,-1.75227691062264,1
-19.7724684569419,-2.2991064652135,1
11.6709403573697,-18.8525338427725,0
-10.1435312442777,0.128065845121128,1
-1.42500512183447,-5.24588381489884,1
-7.47189710886169,-6.63727088550812,0
-12.631386644407,-21.7108465608031,0
-17.6635120007394,11.8684538634273,1
20.3560652366054,20.7128844462953,0
-19.730974160041,-5.91531899421593,1
35.057064280332,-2.86727728908002,0
32.1898958655055,16.3193642048623,0
-17.1572346115476,-18.012866333023,0
-21.0307974540404,20.1845578746761,0
-18.8386092209555,1.05009444677715,1
-19.2285000573848,-7.58015846818139,1
-19.7921953480798,-0.39570319087435,1
-5.45292697883618,9.2026763065873,0
24.7703674050275,-13.5986647562128,0
8.90615434375832,2.7491844762063,1
-23.2655454271964,5.17797336437582,1
23.4141899941805,-15.3083740455118,0
36.9081987633754,19.9134682308665,0
-26.7062139192298,-12.7624597045843,0
26.8303414111313,16.560356683672,0
-19.8662517669672,-11.7732075107556,0
-6.31251814117822,-1.8181297059408,1
-13.4976074216235,17.8078257269471,0
-5.01306341630807,3.8044435248894,1
-13.1157979157635,-20.2480570941255,0
-30.4783725195762,-9.79480293000186,0
13.0092543872009,-10.9395959650044,1
-34.2487391187486,-12.5462139274804,0
-22.7243127042758,7.74981634381479,1
-0.0655935276890602,2.34590180977711,1
-17.0681318336538,-13.0773538340901,0
-6.11010188012692,21.3888594171839,0
7.37145903086842,-20.7481678221933,0
-34.2649868830635,6.62567884319663,0
29.3876367253365,-17.7220143569149,0
27.2307366878976,-5.15862112770191,0
-31.5353221964626,-7.72941874089892,0
-24.5163252348926,-18.0582547446158,0
-36.9817124189419,-10.0888286692646,0
6.83889313887823,17.5046471373608,0
15.7975115060539,7.78942058587872,1
19.6781145117586,-0.0792316505430151,1
-21.738181678831,-1.72687664348321,1
35.4287124316075,2.2341261918553,0
-1.18643809583432,-7.45023374621974,1
-33.25242431816,-13.7930206913272,0
-24.4371009683953,-16.933328371521,0
-12.2919828873218,3.77938046245657,1
28.9166468242918,-5.96910540278937,0
-34.7532383626196,-18.685562031433,0
-10.9890363522516,-7.45350976742547,0
10.6961886786258,4.14147711606549,1
24.9191617682137,0.0810238961050906,0
-34.608650892158,12.3771840884987,0
22.1027481968032,14.2294170519855,0
-34.112549757183,17.477522406875,0
-15.4716355725585,3.06155110948183,1
-17.3171790265955,-20.2401370305528,0
31.4224896719443,20.1294073903285,0
8.01549924815978,17.5731322658122,0
0.168526299702812,-15.2969446246538,0
17.9816341027873,7.31166036528844,1
-29.4786391099909,-19.4624562791845,0
29.2212312335996,16.1950421005282,0
2.24585132846113,3.00506893599247,1
-37.5824619579841,-8.31757634791015,0
-25.6220385349852,-17.4515756090797,0
-18.0632200062645,-19.6594908567789,0
-35.0458928924399,20.6830880103726,0
13.8368997984041,-17.8559943731012,1
-35.8570687277011,6.85976426830173,0
-0.0038602459300705,-5.68403570756273,1
-1.46718497347981,2.57309581755545,1
-16.8318072950577,15.3732634427231,1
6.87737014901106,13.0259035944222,0
-16.1563879336661,9.82309150686529,1
31.915920242039,3.13495239387736,0
-37.5391477830679,-5.05442649584399,0
4.90430874864155,16.5963443018779,0
-9.97938358248126,10.8481698446181,1
-9.77658244195272,-19.0248745053279,0
-36.3892315840386,-20.1852317555857,0
14.2310488450824,15.4727715190816,0
4.14684453222645,3.82709764745422,1
20.1731200960533,7.08439270524098,1
22.1417609274142,3.87104940779777,1
-19.2613745977296,-10.6646694268083,0
-22.8146945143233,7.94146637824381,1
-10.1126315785341,17.3908835945452,0
16.6874738812219,-5.23032412135456,0
-28.4722735938526,-8.16907331780272,0
-5.32803807560848,-15.0591670601994,0
-36.7571350092881,7.52039533532674,0
-32.6024679759682,1.3956085916334,0
15.9832637910571,13.6811877896284,0
23.0240344816307,0.657137271855508,0
31.1749432442366,-13.7023017782149,0
31.3214008407716,12.2546899169233,0
9.84474947711516,17.8178665333589,0
-28.0064715982775,2.80294803630173,0
-33.2776254468758,4.38969577827505,0
21.0933307154462,5.27608598472958,1
18.4033628662257,6.62363997365737,1
9.57062175650005,-16.1935119557898,1
17.411347427445,-10.9319844754344,1
-22.5709086732373,8.3982634739067,1
22.4196052903772,-5.22452193855977,0
36.0674089172608,2.60627772603643,0
-6.069043806563,-13.3157413612154,0
-19.325235161459,12.5305589572132,1
-1.51072723885651,5.301649184912,1
12.8419041580927,-11.8955698226154,1
26.7805598234857,-18.0773756941952,0
33.844519103707,21.2021136115749,0
-28.2163479858306,6.47357008177372,0
14.9450392378868,9.92665895764886,0
-31.9136049791075,5.05032932058985,0
-30.1292385117932,20.9578083475778,0
-28.0289243678614,-10.9687136191063,1
1.14421033057553,-9.63256683443716,1
-1.38463759516198,2.20880334803163,1
-4.11286139309109,20.0530403362563,0
22.6614447121274,-10.919348997324,0
2.19930676253221,1.6807295633763,1
12.8321235326145,3.64497409090898,1
-1.26634335617035,-0.71824259675757,1
-12.715787624111,-0.816074575558538,1
-18.3310743597398,-9.17118043146352,0
36.0014058807507,-14.0096583771543,0
-17.9086175920327,-11.7589767551397,0
22.035504591182,-0.512703669429605,0
-0.222761992078077,7.23849048472217,0
-13.6203198546488,-20.1504510603404,0
8.8374919556606,19.8228288008013,0
-37.4760446076926,-2.38890679443303,0
-33.217042320434,-3.06257665253898,0
31.9218975523774,10.893324553075,0
30.868440779301,-11.2170893382965,0
25.1968215235269,10.6849145128762,0
31.4392751894594,-9.47658110825114,0
13.6159813709758,-19.2990660939059,0
21.0564534698344,4.9616580283411,1
14.7187639257746,-5.34371954075635,0
-22.8869082947737,14.0252660872256,1
-3.61849174277761,-19.7683697091383,0
21.9553929162719,16.8401246831008,0
-37.8537344559786,-18.4323207876883,0
4.22389738884608,14.7962880821009,0
-5.0731297145873,8.6548542331309,1
-33.5603881130069,4.5469315828207,0
-4.41105145709891,0.603532957448426,1
25.8091195887413,-11.0967037768982,0
8.98750740966792,8.98579677645406,1
18.361148330531,2.05585725710206,1
33.1084425153525,16.7898147209769,0
-13.2764388899789,-16.0795450366069,0
18.6953497405345,16.2281848971705,0
28.3402650297776,21.1590048167826,0
-5.07027090889668,-5.72083001379473,0
1.63853434665035,-13.4445088502448,0
11.6021037205982,-0.709890871207101,1
-2.35512922959185,-2.7251262105803,1
-24.0692516785356,-14.9779826375215,0
-20.8238337300505,18.6339551724672,0
-6.69138780627416,-3.52459340238433,0
-36.8378302173677,7.00754812288707,0
19.0509511503936,-3.54029205871457,1
-33.278620317935,19.1615015188064,0
-5.19198803990915,9.34545518663074,0
3.25123135050848,19.912788209668,0
8.37128982538085,18.2762502963331,0
-4.84620285137623,-13.9621935373028,0
-31.8387895996733,7.41508622318312,0
-16.4192499105746,-17.752867134731,0
-32.4347628694224,21.3039774405022,0
17.4782939257285,10.722359163544,0
-11.6754921771727,-12.6122457109388,0
11.5676005111132,5.16516542172458,1
-1.38643367240398,-7.23367092242786,1
-8.92288349450334,5.83472680978657,1
-13.1566761443032,0.693303408227081,1
-30.1689662725487,12.624401257603,0
-9.84865917267305,0.114844328577956,1
-9.31444299059221,-14.7604057572296,0
-1.3833276209638,0.328337313189245,1
22.4670867786819,14.2037946489905,0
14.5459209089819,-3.13196099713999,0
26.5840474976108,-15.061855193929,0
0.933471968136004,7.69522216172105,0
26.9825390412373,-9.82824602730608,0
-2.62644244627598,-5.50941463433644,1
-17.8715065699681,-4.54100968740734,1
9.84080024347814,-16.1868885509049,1
4.7677930395859,20.5139313720203,0
3.1278915410113,20.2909952222889,0
-8.10833061179597,-21.38354856566,0
-6.04485978375224,0.412064613511308,1
-27.5787296921842,-13.4161210616008,0
-15.794481234363,15.5328890535518,1
-37.4434357979688,15.5268587046578,0
32.8852930830145,3.2690537632543,0
8.30364912238626,-8.05392200955356,1
29.7802727307972,-4.98282858855841,0
-6.01731213827676,11.6515463354447,0
-7.58621785496452,7.93910159271722,1
4.09899296563575,-16.4866458153524,0
7.31571730705875,5.27281435427726,1
0.477190403979129,8.25730215398391,0
6.62793168560876,11.4523679772684,0
-27.9055518515791,-12.0060924634733,1
19.8814466914769,-12.1310567151633,0
11.4869057645367,-21.3392959537086,0
-11.3171700220649,3.75452065791242,1
-14.2426752839425,10.24204147831,1
-17.1569600280487,16.0404251408566,1
-26.6356639386438,-18.530838287972,0
-12.5897285685916,-2.96542931358396,1
25.3105878574393,13.4107284082465,0
-20.2482421613837,0.420897475209088,1
-32.7376868070192,-4.18030803286091,0
-0.400735021375517,-1.50942396619398,1
-28.716497986716,-5.7828439046054,0
-7.40078384193861,2.72950316200024,1
-31.0677199633099,2.30351614337831,0
16.7616540671719,-13.96452656461,1
-11.9819389397646,7.60799092310035,1
5.03917134150884,6.26533731140201,1
11.7429402025508,13.9172156418476,0
11.5900876870322,-10.341370668004,1
15.265109980863,13.1633695526727,0
-15.1160590121856,-8.29668095058414,0
-31.5047501215149,9.47248117059059,0
10.1411135883319,18.1833657121159,0
-17.7509692337785,8.95669341553035,1
29.9631352239864,-18.1768224921221,0
-15.1795582545588,0.344868335824927,1
16.3443263019629,12.1520019242977,0
-12.8932241909849,0.143018693832314,1
-10.2696322883651,-19.4245129191103,0
7.01845652502039,7.39181286442257,1
30.7940955819323,-3.9741535137315,0
-17.8958082485213,-21.9538782537603,0
34.1867669504183,7.66831547875257,0
18.1434024291268,-1.69917036427004,1
-37.6609527487955,20.1370858438625,0
26.6559937307722,-4.99044476336312,0
14.8634862780848,-10.5522544703985,1
4.74484130717896,-12.8445257402594,1
-12.3335753828578,5.92464395891878,1
-12.7072495534546,-6.40903002918019,0
-32.123468137709,-16.0437088138093,0
-3.16912924002033,-12.4640124012098,0
11.9464450508463,4.66809571491162,1
5.46849225784131,-2.47272641346416,1
-7.43974306679585,-0.861208499898027,1
33.0372888756023,17.0278322291112,0
-10.5993983984479,-21.445632092918,0
34.02626468049,3.45361574879606,0
-35.710608000918,-19.0766676535954,0
-4.47665326113955,-9.13232577472144,0
15.2538953901753,-0.571570150390613,1
15.4274540535578,-14.2462807833582,1
0.772658054399656,-0.173634504939344,1
8.53053541193135,5.36119953544797,1
18.724039740038,10.2069347534575,0
22.9091063900082,21.4656537269223,0
-12.4089016181791,-4.31018247599693,1
4.87106846319816,16.9206989133998,0
27.0002213514039,-13.6240409958166,0
6.77605385187876,7.33904062997884,1
0.626330950192084,-0.466868306268264,1
26.8607180127838,-1.32512838219485,0
13.9686739967682,-5.06621166590074,0
-29.9182925399779,-15.512525197229,0
0.148719027335403,13.9578175793578,0
-36.5433334265387,-17.1463997938982,0
-4.36168687775731,13.8835591276548,0
30.9453327601552,14.0976940980783,0
-34.6051085856315,-10.1988009004321,0
33.8345011247268,-17.7406018008629,0
-24.2910926635117,2.50720740762112,1
-9.88698090113049,14.5878099585116,0
-22.4018297412087,7.78671538738117,1
-30.7354757920484,-10.7720590850716,0
-5.11168895528999,-9.96793246108703,0
-16.9053684645099,-9.82066522941922,0
-30.3347760487679,9.95692484274493,0
-0.0820454610730152,10.9996098077383,0
-19.8334104120691,-6.51838184082893,1
-11.4302988300112,19.9641293282177,0
4.42793406235035,19.8710500228757,0
3.65308524088353,4.39688114282196,1
-5.98318127883211,9.53048174768272,0
-8.70202537635883,17.4590063904608,0
-9.06955278234077,-16.9738043293802,0
-16.6646444217754,-2.86698851249919,1
-24.3266587969467,15.1513181141984,0
-28.3264141158428,5.70686583488231,0
-36.807542939659,14.0909167470471,0
19.2346856661737,-18.7800452283978,0
0.376594269147319,21.109630922051,0
16.8803782233559,9.66875909993946,0
19.8436611844507,20.5264947280369,0
-17.5598851520225,-6.68953973495348,1
-23.2847293180486,4.30888400842662,1
-33.1246919930999,-0.738150281233366,0
-5.67155187938201,14.5524785150635,0
15.3631711691972,-18.858546013644,0
36.2763690312549,-1.57201095343678,0
3.92028763230095,-12.8290797017968,1
-34.6706849745631,8.74633380725892,0
6.24330658731145,10.2053149276964,1
-16.8434441461734,-18.4595935691694,0
3.2067629242951,-4.45309709112966,1
-4.30761210344672,18.5908341150433,0
-29.0923873082418,-2.79548068699945,0
-9.12446722456227,-11.5580470060517,0
20.1272992693063,-11.9312559229975,0
31.7959901752697,-10.0596299895271,0
14.6451282278138,13.6428184633415,0
35.7674425385325,-2.46693785053759,0
-28.4114625404523,18.0463725415655,0
11.1274552996661,-2.40830532390456,1
-8.59940338909782,-3.77922367360267,1
4.73818888026855,3.97691360942536,1
-22.925355671018,-2.4681901879065,1
-8.06160004246058,-18.7870870473841,0
-12.1415881914976,-2.27294708740683,1
-10.9076894850745,17.9392064481514,0
-9.64896838803808,0.0519143946436813,1
-29.2323184253631,-14.6903862740536,0
0.0919416217063116,-13.5341233883068,0
24.0853743661792,1.25361126964899,0
-11.8934684424338,18.224993306588,0
-0.111249047357958,-20.4246638823871,0
-29.0301773206377,-14.7931728675167,0
5.73926717312851,-15.1425150853118,0
1.17528267159243,-0.510136786919087,1
-10.998972306467,-5.23512143854792,1
27.6145187809541,11.9241774354575,0
-11.8548614350943,-15.7990162366552,0
-3.2770150120441,7.49431992393835,0
-19.9052427054183,3.30479876524869,1
20.6083940961915,14.0366660150108,0
-17.2212563370142,4.72094400250591,1
1.90016058553421,10.1536560798744,0
2.36462283907969,10.7258282677892,0
28.3771981733734,5.24735665343635,0
33.2585905633885,-11.0850793187362,0
-34.297471519682,-15.627645952632,0
36.3922134464979,-0.633054102428581,0
10.0567656528402,-5.06986269796231,1
-32.4798302688399,-19.9037632051019,0
-21.9013751039609,-20.5390443397139,0
-10.6485710250957,5.77203203874745,1
-5.57222271391602,-8.38467432220773,0
19.6190484716372,-13.7412638620338,0
31.5970582688069,11.6975632745798,0
9.86025137385407,4.87417932852233,1
34.6490925561255,9.678757415478,0
19.3890012218977,4.13892248586149,1
1.98444911091148,9.80314942530104,0
26.6084358427333,17.9867607977099,0
24.0183502862925,-16.4085540563604,0
-27.9580842107453,11.4407086100896,0
19.8150368102812,-18.099795799382,0
8.90966757639437,8.03934784385219,1
-7.77881138146472,18.0008857598422,0
25.9366707831061,-15.2160492130129,0
-35.0877022575293,19.3260345556084,0
-30.6883494689451,19.4265298081115,0
34.0557699546556,-2.79499506352699,0
-7.90281329550133,-11.1802672599308,0
2.45191943313387,-18.8559548704886,0
30.6768283913019,15.5647558463516,0
-12.1573216731069,4.16850802791986,1
12.4560690140162,3.33539822404903,1
17.2794409421673,-6.51246322428065,0
-21.0509663578411,16.0435661312445,0
4.21450642142395,-19.0196551383795,0
-3.40231707334019,-13.1534444300082,0
8.38010488645459,17.9644762035835,0
3.34324289431587,-13.52510680333,0
1.39508176248277,-16.229859339705,0
-16.2603712284838,12.1020657123502,1
28.8052284123245,9.40089137437389,0
33.1772708099041,-1.36172849002318,0
23.271905428532,-6.28215835032253,0
35.65045446062,-16.0560345974786,0
1.84185408747817,-17.066738192231,0
-29.4219609313353,-0.764227745677069,0
11.4178173535179,18.7396539946543,0
-23.4926664503245,-12.0493042668187,0
27.1271234805332,-18.0633509493394,0
33.6568335071127,0.311154202695121,0
-30.1380356213261,-8.75750388709303,0
-15.470640013644,12.0982093665873,1
22.7265863252419,-21.6755127587694,0
-4.42967829888481,-10.9500142896512,0
-0.568437329449075,7.2693454369184,0
-35.7567709013592,-13.373436783455,0
5.52089728902751,21.7192051089127,0
5.50712464001313,11.2720160175416,0
18.3685440125651,-7.5474289164087,0
-32.1779772157536,1.81348810605412,0
21.8246514194791,-0.952720990003431,0
-23.2943803814401,-12.4621278805046,0
2.35050551845293,12.9140825583201,0
32.2338633852205,6.08142924654042,0
36.9402913340599,11.6411011666357,0
36.1222982497082,10.5515876806142,0
-14.8375670013154,-16.4047677128345,0
19.2765189618436,8.09711313572313,0
-22.3170112452358,10.880454431433,1
27.464934204764,-6.24427428502129,0
11.9961564020641,-13.612908487441,1
-30.2323625446136,3.27305153899344,0
6.11532508223844,-10.4566176714186,1
35.2251093234592,-4.76384782365313,0
26.2103213346551,-7.87415647976751,0
19.236124303077,-10.1137009530736,0
15.4317857337387,-21.7933217981596,0
-19.2566026746002,-8.23441977594631,1
-34.9644463502546,7.08803592347392,0
-2.87939824548605,0.304610724124188,1
-29.079590285028,16.6378235027457,0
-25.7168819294173,-18.6511932264181,0
-6.09855617167347,20.433310130211,0
12.6247668822927,-16.1518641980658,1
35.9597340077742,4.26565057459239,0
-16.7465668262837,-5.33935848206684,1
2.38586534300986,-4.48230908451961,1
32.7326419788902,12.6832120201672,0
-25.3336571242832,1.6865049925231,1
21.982979725935,-2.05053192851938,0
-30.1746335865215,-21.373883739842,0
29.1553248580601,-7.99714255284485,0
1.69005859306868,-9.98739214300869,1
36.0336076420927,-4.31574510131944,0
19.46391878031,-11.880398874921,0
16.9153255895087,8.0711007510254,1
-37.8023096910226,-5.96205432041452,0
-22.3733567219558,-13.5228169634911,0
-18.2119416608278,-16.6948329354319,0
-31.9234425366717,6.67625158138715,0
17.8849077371149,-8.26875584502542,0
24.5214513040119,-18.90778807112,0
-11.9023116412173,6.59818038201283,1
-27.6535044443172,15.3515215657036,0
12.6075964458225,-17.5414918639111,1
25.1135265796747,-6.93615748300528,0
13.1951861437696,-12.6882670934599,1
-27.4011085578939,-17.9869467626453,0
-9.20915682000552,-10.884843545177,0
13.5555835293493,-12.8909197184426,1
1.21030702162331,5.10637415360728,1
36.3322084686778,17.2413443599969,0
-17.6529229021615,9.52212247114634,1
27.8851980494035,16.0697028068174,0
-9.59462999730172,14.8829456795009,0
-27.6160939450107,-21.139034287121,0
-31.7154425063861,-7.42532741851447,0
18.1506001988002,-19.5248503090179,0
-9.72284686493202,7.59640267237057,1
-9.08076118676267,-11.5244486619936,0
-15.0347938719782,-1.10287422587731,1
-15.616069102746,-19.5763290608364,0
-18.2541690223593,14.9811592598946,0
-2.77589882866869,4.39449816860599,1
37.0767728275698,-9.70406127595746,0
-8.73423321369026,20.4619139942876,0
33.6857996870811,-18.139709107237,0
-25.3079089197382,-19.9364409768341,0
32.3003084970841,5.17550023870311,0
19.3296399360283,20.6142250880493,0
27.1015571903184,-16.4413670601061,0
7.78137526973153,-5.65819964332022,1
-29.8401215606929,-9.95864864967753,0
-3.38410845163323,-16.3186353980664,0
11.7488179970699,-5.01658664563678,0
-33.6274828205791,-8.21949516036876,0
-36.3840213596854,15.6032191853542,0
-15.9750677475871,12.8987995091702,0
32.7923911767563,5.44455689429788,0
1.06547116670092,2.29322761229161,1
28.522680707985,-11.5970154372088,0
-9.26443711342372,-11.5619166123965,0
29.2228754852659,-8.54541768780876,0
2.64281413125988,-12.159812502848,1
29.8378078829024,-14.9187892798103,0
-30.189979572941,17.1802073767847,0
-21.8845167061238,12.1506608145813,1
15.3220362029533,16.695528557365,0
-10.5373369515358,13.222114562706,0
-37.8939256821885,-18.3300795033215,0
-8.79256617112002,-14.8281799528746,0
-13.669138658113,-20.8484205482593,0
-8.10575092300692,-7.81382654065448,0
-24.2249070310025,-12.9933448968618,0
-22.0873692001645,1.20554213848959,1
7.12307210501477,-20.5078691456994,0
7.17944303145782,-15.067160514375,1
-24.8922586129582,4.57074946683233,1
32.9081190652925,3.48509631403754,0
-33.7275255382528,1.77546009550731,0
-22.6689652275414,20.0730595474136,0
0.627156938214448,5.75924686813851,0
19.7003293285826,4.40477522911411,1
-26.9000410233963,-19.8901431898293,0
32.7615469502912,-12.0708907146483,0
-5.93194702775389,-6.23645500723785,0
-33.706095958331,10.3815057372472,0
13.2392333522374,1.23123566240171,1
-16.7345363473555,9.22380028440025,1
21.2866152877417,-0.191947311970285,0
35.1759324188564,12.9389650878436,0
14.3066075856132,-12.9035256330394,1
-0.119885424458623,19.4413484902815,0
-30.4735330361596,6.88124179980804,0
-16.1309052042524,-11.2926962138243,0
2.89653349284352,-9.70306040606201,1
-37.1389160948396,-17.8428471999983,0
-16.5038951722871,7.9353474353473,1
6.80741809136138,18.9663981322132,0
-24.9243434975036,3.20491886737781,1
-25.0725394349809,18.0723771514712,0
13.4020523297906,6.06859273955334,1
5.28917674890685,20.7733304887901,0
3.92695809023961,6.04353334061133,1
35.5255148266101,13.2360867550184,0
9.76006455679004,16.6918125912806,0
-13.3342214688418,20.0986751727812,0
1.59719250593533,-8.33434620248229,1
27.7351873826534,4.59470879869125,0
37.5522258437779,-9.93368827175169,0
25.7251054907121,-18.7860917309107,0
-11.5978167570883,-15.6095197189821,0
18.9551508638113,-7.6772959369188,0
33.3953752880776,2.29349120730511,0
12.7742197432447,-14.1831739536173,1
-1.42859347905272,2.46003977262334,1
-16.2516061478896,7.24567038954942,1
7.23184122553785,1.92565241078827,1
-12.4330569947522,16.6336912200732,0
34.9258431269645,-18.4337977738806,0
-4.40229834935491,-20.8037781751576,0
35.1117118432373,6.91620494236881,0
13.4051551476684,-14.4928474856585,1
15.6619155935881,-0.597588024610001,1
34.7846492397185,3.8395592446062,0
33.4306472736411,-8.18352827603385,0
25.3655726504003,-6.23936143854942,0
-26.2016596177908,20.806144463873,0
25.1128452766923,-16.9166579067209,0
-2.72533545433111,17.3974176513232,0
-15.2996794964721,15.1581983972336,1
1.77120430033769,-16.6505871499079,0
25.2039130709396,-15.3059302879802,0
2.97405881351597,11.1019669617736,0
-18.252778665007,-14.2237169458656,0
-11.0930796135384,4.23918550333794,1
-23.8079016584334,-1.78823988608953,1
-11.3500882077466,12.3373048982719,1
-23.5813913298371,11.7878197801965,1
25.5125113049668,2.63714939983307,0
-8.80452737450773,16.2692726463969,0
-37.278021099018,-12.2681537016143,0
-14.5141231631318,13.6200419394056,1
25.5927897994135,-15.6538750876798,0
-16.6184015916475,3.28961130070013,1
21.3820917195625,-5.11450859793051,0
2.39508294253952,6.62659296318238,1
-26.3024968058185,2.07522775164081,1
1.91927999612622,-5.15190291736487,1
-16.4737761313283,-15.2789286224255,0
16.3298247026803,-12.0195796587799,1
17.8135856539447,-8.15020739893151,0
-3.82767592715747,-17.2094508350917,0
-24.1621150171962,-6.62213436019497,1
-27.6989275930203,-5.57008478479595,0
-17.2693573614237,-9.33160317157518,0
10.3089065419457,19.2350391951069,0
23.2702818003074,21.2550659441,0
12.7586765235941,18.252533937799,0
-16.2192248052687,-10.3018465457133,0
-27.1744412309235,-18.9259773849823,0
-19.3134821196013,-7.19894440279961,1
14.5841730268525,16.9127755969692,0
-32.547239893405,-21.642735147907,0
-0.101773489724977,-15.516151197981,0
36.9358310771958,-9.30707653493512,0
30.7724490780098,-16.1632556541384,0
5.7157850109643,-20.1955216333909,0
20.2553128215983,17.6944169760203,0
18.7543260839051,20.459518782623,0
14.8451869300394,-3.33106492272197,0
13.4761110487497,-15.207964119797,1
-16.5376130908874,21.5345822151557,0
6.22196649740391,8.73788735924119,1
9.03429410740979,8.10629214219638,1
23.8822336796249,-4.55840154213541,0
-36.7849834065762,21.5989358561279,0
-21.7092021101135,18.0371804792502,0
37.0779192499099,-15.5704907969759,0
24.1176312875995,-2.8955202518062,0
10.0382100157177,-4.06984124663775,1
13.8432059396021,19.3431113882141,0
23.4244785409056,-4.6748952614801,0
-16.7456774980446,13.1493204185935,0
12.537664361121,-21.8816800989934,0
-35.7713674615752,0.931975435924752,0
3.37289172282885,9.30108153652462,0
2.20173867982995,-12.2230230745949,1
28.3604851397354,-9.2955168896397,0
-23.7417689096671,13.3568068639119,1
32.7910036789752,17.3532544745525,0
36.2027729699478,13.7110310745452,0
-12.8284635035387,6.97730092921942,1
9.40190179426133,21.4387287165027,0
2.05661460645641,7.62278488569002,0
-3.10980436389764,-13.0996497076392,0
-10.7490124461074,-15.6390078358943,0
-12.5955140895659,-13.1458371095277,0
-31.67716100852,-17.6391136469361,0
-8.32945800186944,5.42587328546601,1
-19.8098601081929,7.90282211299024,1
-1.04332882107354,-7.9270005073123,1
15.2071139498515,-13.9781927093151,1
-27.5674548048207,18.1815068444843,0
24.8115177426846,-16.8780031945361,0
32.6840446843299,20.8884488602913,0
24.98351852348,-12.9023223660297,0
-1.14359003111819,18.3205086219867,0
12.1424640604176,7.43941714093846,1
-3.3135177745734,-12.1208933475806,0
-6.19688388197048,-15.35038617074,0
-35.3934840880028,9.56768091199084,0
32.4404135207761,-17.674031286015,0
-34.7031157682188,2.66168408898778,0
-1.81943245498292,1.15308538358225,1
-8.68317216023145,-12.3585294499488,0
2.58843340274098,7.34724736386989,1
37.8607886176347,-2.10558322839626,0
30.5880383107794,-0.423722550555532,0
-36.8785821252456,-1.41872369903047,0
21.3191345880005,12.0503626865179,0
-1.11800176843126,-6.04471816979652,1
-8.34329789387192,9.47710274666802,1
24.5548479694821,-15.0774857473335,0
28.455733386721,-0.0622545852447765,0
37.8750580086199,-13.3495140080053,0
-23.1297952141454,-13.9429201438267,0
28.1176377823948,7.79620672204777,0
-14.6306369838449,17.4711395435597,0
-6.74602954380899,4.49937239232434,1
24.0418550891411,-10.5655055219845,0
-10.0126391952275,3.62668298012799,1
-5.60762767170834,-1.01382052956518,1
-31.0675224135363,16.2060219886379,0
12.7298617749856,7.73443056466927,1
17.5794202453911,4.72702576009944,1
-15.1378008607795,16.7302090853811,0
-12.312212091043,13.4520616348148,1
17.8084993453142,4.35730652390474,1
36.8947031449748,-13.8570808642936,0
15.1065970540331,18.9965287613608,0
-31.1651822348287,7.03025261949608,0
-2.22394798745189,8.53924888980171,0
10.2875794876696,13.3834561519213,0
1.92047099485018,-5.29436133489094,1
-27.2582027980918,-11.0063378762667,1
-17.0608233817018,-7.54602804487438,1
37.0198078214596,21.0418136543176,0
22.4198713971617,-11.2087094595458,0
32.9334531841122,-4.71991284338394,0
-11.5236855373333,-20.8350085925825,0
-22.1058553498959,12.1199348736386,1
13.7077790907384,-2.44526171247811,1
-10.9877917359445,-16.8561482513836,0
-4.68364088072816,21.8714258388207,0
31.0671416343405,7.8756674017743,1
25.3528369189622,-2.54694416422538,0
-8.25483002472854,-15.2796992567594,0
17.7824115457212,-8.30187794219298,0
-15.9098373348674,1.4911572016697,1
-15.7976150207492,-3.0123423897423,1
-15.4434829187438,17.2209812564739,0
-36.1119759534097,-15.2944272443062,0
31.7559778038998,0.353146041839302,0
14.1382893164119,9.91409042995763,1
-20.1948830083831,10.0059516756744,1
-0.201199349282355,13.4979048079244,0
22.084197870752,8.45018179165218,0
-9.10232103762918,1.85005221876966,1
-21.3876606431676,-16.2123003996991,0
16.9225610701786,-2.39575583951419,1
20.73527433724,-0.370094693020103,0
14.6894817885172,8.75002538920748,1
9.09528439804658,1.20581256218044,1
19.9350311131322,-12.0636036711632,0
0.87250247376074,-1.04502475632586,1
-12.9651845089163,-20.082426392091,0
-37.8978513234137,13.7940151705851,0
6.12894781715548,-13.207812589898,1
-24.9403067587368,1.0184754971324,1
-23.1870512152947,10.0490975373954,1
-26.5755653701022,-19.4370665987181,0
0.411899115229076,-3.47468574810507,1
-36.6785937052888,-18.4983503518888,0
-2.18819559773036,0.595488210534079,1
-34.4981104463052,2.90337827470477,0
-4.38784109878187,-9.07951268339234,0
-25.5695012636195,16.2177067062675,0
5.47959661155421,10.3912386303761,0
24.1923445280764,7.18956303481354,0
-31.5140094694681,20.3290519565201,0
-20.3044569195327,17.066816227465,0
-19.3005015313135,18.8504278866773,0
-11.2529997912675,9.35876220525035,1
-6.90960909701034,-18.3349887355992,0
-29.3175232768966,-10.8066596551523,0
-7.0516773840708,-6.68430006180686,0
13.3707338287589,17.4495630956714,0
3.26981949700907,9.63225567043084,0
-10.858149210857,-10.5198707871956,0
12.2810475313936,-16.3580574614536,1
13.5814120567856,11.4034644640519,0
-28.0014260801334,13.4112996286506,0
-4.58890952246808,-10.3839396460497,0
33.2268637398175,13.1994109135681,0
5.33701340358428,-3.10053481643105,1
5.9005861282991,17.0787550399521,0
20.1097801434704,12.2513156891489,0
-19.2316731952789,-10.3464869102261,0
14.7330123614741,-12.7979364141779,1
-15.5904187009419,-5.45704864605797,1
5.37324034361764,13.1663144471178,0
10.2451165834662,-11.3143689943954,1
-7.68426901073609,12.2704394542506,0
-19.0848395970066,-9.73214974631014,0
33.0852609495144,0.784408392657383,0
-3.88345549096383,-10.3858770402181,0
2.41558531972975,5.22687968607731,1
10.2477297937057,-3.70052996528011,0
12.7771474631455,-7.98800858147354,1
-4.6349976571838,-8.77756941666609,0
-24.8528082973075,-1.61413258504878,1
14.7732023506691,14.1841230161581,0
32.2943919758789,-2.23052173320557,0
-9.83394820785209,20.1406658240506,0
10.5478792856098,-2.26843508609516,1
29.6156105795744,-18.9556286448097,0
-1.29638263455399,-13.5897285279894,0
9.86615799681091,2.5151483103729,1
-2.65867045752025,19.6717624561057,0
-29.7028626017991,5.06119384810929,0
-29.4031552937836,13.8032896878228,0
-29.8001845529223,2.84152876840947,0
-4.12444717850664,1.66511967370918,1
33.3522227835006,-21.6034910242058,0
10.1698623508345,-9.29413672220837,1
32.6548704536502,6.8185681782901,0
-33.2214045521169,16.3595352520388,0
-14.6726427138823,9.36861152293723,1
34.1821016484941,10.2978343411123,0
-37.2123071892457,11.1694934972317,0
-25.245094159648,-19.2452020959871,0
19.4007060519766,12.2511051453923,0
25.3704516529597,-21.2681806247004,0
8.0453931651765,-6.6222621477722,1
1.36170479606024,7.3873672792145,0
33.657177849081,3.63358632096855,0
18.331686061795,12.9190422713709,0
15.2819938924258,-18.4746469113579,0
18.5985793259536,-18.6609163835546,0
28.4107587952532,-0.0276354563268946,0
35.2731652920052,-14.3027666333727,0
36.6256849544675,-18.1126917389309,0
31.8160949079634,-12.6605021406746,0
-16.4554921466068,2.30476846970326,1
-33.5444562917612,-18.0971185619828,0
24.3955855671271,-18.6506091339919,0
-24.3563101359433,19.3553930600714,0
-35.345223345634,0.35610399269801,0
20.6208302534845,21.2677996447535,0
3.07998506972189,9.64162672474563,0
-12.8029633545712,9.37860124911267,1
5.94446207212903,-9.0675842329867,1
26.9425640582018,19.5823425233548,0
10.8205063901955,-4.14748748965208,0
-6.07213153707394,-17.6239001258341,0
3.48937935087034,-20.2299601789124,0
-24.1453726442693,-4.61519101214161,1
-20.0431587380798,4.30589854739512,1
-22.3885613280651,-21.5156164938684,0
-18.2638402432735,-8.78038380124094,1
33.6400628699055,-6.71051438249868,0
10.7593471736669,8.28025947201722,1
25.0088158866606,-7.18121558493935,0
-8.45407328514398,-16.4196133216109,0
-25.2006714410452,1.45344749464727,1
18.2489482706195,17.7868703076761,0
28.332484626884,-9.55984070583623,0
-10.9801018613086,1.21469278435697,1
-24.409020990767,12.9711325600857,1
37.7281942018925,-8.59983872114577,0
34.8936944747,-21.3582716892149,0
-26.1442859873,10.7787592542799,0
32.5991105609024,-9.46823436341628,0
-5.73236180567189,18.8315178426103,0
-21.0456201744674,-21.7454463461153,0
-27.6339729634445,-1.2396120287037,0
-18.2266502874882,-15.9397101515296,0
3.37936910722193,-9.42956828293912,1
-31.7521622065237,1.67864789606923,0
7.45767581281751,-7.1496475030417,1
-35.781850441648,13.8028666910517,0
-3.42692377571927,1.02507680271584,1
-12.7301000016656,-13.8111977538635,0
33.7191351982438,16.7400107160373,0
-14.9642616792633,-19.5529816688742,0
-5.45495042614246,1.64991255205279,1
12.2385657470613,5.78450201840489,1
-9.03731108523018,16.7409387062208,0
-27.6510335164381,11.1831238103481,0
-30.6563766487033,-5.5444724747618,0
-14.8077152405674,15.2627579987513,1
24.6151573897174,-0.283605747229153,0
9.6712178185081,-16.1967784401899,1
-22.3491099241214,-1.7153807942944,1
36.4940948108564,-16.9252712927684,0
-4.72915470987016,-9.34242263330195,0
25.474878842232,-4.17337009255801,0
2.97771404503887,-18.9162817386327,0
-36.0903530776847,-4.80831263071151,0
-37.4813547863456,11.6575134383916,0
21.7425541273781,19.1328615135165,0
-3.99814295034915,19.3036606628424,0
-16.055953844936,-8.35531015875072,0
27.6017001342575,6.49848946552233,1
11.8733656287447,18.4435527163128,0
-16.3632838989176,6.4272879041164,1
10.9870330798819,-13.9279845093245,1
-17.9678304285079,15.4001188164863,0
-24.7168215146074,21.0482579235945,0
-9.98491795275071,-7.70372225439596,0
2.85320896252762,-10.8059418781449,1
32.4069439394901,3.01930407409145,0
18.9331754381318,10.2495327595223,0
-26.7721030170049,5.68987741945617,1
-37.7805313727335,-20.7896390445585,0
-28.3469440850567,-8.98544872395344,0
31.686022761509,-16.6784050659512,0
13.0812497512508,-15.6771927496114,1
-29.3519746337191,10.2474186134976,0
34.9772894541297,-1.71076031251898,0
-28.9268828064742,1.48040002113338,0
-0.576407145561014,-9.27651408552446,1
-10.5401814516326,14.9758002020544,0
-2.27996271835245,-15.0259700112045,0
-33.5327375696064,-20.991182542602,0
-12.9191107108431,4.372294792341,1
-17.8964436980075,6.53209957357075,1
-19.3102573562637,-0.486088058871292,1
34.0234033141216,21.703455841714,0
-35.5344084175641,0.576893672403905,0
30.8674481928088,-5.15166154644439,0
-9.99417448532556,2.02788012302313,1
12.3530683565742,-18.7436799881195,0
34.4754719176035,14.647981574521,0
-30.8462372637618,-10.8281053404887,0
14.0839872665901,-14.5103911633706,1
-6.65452335543423,-1.25764520836221,1
-29.5040570741725,-11.8061009634257,0
-0.620535206048615,-8.58920763573362,1
-2.9220188328073,-0.0977049179393994,1
28.6564187205467,15.1121435734204,0
12.178177488266,14.247471416834,0
-16.8746722806499,-19.4882415077139,0
11.9447844187903,-15.6795010340278,1
11.0515362123266,-10.6977035110017,1
30.1890046068184,17.1398816771727,0
29.0575787063503,-11.0691421869398,0
-12.5268956439979,-5.59667420245332,1
-5.54785343774262,-8.42184997133639,0
23.0861391380297,-3.27057993453377,0
32.1551595496165,-16.4026735180937,0
27.8710118510973,12.1910713225828,0
-0.0265792869898647,-12.8415692943538,0
6.42071140850151,12.8021405111849,0
32.2815321106984,15.5221054336124,0
-25.3751157822462,-21.7764588176618,0
-9.54862950492906,14.2238137105936,0
-18.2849896351556,-9.52566658963851,0
25.1165496676958,-17.1611606619257,0
-32.6665718082805,-3.57888890944779,0
-16.6416989357702,-14.9400990409165,0
4.18340765763058,-19.5565651603601,0
9.04148292124554,11.6787415670022,0
-6.85618136998336,15.8772092248695,0
-18.359438157455,12.8490983808583,1
-6.32729184910684,-8.92424919997479,0
-8.9637790393627,15.9988662896699,0
-30.6786058924461,10.2189038790753,0
-28.022399326079,-19.3211344974604,0
8.35226855173361,7.36331538026763,1
11.8707236228302,-18.8057336909509,0
25.9156437533742,-17.7319557619982,0
-0.0138412644315764,0.714841118135816,1
-14.6529458047314,10.2018602085326,1
-25.0979419324186,-9.4946496893666,1
-34.2938301291139,21.3341758301723,0
-20.8378980438863,3.49560914308422,1
-10.1101975463629,19.2431608044876,0
5.1563252542019,-11.5004486164745,1
5.29837092777727,15.1753075549561,0
21.18701230699,-2.12013396960634,1
6.85835772914997,-19.2538188861092,0
-29.5895767744171,-18.6659867332815,0
10.6915236994669,12.6467295832184,0
-32.5265312051737,-17.2776574817595,0
-10.1957194441742,21.5401774240579,0
-16.1649670650781,-0.030330571344777,1
18.3492956648873,10.5998773616166,0
-32.9089552629876,-6.48058773526385,0
19.5446126145861,-18.7833989659609,0
-19.7058094508692,14.2385432021958,0
-20.4508524626091,-11.3545867463797,0
-37.088882952838,-19.514511684207,0
-27.9319284374933,-19.4257900091873,0
-22.086622315593,9.20151817876818,1
-21.7221135548122,-3.19552773139482,1
30.8403721414429,8.7188207991378,0
-16.8892898935372,14.9750736009846,0
-30.6202488035634,-5.41036462966035,0
21.4944360269598,1.44444084300527,0
12.7315917899473,10.8643639845635,0
8.56311368816154,-4.41481251479303,1
-11.8717759819822,11.6922092194415,1
14.4657557512702,-1.43961683767333,1
-20.249518249398,16.8170306774856,0
-14.589763574249,-9.89671890474159,0
-10.8451464172789,9.39720938479653,1
-21.5309571401074,-16.1378145995105,0
13.4732803255115,-6.8946397517855,1
17.9371182443032,0.95355678989096,1
-37.2385886413796,-7.44727394992166,0
-10.9505121212733,8.56996929670836,1
-19.7634516918812,15.7989392530927,0
32.4982635836049,18.1959981500308,0
19.9869980329897,16.2985801913733,0
-9.16658019606186,11.8970796641417,0
14.1326769504506,10.880407695959,0
15.1143231646726,8.9844827020976,1
6.87026586310203,4.33698579925145,1
35.1162206959414,7.88638633069812,0
21.3822696410755,-8.81344838077973,0
2.92048840870449,1.77942212868452,1
-30.8454929227313,18.7701689175244,0
29.3366600684353,9.03986469145764,0
-18.4303698585398,11.9351122281969,1
-2.77347819340908,3.36989329254442,1
-12.8593314730642,20.3666202662655,0
19.5147774641817,-20.6489453896207,0
23.0165494849272,1.25530852529897,0
23.0369445079145,-10.2175642695663,0
28.6244013849822,-13.5088949572839,0
-31.3519708666529,-14.3496379008211,1
12.7614354926814,-13.9068366562823,1
0.18406991223091,-8.98235340973281,1
-12.4972849093775,-5.38729303665475,1
6.73067167636596,5.90776168616368,1
-11.2531233900588,-5.27952000985763,1
-22.2894583378923,-1.58778427052551,1
-18.0762544814733,11.251594198649,1
-30.5026529791653,-10.7538069938304,0
-26.5951975964467,7.9895626850681,1
-13.6025298457474,-20.2120584749072,0
7.17359859227034,-2.02023283310068,1
-26.3159072640586,13.0685936577975,0
-33.2404544654882,2.89370260742266,0
-37.4085505156477,4.7269370228569,0
20.8437697238391,11.0815112800574,0
13.8354214550827,7.66918737499435,1
-28.8417602205515,10.1924013551584,0
16.6632583465226,-6.07405851526535,0
-25.6990881150526,17.3927493184251,0
-28.8678286035746,20.7568539370081,0
13.7675600638769,-21.5034973591918,0
-26.9931741443809,1.9947514197192,1
-33.605090834489,9.19278995642622,0
-27.7444077818834,18.874473808676,0
-36.8766866736747,-20.5005746724196,0
-23.6270965027133,18.262377533471,0
-32.6144790101193,3.43521811693153,0
-35.1226589543643,-15.8207336104775,0
-14.6018641820672,-8.40569197660517,0
1.19590149780272,-11.0915484632177,1
-8.09318374825042,-19.9190236341773,0
37.6348590720268,-13.260984258685,0
-4.59040156222618,-8.88163014360235,0
-26.4905868255562,21.5410083561544,0
21.1318402419252,20.8295698077941,0
18.329183235672,0.00819076074068548,1
-31.3390771055583,3.93958097729405,0
-2.24764615539477,10.2212711293483,0
-15.7449496336524,21.8021609663934,0
-7.07935576605978,19.8884901325108,0
-5.3019691866938,-21.7970048693248,0
28.2159226567166,17.1724734506313,0
15.7510104285474,-11.2690221960381,1
-36.9134028231262,-18.1772351362388,0
-36.1316381580813,17.4912868394006,0
-19.9884372150647,17.5590549712732,0
7.46817315642694,-10.5528303801683,1
32.3910596500862,10.8085266291624,0
-12.5845748494613,-4.47138393104751,1
-4.32949662361833,8.27493840397318,0
-30.4655076893189,-21.8969467158405,0
16.3514916003582,14.9793968965131,0
16.8445189023702,12.8336432744215,0
21.4677924091069,-9.93467903287661,0
33.5954276711837,15.2901201418578,0
-34.3847957813892,-8.71973585724902,0
22.8266294840198,-15.7354344199524,0
-2.52408119157187,8.66917272543137,0
-16.7853714244885,-12.8794116733049,0
-34.6011977594247,-13.7588006032295,0
21.8538736110931,-5.59134898877216,0
30.333413468221,9.45664582640676,0
20.9519763754853,-3.32090062176755,1
25.6462179042389,-8.85150773688714,0
-11.824026353095,7.81422529620417,1
-23.4693621115285,-7.25599008006592,1
-9.23864178663539,19.7180400002292,0
-18.518628042188,-16.9532190644646,0
-36.3687937744964,18.1858745233505,0
-15.7108123566817,18.565078199552,0
-19.7278689089078,-21.3933162458475,0
-22.6032353227955,-20.5208907806275,0
-11.5352206749445,1.38082596063775,1
2.82336934591412,10.456900258991,0
-28.5521152807085,8.51229394189015,0
-23.3518884650344,2.03876689724281,1
-0.86491500140221,-7.69688520695773,1
-7.06720928819924,3.47016044086138,1
17.8538321245215,17.4839087644362,0
-15.207226158494,17.1666181144414,0
23.3423467502819,-8.63078792379888,0
31.4385033047947,-10.3675503319183,0
20.148211138779,7.37604551513454,0
-12.5999110943834,-8.45035496270014,0
16.6696830433028,5.91854891935159,1
-35.4469194923399,2.65374850847653,0
8.78741616660893,-17.6128745224041,0
-29.4739502024255,-5.21722356899448,0
-34.1542359784445,2.97510861079678,0
-33.8040210571537,-19.7925394356758,0
-36.0073106455394,-0.880848771805663,0
34.6131042168083,-20.9750902841999,0
1.9162490658475,-2.64972151034393,1
19.4753051516908,-11.3366270310893,0
6.82619217918521,13.7031338281046,0
18.1568281809497,-2.6700920020214,1
-13.7243080483439,17.0633755992783,0
26.4578673618634,-17.409235870943,0
-0.482841571420742,19.2237168178247,0
-29.2725188561279,-5.5658954203797,0
23.732701045545,-14.8933446173085,0
12.6790161630088,-21.3490302225164,0
-8.98448562253514,-5.88066908185807,0
16.6294812902121,-3.08276187777148,1
-6.18428003295567,-3.2315209394372,1
-33.7491140855296,-21.2466061303818,0
6.45997420423862,-8.46827007523304,1
-15.2890930369011,-10.1078247066113,0
-6.87324401187566,16.1578585961121,0
6.54281767689044,9.59452749658545,1
-14.0127610616481,-11.8822514811871,0
-26.800757989665,-8.18817877733465,0
37.3562249287143,21.0762197058291,0
-29.8305134698932,19.4280968733061,0
-12.5964806031819,12.0131906257679,1
-35.1151190199357,14.57019896285,0
32.1029014479478,-19.5468747745162,0
-9.64122569789727,-15.7397469095327,0
37.1762147830967,0.188655366334203,0
3.30265836311321,7.66879117464331,1
4.81205527682372,-14.2626578082305,0
-23.7197049856818,-4.83291697062093,1
-21.6223322151056,18.4127188153431,0
-1.11667595231617,20.3420211466995,0
-21.3179439647928,11.4432918959437,1
33.2023136755334,-18.7880832967542,0
-16.9005276461036,-3.38749929682236,1
34.4358689322305,-14.1712537838813,0
23.9348708202794,-10.5588466982893,0
-11.430490848767,-3.66429344804465,1
-36.3579405979509,-11.7654227561518,0
-12.083008724972,-14.4730190840967,0
-8.78576629375337,-2.87466793338863,1
-30.9099884678184,-12.0985457441631,0
35.6632110299534,19.6857788920383,0
-23.556583254838,-5.3892300313222,1
-25.4888447410496,-6.18994210576347,1
0.534389669918234,21.6111197829866,0
0.626108764406275,-7.65997819897546,1
-34.0876605046009,17.2624085477199,0
-10.1071107363832,-5.72188428402213,0
6.4445899835726,-21.8940716835167,0
37.6010449793961,11.4810767375777,0
-4.92998526278954,-3.22676226676672,1
14.8958319247369,-16.2717142776313,1
-36.7478623409382,15.4877775439448,0
-26.4069527417626,-1.29637182673817,0
30.3649527731553,-21.4284558978309,0
-34.4754010949433,19.3158687378306,0
-35.7711487911877,-5.395917201489,0
5.65778133849077,16.1603231914264,0
-12.1292834099562,16.4061568417217,0
-21.3331416893383,-21.0467430651256,0
30.7033201325009,16.4522417969422,0
13.914675955733,16.2934937268843,0
-9.75474079508885,-17.283531069436,0
-7.51504442654556,20.206458398419,0
-22.4222595144562,-3.75410432890267,1
-19.9348612712016,18.3549030182956,0
29.2114090920084,1.57454397407359,0
32.0144722320101,-11.0644521877041,0
21.4053135324502,12.4034091050823,0
-19.6144001111147,4.43885868785959,1
6.35331897246775,-13.0400275188125,1
-22.658967524002,-5.44325166671037,1
-28.3428496036068,-19.1238529359951,0
14.2628684209371,21.4491993354087,0
31.2161648493125,0.718566811804692,0
19.0714453099957,19.6133659770043,0
24.5410767295454,-12.4530665628534,0
-20.8908152139485,8.21662623136752,1
-8.60728086186114,-1.47501261126201,1
-6.17967764456003,-10.7432209855261,0
33.119710334468,14.8206821775945,0
-29.9778314564607,-9.18234540144726,0
2.37798468014164,-16.8932273295991,0
9.21056595446981,-5.16872039270651,1
-16.6940267511026,-12.6387733892361,0
-22.9700397700733,0.376854362487197,1
-6.96259478322476,0.882139693289133,1
-10.4420524685613,18.4367216935789,0
-25.6954941393014,19.5882503279027,0
29.9079367185227,19.8127788687431,0
-4.52379613392192,-0.156386621197761,1
12.943561483527,3.3635655796866,1
-22.007567811812,21.56511944165,0
-2.19288649898919,3.03394909316852,1
-34.2065480422493,5.01690362790188,0
-0.309204654401093,-15.399388279543,0
-17.501189224311,-8.48898276349493,0
13.9972473899714,9.95108312600574,1
18.8476670661165,2.82089647362766,1
-8.23525596456016,-15.5877306201933,0
4.47085547359932,2.2688933884303,1
17.6506666746787,5.51012501037935,1
8.48325259394051,8.07437749200638,1
6.17345449718056,7.63866207921919,1
-32.6341015288592,-9.06895184978321,0
-9.55728032901272,-15.7462897829396,0
-35.447188703704,20.3871669360329,0
-7.13312518519513,3.10390277983397,1
12.0048165324774,-12.9840317200903,1
5.71828140669871,-10.3928886859014,1
36.1726740966408,-18.0060746357982,0
-4.43541029916777,7.85504650968287,1
21.1156099904859,19.4251727438892,0
5.27884036530048,-15.2592523557853,0
-36.3964163492068,7.36157507324072,0
0.932789997251589,12.3925189460896,0
-7.026036961908,17.6530096948809,0
-21.2923823990693,0.403163328327782,1
-20.4849892283871,-5.12031599810632,1
-4.67021645685375,11.0812857371882,0
31.9119311456986,-2.05293656898486,0
-13.7531448701847,3.09824677446906,1
-16.3905751936207,-7.76908136247338,1
-10.3527954023216,-10.1894936223819,0
-0.0518667245402753,10.1581865887708,0
23.8278453511121,-21.6801889473684,0
-20.1538131123017,6.52463797796744,1
-36.3079408597429,-13.0008014341968,0
-15.1147725570722,6.79771613865394,1
-15.3472700529728,-9.82672449269197,0
24.770526211945,15.7780257222634,0
-27.6339466057746,-4.78509507424542,0
23.9081108292677,9.90993568519453,0
27.4427149745494,-9.56857173474888,0
4.02357875253583,-4.76259399633932,1
-36.5917300488758,-9.69118617358699,0
0.594432521795682,2.89239858941051,1
16.2370301220664,-5.41244527975678,0
15.0288460191903,-16.3059355547106,1
29.9026252915816,-15.2867487422988,0
15.2900577607885,9.1246806501932,1
33.2340689217368,-10.2192955320153,0
-37.1721492094867,14.7465157583968,0
24.3002706870215,-14.4894015213297,0
-35.3956582840941,7.79213483791924,0
1.2281843941203,-11.306234438616,1
11.6531043480697,6.48487884683437,1
19.3136719519769,-7.29273008910776,0
-16.7202299043084,-1.68466218982018,1
7.83188056334742,9.08672837483505,1
29.5473356664436,-6.30725192593322,0
10.8857921274425,-8.46657752093914,1
21.7408148664154,10.5966751346607,0
-0.673265602549975,12.4935113517814,0
-7.33700917521009,1.5675952872179,1
28.6854474315707,-12.589856276689,0
15.8219024418654,-5.12609707542961,0
24.8133620584544,4.45721979920916,0
-37.1890483643613,13.5811039220034,0
-30.7376571860078,-17.8170047336325,0
3.28960320896754,11.7802932473757,0
27.0725260001404,16.4310016123484,0
-17.9089490229042,14.5628794765323,0
20.9415917707609,18.3528437836473,0
10.481976937056,-3.99581683017022,0
17.1045413848619,16.873430179234,0
29.9932185413554,-0.983605531477938,0
20.367012345658,-20.6218695212285,0
-22.2796402768204,20.1419930950913,0
-34.7088840269426,2.32772409395776,0
-26.329169676525,-9.50052298203308,1
16.5918308731649,-4.43958261998307,0
-28.2230935522778,-7.92493183109014,0
-21.2200418024271,12.4966877769064,1
-3.52948244681181,-21.7502357450092,0
-2.64017525015152,10.3317972777488,0
-31.1762443832871,4.663051191303,0
0.511453024710768,7.29921711585408,0
-32.185308525205,14.8034858233934,0
-25.344123113695,-18.2880569817788,0
18.8259629736846,8.58178656455205,0
-12.5728882158073,-6.90801118112068,0
-14.8158943914519,11.133984425673,1
24.2347700099096,-16.2216466127502,0
36.6357198484394,9.72217350131468,0
35.6417206380563,-20.8989169825145,0
5.82329748044508,-4.19684016926328,1
-20.2552926761858,15.7590694509706,0
-15.8005176602456,14.1453819635808,1
13.2060892228793,-7.32427231241452,1
5.60414133483756,6.69106061077029,1
-22.8226290661411,-4.81581137971195,1
34.8230781807187,-2.5487681372191,0
-12.4522283302022,4.4502078190821,1
-26.6255279969455,21.5103279873457,0
-13.0428754273698,-18.7193435093907,0
-29.4046525808598,-6.32249885296399,0
20.6655001783444,-12.9328882822778,0
22.2347514709121,-4.25900390737187,0
6.61722736116899,-6.10722627249248,1
-31.9814368096271,12.6184219033935,0
-23.339448803799,1.99603612285936,1
20.9307902750538,9.22747556189829,0
-11.1422507661833,1.09894119715437,1
25.7600316474429,3.69526771401991,0
-27.8245684318511,-12.3053930525657,1
15.0592434844619,8.03398242540592,1
-23.5338082696626,-7.29567285206681,1
-7.84267597231148,8.33762584638072,1
-12.2400033539912,20.9045131027756,0
32.1246495198195,9.05198763891938,0
25.7185982654694,4.35487940807604,0
9.84382801668369,-14.4625588913383,1
27.7772893857698,15.0928284204287,0
-21.5619910322382,-0.44020218450013,1
-33.0676695471713,-10.5775028361385,0
13.5280406180679,-13.0229929979753,1
2.6691344579538,18.3602097810972,0
1.31854175609838,12.0592983164493,0
-18.5653811972219,13.2402646028851,1
26.8148966679976,-16.3380622721702,0
24.5632806416945,-7.33027664843037,0
-36.7405120241215,-7.07942081114954,0
-1.92203972541346,-12.0730331996942,0
33.7530113023514,21.8497434682133,0
-3.14483875178415,-11.9845723354218,0
26.5978947933052,-10.0228637481029,0
2.70198175038004,-6.66968124153451,1
-5.00830263188827,-5.83802427339138,0
-36.1430384101234,1.79480631091214,0
0.331343337967759,2.14660911430915,1
28.6127806038291,-17.3149625510484,0
31.0269101896502,-0.643305318730999,0
-16.3245351907176,-5.49082517007565,1
-27.9145216898044,1.51034458342276,0
-37.9899266905461,11.5270240117729,0
-13.8349860016196,3.11608013608602,1
2.28820799853732,-14.8723586924902,0
25.0173851735771,-13.3535437878013,0
13.1923484552723,-20.6682704643334,0
31.3891018970251,-0.38784300631773,0
19.4667864095866,-16.8502460617505,0
-25.1930555261466,2.36087739279573,1
35.2652112656945,-5.76100457042201,0
-11.5317877427783,-3.79375504153294,1
7.48505470687459,-8.5635608772289,1
17.5857696144157,-5.73387484982024,0
28.1820436073347,-9.16648009903637,0
-12.6616427777134,16.4395035669794,0
-2.80875384268396,6.29478512754576,1
-25.3166099083244,11.0566305037486,1
-2.55441345132111,14.0238229391142,0
-3.31584540060341,13.6416794693981,0
-28.2855052544212,-4.8488812386488,0
10.6347081498058,-20.0538645475763,0
30.1331052701283,-20.9380835608577,0
-5.51547520366537,16.3618820436012,0
-24.6357014641931,17.8635571059974,0
-15.5877256286435,-8.05656600797127,0
-33.5358882205939,11.4812743291601,0
-33.4268610410803,6.55192933295299,0
-35.9738481810955,14.2114168050763,0
3.83552280437402,15.4668573596361,0
4.7918542890318,-9.79973808280303,1
-14.8507333541573,-16.9620760811361,0
19.3428196373745,4.81036708866614,1
13.0038422560918,-15.1278765175725,1
33.4277073296662,-19.6557464934266,0
-1.12824347021246,-5.47701872747287,1
1.37467591397813,19.1742285742568,0
21.9794442210811,-13.0544493245952,0
5.40878653585537,-3.09619516748334,1
20.2536081768546,0.150710177465648,0
31.9326236124351,-13.1872740837577,0
-22.0167186701796,5.6123680354776,1
8.21667778257627,-21.176191942993,0
-2.60488446292926,13.9849323614113,0
8.86919196959597,-7.13769554810218,1
-22.5649985946766,-14.2059573375867,0
13.4976398276278,-9.99824883734416,1
-36.6840175675277,7.82461962596754,0
-20.7778291262922,-2.30558455435931,1
31.4994188697019,17.4773136267111,0
20.4009864786768,-9.51654180705824,0
2.53176084570771,2.55352832126905,1
-32.8031035521371,-8.89436703897131,0
-22.8315983548073,19.5817630562176,0
-37.0866600726224,11.2771863134787,0
35.4594653550864,3.34660650955716,0
25.247252462468,-2.81608536258795,0
-4.15651142109373,13.6443737071691,0
37.2776553941841,5.36012526704273,0
22.3656131576736,-6.08522110227341,0
-0.865551226817473,-19.4223684341187,0
-28.0752166800751,10.945468650464,0
-21.869568535604,21.9580755321553,0
25.1643717590128,3.70839321722506,0
-13.3921599048079,-13.0006982049651,0
18.1463462494525,11.7291684699014,0
-25.8496703270473,21.7342388934217,0
17.5917743767704,-7.71677045857007,0
-33.9192470935256,10.5868030343323,0
16.2936040583677,11.0577321162402,0
-28.7480911852699,10.3497025100121,0
36.7874000872398,7.67784856267334,0
7.07546291623142,21.5726156884771,0
-17.5147163922736,-2.64431918537536,1
-5.1677270897021,8.97640235596691,0
32.7189380180633,16.2485870103589,0
0.599283449062497,-19.1757150895417,0
-33.1285515986583,-13.8038693907868,0
12.0924597733209,-21.7554919068798,0
-3.86292664379414,16.0650048477431,0
-26.8151941827266,2.6606831183443,1
20.9173348329082,-18.0644048749624,0
2.37589352013127,-3.3415718846834,1
-31.3200410670396,-19.7565435757321,0
30.4350128923013,-13.1393252342724,0
27.9794899859714,-15.6474431091985,0
-33.7212105429523,-1.73403166207746,0
10.6442752565878,13.2533126037808,0
29.584111864379,-17.0859837724512,0
-11.573037355116,-5.12409638966952,1
12.6706824595336,15.0968115445641,0
-3.46098354023129,-2.92076347228533,1
-4.03720071741818,21.6158585600376,0
-36.7056422389231,-6.01142439115669,0
27.4677418709025,11.9253372268903,0
33.2744810223813,7.4232335197405,0
-1.61316938959276,-15.8293878551909,0
5.30719352828088,-17.7482556900705,0
37.4524642662139,20.8590318228223,0
-7.28576842779586,-15.4730994700974,0
-21.2920597748036,-6.32967884040774,1
27.8537405059818,-14.5119217510088,0
14.3657532498759,12.0304669968019,0
-24.9683268694933,11.1582554338028,1
-37.3141966172095,-13.1633825601272,0
-25.1501383070876,17.0084908500103,0
-22.3145294076857,-2.63694940510624,1
30.5232863492701,-2.69631113701276,0
15.8946322036619,8.09025715391124,1
-27.9733162206942,-17.0876975116241,0
-5.6844436099756,2.3681152948134,1
12.26995028302,20.683600812025,0
-13.4988858452617,4.54310451495981,1
7.40519604514904,6.77366333135062,1
-21.9908163478663,7.41875106040554,1
-23.5890147344739,-2.8989955261405,1
-22.1680177861689,0.439884960683823,1
16.2142490255359,-11.8809118694914,1
-18.7950727718265,2.2608966807344,1
-17.4788592636967,3.97236788340888,1
-1.38644069444781,13.769589704053,0
-21.2287965517987,13.9006467500411,1
-11.0455216247435,-12.5410880631811,0
10.467785313174,8.89100002775662,1
18.9813273822716,16.7307437958691,0
-0.575973481317924,-10.3301738224755,1
8.92154606056058,15.0611518414834,0
-13.7215635440924,13.4215551745036,1
-15.0100693124236,-5.903856999807,1
-27.2239982826089,10.2095740080371,0
26.170020993638,3.02991785712495,0
-16.1002717332212,-8.05333208745937,0
31.0712570540132,-7.6263957688855,0
-29.3961026334378,-4.52296743818572,0
8.65340522384106,-17.543495714707,0
-16.4232877194177,-10.0664784954913,0
0.618032556769762,-20.6540641661124,0
2.95450868345819,7.12344274753736,1
-34.036561292016,17.8840334427329,0
-4.78173143511611,-5.47096695537192,0
-21.3765473637622,-10.6557620554645,0
31.7937632899837,16.5270924980142,0
14.5504355098429,10.8313996663035,0
-29.1896802472694,-10.2731043146434,0
-10.6686677896234,-6.01120913344344,0
-14.7397652260037,12.0788831980148,1
-15.0291462305361,15.4092917293668,1
4.66985704391108,7.39945809206449,1
22.5035220533711,-9.82897326101811,0
-2.28389841017771,-12.5508637519625,0
22.1289599669401,1.58167019317852,0
-6.17355944233805,6.0813850447914,1
18.2042610251026,-20.2382894376226,0
-10.828240253066,19.2430426959318,0
34.1864783217311,11.8673344197146,0
19.0111393961769,-4.68105078875574,0
-36.5121101641735,6.06099625102843,0
19.3927026597569,2.83869220223933,1
31.296885998761,-6.52036849407877,0
-11.5707057330717,-12.5432214916516,0
-32.5823239541604,21.8304015628258,0
26.986735062266,9.00290385864554,0
-30.8291455439812,1.11150447054415,0
3.76715859019792,-3.78479488719608,1
31.5799096193221,-12.7790316458596,0
1.6728799892223,13.4328911154992,0
-34.0506231968634,-4.23594585958424,0
-4.49091904903002,-17.4726596098481,0
14.5303814246107,16.4260756343695,0
-18.135307019834,5.09891963912498,1
30.0889729974532,5.44964449607135,0
-3.06185541504917,-8.9329091967528,0
-20.3665528214795,8.09417289458156,1
-23.1083403919854,-3.30954571085059,1
26.5767322139624,10.1591238971375,0
18.3622506088521,5.84959801510719,1
12.3283673940129,18.252208079706,0
-29.861281633459,-10.3047554935188,0
25.5491419738935,-21.6400166580093,0
-3.4264307153948,10.0261721839767,0
11.4478760577305,13.6282813802156,0
30.7361164926383,-5.42950385917049,0
-29.5863724939402,-7.93500616297719,0
7.89104266498568,17.306140107228,0
-36.7549325615559,-1.42297144063965,0
-31.0680094850469,18.5705876927933,0
30.8310455989586,7.58148755822656,0
3.61904237208184,-16.5138162532151,0
10.9596796634632,-1.95179400387284,1
-20.0733555505931,-7.16402307821243,1
9.16359632356955,13.4212495350637,0
-31.9973472884721,1.15154775892177,0
11.0770836403863,-17.7049321014585,1
-24.6012147603509,-1.99987003180922,1
9.03828313737122,20.3212091735118,0
35.7446360354839,-2.32061064667415,0
12.8587035808525,-15.0198511422433,1
-12.7823391589661,3.66148442859076,1
-3.20058679539228,20.0018441731015,0
-36.1038497053643,15.2769222330234,0
1.75595240177761,-18.2046966195332,0
37.1785888540151,15.726718676609,0
16.975640964812,19.4789851164303,0
-7.83220042189747,21.617608259598,0
6.89546600634674,13.6641295740683,0
5.56167175480506,-11.0890406098676,1
0.58324616781978,-10.281741985963,1
-26.9384746924994,-17.358060322854,0
-15.8878964613252,-9.25503630908933,0
0.0869494431684359,-14.9012304856339,0
-27.2178913366628,10.3265301572006,0
-7.11486148951062,-2.520482388044,1
7.07584205659894,10.6274042489328,1
23.5128758038499,21.9634453175327,0
-2.23447906074679,14.2872619167789,0
13.2332476046888,3.38206298096388,1
19.5456463608353,-0.324213889505231,1
-24.160415915753,-11.7179913917268,0
9.09257744627353,-15.2358724219324,1
20.5144579453085,9.59913416484002,0
-5.99744401622764,4.42489029704952,1
-4.63685383111735,0.623068864222777,1
-0.852704683488227,15.0285697952325,0
-21.5206949650814,-9.51844659415192,1
25.3013411920109,0.0428580225684669,0
0.117334600849688,-17.2978473446681,0
-30.1923926049222,-7.57169656102933,0
-10.3086468365431,6.89557688182388,1
24.3809538470666,16.5781114554441,0
-28.6638920776169,11.5325219242938,0
11.3512647362041,13.7215663272779,0
17.9834783428868,-0.953878202376067,1
16.0105354451033,-9.4674645291335,1
-29.9945449641974,-2.04781766724056,0
34.8539395516743,-9.35705227902101,0
-5.79934111352141,-6.27516266469605,0
4.5686217442285,4.97694557958274,1
-30.4925093955618,-3.76073555469514,0
-1.28305797539141,18.5406513287776,0
-26.324517970662,-7.87255286175136,0
-14.5562926719131,11.0444990908406,1
-28.0503561600476,-12.962548584258,1
-11.8925863293786,-8.6389310920249,0
12.3925885904961,-10.1790271151411,1
1.23140241823674,8.49823710123267,0
22.5466834062155,-14.6585636097119,0
5.82126315092115,1.38869800036489,1
-32.9175790368462,-13.1424237833727,0
-19.1153358931557,-15.0845003981615,0
31.0596371479328,11.3055821501686,0
29.6026440070429,18.2486994019232,0
37.2252680423511,-12.3306937315325,0
-13.4021854467589,-14.5772726333816,0
37.0439553463584,13.1640796980826,0
8.65372216221958,4.90178460365244,1
11.5581959543652,12.03373697736,0
7.70230316336698,2.37151072763876,1
22.6323689120215,-9.08084473458369,0
8.39393904942694,3.986521093106,1
-9.32986026612716,-14.7968873833504,0
-24.7268577547272,-5.65701347307133,1
-33.4465204460203,17.6870331557104,0
-26.421199004266,-3.94002938418016,0
-8.86018730980872,14.5246214438356,0
-37.0056261069112,20.8311646028911,0
35.3683883619752,2.68611391415531,0
-13.8177967768831,8.08878842464463,1
34.6258776609928,2.01451213954769,0
-35.7990614479071,10.9598578876746,0
-7.81441068828047,6.30759718647174,1
-16.8864387210096,-15.5804674767214,0
-10.4991645991689,14.8727225411665,0
21.3144511962609,-16.2743551870196,0
-4.1295347346314,8.20858006225912,0
-33.6442683869358,19.3734631192926,0
-34.3524301361463,-1.96423968641416,0
2.34193054469854,-17.0990971044677,0
20.2743726299707,-19.2890054615767,0
8.711818768634,12.1522856075338,0
32.8648990784679,-21.880582455885,0
21.3998328412889,4.69767853804827,1
19.3726083089409,-6.29636309753174,0
-13.2074961005202,-4.63804005552043,1
1.67057573675149,-4.55000722406421,1
11.0640271546179,-3.54860581043263,0
0.854122561860251,14.3896961178513,0
12.3196070894373,9.9465620203497,1
-20.4204535740406,17.8302778245517,0
36.6752662429236,12.4356278697496,0
-31.4701191497812,-7.61617781390027,0
-6.63644048348425,-13.1270775495229,0
36.8816014554066,6.82040641354852,0
-1.12033045346072,-17.2080317221465,0
8.50228543669476,16.9824178402295,0
-37.1472454623094,3.84156024699217,0
20.4099153504011,12.376567814602,0
18.3585252385797,4.25174980185198,1
-21.4816471238225,-14.3223210962253,0
-7.80357379794636,-18.4596684144102,0
-18.0451456376196,14.4650859431271,0
-32.0234649026996,-15.2472760265186,0
-21.2708994829013,-19.2946098037217,0
-1.14113906783989,3.95486974998306,1
1.16251395492664,-1.51541402065233,1
25.7646967163368,-1.65581138773014,0
-6.60044292199286,18.0107977446871,0
-7.43465649414623,-14.9847221216437,0
34.4042063164267,12.9351314553963,0
-12.5325386360879,7.60018068627449,1
-27.8349846375914,18.4357988074464,0
14.8531696742607,2.71699064017422,1
32.1307800201022,-13.1388463954319,0
-0.948127435461657,-10.7752873515054,1
0.432626099977824,5.37683085018634,0
-37.6484421957413,-5.45541012461309,0
-23.6763751228535,-6.20611314452029,1
21.2525977313539,-20.7393724398845,0
8.42277217624905,11.7644837403247,0
22.2267213978197,-11.5551059843883,0
25.6804341312535,7.30017318611838,0
14.2392383546809,10.9335842466579,0
-31.8110083956835,10.0513184881945,0
23.2666832450426,13.8286514745869,0
-27.7569483605845,10.5636415242879,0
5.31349052509123,6.35874785218108,1
5.67655447685262,-17.6439043261352,0
-36.7761909398159,21.973541229504,0
33.0469519990111,-3.60378164923272,0
8.72328202132005,-18.6568688060459,0
12.8116916601357,10.6151284289159,0
-5.94526651994215,21.9871964031808,0
15.4103051942832,2.15464584178407,1
-2.22705567356072,4.09815557737029,1
-6.92413708817629,-15.2058843247102,0
37.1363374190326,6.0126105569093,0
-1.12094376556841,2.02725703327499,1
-29.0880318194349,-9.48574548736055,0
27.2145296377433,6.93993084123718,1
-12.0098397779304,21.7460187907869,0
-13.9551858030751,0.435057847307831,1
-9.30793688480291,-12.9695112696965,0
28.1110064137694,5.82722083338735,0
2.38892837727257,8.05575578267367,0
-36.0881813042181,-1.97435253701819,0
-19.1250011863532,-18.284543873469,0
16.9997167943272,21.5815827416818,0
-5.13903045309105,-20.2686237713244,0
-18.1297557074401,10.6181436570459,1
-23.6049112723948,3.82515049830991,1
-21.6996709180136,20.0908730315335,0
-0.388011784650217,-4.40568461643309,1
-35.4919367598645,0.600246207430505,0
-9.68055617912265,12.9069555823165,0
-10.8925728754837,-4.60187027679475,1
-17.1223030602329,-14.9309946750075,0
-17.9056818487823,3.05592682001675,1
18.5831687888791,4.27525668368078,1
-27.992034939824,14.1176301849936,0
23.0343842439547,21.7088229102346,0
-14.8653674453115,-6.92506084985272,1
-11.943688164642,-21.9726746529132,0
12.1099300037474,-19.225889199314,0
-35.0386989414002,-1.49781060439582,0
20.6828557475171,21.4382191737935,0
14.4464280234845,-20.2600510134769,0
32.4706538575451,-5.87076561979424,0
-33.2865875623998,-14.5186784736379,0
14.2474631003941,16.1330129415328,0
17.1528113701824,6.08014217883074,1
26.33623464971,17.0311346572876,0
4.08880562520588,11.6538047090775,0
26.022152603761,-0.647737267615479,0
-34.2821645280572,-18.9872101910094,0
19.6691377575992,0.786194094699241,1
13.3759904327866,-4.12871963086463,0
28.4566111675816,3.59500112542521,0
-12.8483140866031,20.5201225779906,0
1.40597487897858,20.3523458537026,0
-3.50016436775975,21.9294859853386,0
-24.3577668945274,0.595206672766267,1
26.4023587495583,9.76817943931497,0
-34.4716259290478,-15.5832790597773,0
1.79330146601352,-13.778916593929,0
-20.3145241734228,-11.5410024182715,0
30.6488167074354,18.4634904756526,0
3.13552936643127,-18.4069444490571,0
-30.499942011336,8.62023600784309,0
27.138355982917,-13.6979372971711,0
-34.7519143425059,13.9510915450862,0
-27.2048271253071,-7.7272314921568,0
-21.4701786156682,13.217677560772,1
21.0871176607041,13.9012915175196,0
-10.8219476868446,-8.05004139439322,0
-36.0753928635446,-13.0555914918932,0
25.3672503000636,-14.8949197953555,0
-10.396966186097,18.0999330533318,0
21.9306970366567,9.12020278944742,0
28.8541344189729,-16.6901577465271,0
13.4145959004101,6.17683714318827,1
3.43854872707922,-15.4462049763993,0
30.3155528648028,-18.4139549993478,0
-30.4384961972967,10.7706375828252,0
-31.0886138325405,-13.5119363904895,1
-35.3978107339612,-21.9688748523931,0
-13.3627586574579,-21.0482072992831,0
-25.3790023437257,-4.30329544113088,1
37.8539732155886,4.00882253555613,0
-6.42312470252554,-19.92612304358,0
19.3293372141097,-21.8606329568498,0
14.6918258025831,3.36064768872274,1
20.5689448366145,-6.57598341849484,0
31.3317663472974,-14.8587154352584,0
-14.3883376241951,5.42262089040782,1
-22.441502768151,2.24576646149934,1
-32.4612098356274,15.374592066488,0
6.62725214916445,-4.33863001764882,1
3.22898320229228,-19.6230438904486,0
10.9505222001755,21.9183175389279,0
7.44839972653649,-20.0966627964768,0
-3.7985003769704,-16.4571149120837,0
-25.6461862834622,-1.84251004359631,1
20.1339757807862,13.3022413764189,0
36.7308252690748,-4.23509481816426,0
-27.1208702078524,11.2102778501704,0
24.9054565300969,-7.04868542960774,0
28.9660928939721,-6.86647864000493,0
-32.6457789053614,4.93403716397379,0
-1.68223369046601,19.3867336652255,0
18.1453643679884,-14.205025509551,0
17.7640050756228,-16.8273802624208,0
24.0346410727596,-1.81628559944335,0
2.54448462504183,20.9609114952509,0
4.62333813031718,12.9141158474779,0
-11.6640170847833,-15.0900844337902,0
3.85742920298727,12.7612129785914,0
-36.3961941099896,9.55635313760637,0
17.9946121839787,-8.55382887905649,0
25.3818521453598,-15.68265852542,0
25.5602941199187,21.6873506718463,0
-35.4828520368247,12.0154528159407,0
31.3250981253429,0.582402259576245,0
-30.7856864503476,-5.35962087757958,0
26.6690086510806,-10.2824136669479,0
1.68718628153889,4.26023379303707,1
-36.7561493660457,-17.2530583984676,0
-28.182536098231,8.0713818717272,0
7.08127759285984,-12.9254633096337,1
16.8558400653243,17.0891246260619,0
-35.1860831557198,5.21807342137896,0
-24.6111301303845,-20.4312735775412,0
-20.3348155826783,15.3746984446902,0
16.3409722855011,-15.8439445310234,0
20.5645401984899,-11.8481077489257,0
6.7928406422445,-5.47368899233492,1
28.3433478343554,-13.0638274873763,0
-3.4966540965742,7.36402364738233,1
36.7786074937769,-16.4880492220889,0
-18.2429323261199,14.8436677563445,0
14.4908548209052,8.92323383831692,1
7.3525289558371,-9.06037111469961,1
-16.7710036609222,11.1318778637662,1
-16.7800466329921,14.7685503119753,0
13.9663460308003,-10.0474246270902,1
23.6573615844221,1.09006552082493,0
-32.2056672342439,-21.5603726708923,0
-9.9276752607547,10.6599133590196,1
23.274018488849,20.567902861966,0
34.8331551932566,20.9481785349645,0
37.5238480100653,7.19434194849416,0
-5.65650765687244,-3.530999790984,1
-5.08037265922905,-21.6271164903879,0
-12.278136904383,-6.03050822579317,1
-3.44524408007084,8.34434875939467,0
20.5181207654879,-4.19595957840738,0
19.4332213459557,-11.5782647555284,0
37.4219389243177,20.0967538482448,0
-22.5664211093796,-11.15191153452,0
-9.46831016596148,-20.3248745846424,0
15.8589334086426,-10.4145395321144,1
-25.574156028818,13.5110970505006,0
-13.3788839862138,13.0509902215793,1
23.4849309445034,-16.4193079271241,0
-21.3592757745204,-16.3541262345373,0
-13.0425052540655,-19.1302857826451,0
-2.88813648566705,14.5184653588825,0
-11.2229073291459,3.81059369427973,1
-32.4109933694189,-7.07005390668356,0
0.394673200783089,11.3386423400838,0
-17.1608023847331,7.83735859475525,1
5.14029328991037,-10.1028798495294,1
-35.9091554986064,5.00123146182984,0
8.64251163992969,-1.04692927664914,1
-5.8054907873945,-13.1657338597213,0
11.042474667825,3.89379543925576,1
-14.7350269361008,15.8338489828582,0
-15.9003717762598,10.541797123424,1
-5.2808265234863,15.3293009940033,0
3.82084199388113,0.641638117279456,1
-28.6929605416571,-6.99148799895605,0
-28.0876964361686,-14.0272409335821,0
-20.6120969564096,-18.3994983136458,0
-29.8738216077556,-1.62494835912338,0
-30.9291743710489,-17.9806585570656,0
-23.6684591635606,3.93891143216188,1
13.945658584634,14.9748943616053,0
3.15267672017186,-20.2156946923468,0
1.62692605720243,-5.06660102542233,1
33.5780597603483,1.31585417940547,0
10.4500939730702,6.52712594920495,1
16.6103741687832,-17.192830006372,0
-5.74243946532072,11.3404645407242,0
-19.1248234315689,-4.66132597781156,1
33.1350334621138,-20.4460957983177,0
22.9617585651386,-19.2467359131327,0
19.8841704611707,-21.5604057179904,0
-33.3067841767148,3.33985423235327,0
30.9056888075121,11.497496180459,0
11.8277374380262,-18.1692787254079,1
34.0441759973333,-19.2319449179002,0
3.43838669440417,6.16598597599182,1
-14.7957723436035,17.8148903194839,0
-31.2727852122256,-3.9589384564729,0
-5.96337695480015,12.3944974298426,0
-10.0674640620151,0.263738876780774,1
26.7921728912576,-10.4541193972749,0
36.7782223309621,-5.31520566998534,0
-33.9071628835803,-1.2081652531048,0
-10.8577271400359,9.67003633076001,1
37.9290952043447,3.49674724800734,0
-6.45868057280162,-1.42710494743383,1
-9.07075346003954,-10.6146958828004,0
-30.0519534990039,6.30764789717466,0
6.81052907028597,-20.3149883206273,0
-26.879631800248,-19.3319079301243,0
-9.38024565777459,10.5448275125528,1
33.1627878682647,-21.0398543005675,0
15.2280851211208,6.56072762449215,1
-19.5370053011916,17.0739917325266,0
18.4010743244983,17.5910821923,0
-13.1755306898918,-9.06042207483882,0
-9.88308687492109,13.7625456157955,0
-0.54765249468754,2.96975552031095,1
-22.7530006116835,19.0540527409762,0
-16.1448837715117,13.1344555690215,0
-15.7629265408393,-9.82643068415141,0
-5.33188563175625,21.9313447416024,0
-1.66342652033916,9.97798126127532,0
32.8259209984538,-9.38912706851179,0
25.5534599482447,4.0282843596915,0
-15.9618481261287,10.9610190811836,1
34.8137002609269,-2.18960820713304,0
16.9516734083156,-20.1914955849949,0
27.7253974947755,20.050440703065,0
1.76698814105224,-0.743322443168818,1
-33.9895785432794,-18.339033519939,0
34.9611671380889,-19.6586181904989,0
13.0878106764712,5.75892460791223,1
-33.0245265297673,-8.58587131133523,0
36.4143469813314,10.5700344478465,0
-15.5917776676046,2.76902810974025,1
34.1930723232473,9.34854833858277,0
-24.8200901249752,6.40925988161718,1
-37.9312504871675,-8.49848303534761,0
28.7626132746208,1.91751461483981,0
26.6407933255377,13.0902845463276,0
-12.4329163035451,7.8351088384301,1
-30.5269121435551,20.8517270123212,0
9.73705186760326,7.05073594256108,1
-7.56833104741705,-11.1517237742678,0
32.5319847431909,-2.16472717835034,0
28.9260301187664,-10.9145498222449,0
9.05014510736039,11.4619401241793,0
29.9394978749513,0.977304807814292,0
-22.1119490548535,-17.2209838285606,0
-18.369370743116,8.19715531918524,1
-37.6865094991773,7.15243034824697,0
-31.1255955929812,17.8527116703564,0
7.2823217653328,-0.448548129453677,1
-15.2522327286131,-1.61300246568608,1
20.9329685486594,7.19035390872669,0
10.821634307944,19.2503957707362,0
-24.3544632302238,-7.61792235074892,1
-16.4661497160871,-20.9786540618929,0
-27.6750325398595,12.0156555097465,0
4.8256584611803,-18.2657278326282,0
-27.036527897263,1.56855105673535,1
27.0600600353576,13.1280487924249,0
-35.6889589819134,2.09106421471051,0
26.6246135665877,13.3242308758393,0
-20.3071627972704,-8.11460802813747,1
19.375171585163,-4.55401164870255,0
-33.7143271047983,-1.2908609519091,0
15.7811266789313,-10.3827397265543,1
-24.006792449368,12.2028318304713,1
37.5897945591992,-0.260075056333335,0
1.2691774566477,5.584223154842,1
2.89947703317495,0.53862506153169,1
-17.3649363325081,15.157299324793,0
-9.25246948573752,13.2440417088246,0
0.923139530789172,-0.190392775154042,1
1.17180943367833,16.1539984575886,0
-2.36104041324373,-0.12713757617059,1
-26.2832959778008,20.3191469666483,0
-21.6504178805844,-18.7953469009102,0
11.0331345476465,-5.3932379518672,1
8.06657663360208,4.00060928663058,1
-24.1417705066916,-12.502546240016,0
27.9445506745763,7.76317971818164,0
2.10657594830296,7.3527768665259,0
36.0648598538507,11.21579625995,0
-16.303153890482,12.3745595055632,1
34.1301560722625,5.0969292920684,0
8.17800360289075,13.6360088754857,0
21.0130733436669,-9.23630364476146,0
-33.1753710315529,-10.5511200701972,0
6.92793346950188,-19.3491734862694,0
30.3815725256312,9.76483837654511,0
0.743887544660467,-2.37355151666885,1
2.49544370936657,-16.549343626422,0
22.6917483484413,9.1747907561668,0
11.7872943559787,21.2045454056379,0
-2.80760524897177,-2.67639590154518,1
4.3560956263428,-14.4460398826558,0
18.4705569231706,-21.6497499849584,0
1.08844748227123,-9.8033064551666,1
-28.8205407545683,-2.32346292313162,0
-17.6254130449818,-20.2260076270825,0
32.2892849538622,-19.4891730526104,0
6.7941952823374,-20.0689754183706,0
2.98097982398086,6.83627327599011,1
33.2321601165457,-20.616399972634,0
-18.5721991696832,15.8942536412295,0
31.30440696139,-13.3718775825092,0
4.34082660054054,-11.8363408631167,1
18.1400514038701,-17.8785914751283,0
14.0083841496471,18.2822512832708,0
-27.3823519770748,-14.8344142789927,0
35.9851322562393,-6.44823652842701,0
-5.73497760794769,-18.4173716494022,0
-32.2079149275878,4.24962576003849,0
-29.7976096943989,-5.00244677499079,0
35.8903399521424,-1.27002171452888,0
5.34685378195539,21.4146179738465,0
-1.22930887802463,-14.7949195263618,0
11.0192212306246,19.5688554764234,0
-21.4164674116594,-1.66972943566447,1
14.8126219577712,19.4542938944034,0
-19.3224787463185,-7.45788568284476,1
10.1550488646091,17.1133550316194,0
34.9704227028727,-20.6005312477486,0
17.2080708714108,9.33483273268316,0
35.6940305233714,15.6694560149926,0
19.9227082962346,-9.27795624624152,0
1.90728390150129,5.30122487559633,1
-4.04394140169214,21.1325702635537,0
10.515510092148,0.332725993610868,1
-14.6575281784896,13.7096707922215,1
-4.3011494496736,8.32095613131316,0
12.5605158384898,-20.387731540212,0
24.4930652561489,-17.0421052989435,0
-13.7543803448797,21.4261810605632,0
11.9354228284177,-10.5767986047396,1
0.410658971465985,-18.8423087741801,0
-26.0341016320777,-21.2987552405963,0
-14.8141819416814,-0.0329802421129486,1
-30.0123021369778,-12.6350086902558,1
28.1672582145799,13.3198724526911,0
13.6002505778673,3.05756680913658,1
24.8425169356593,-7.48817455288407,0
33.9012686222791,0.711611697043484,0
9.92589732216017,-3.8107359500822,0
1.01856859420211,1.89184162175093,1
4.25561772574593,20.6565845698506,0
37.0447537384663,-18.7070560157813,0
9.64451469108279,-19.9231865694306,0
26.753290014997,-9.89758759254547,0
-0.740952742858838,5.15350574998944,1
-36.4831345880801,-4.52352437865649,0
-19.4688138635527,9.10130700499729,1
3.80570489576975,-4.95120885321186,1
-30.2809067837441,-16.4736239914024,0
-1.95228168393668,-6.33590857377804,1
-24.7356312238597,14.8730140805389,0
-13.270881967744,9.63572631942177,1
-29.6106401671233,2.93246198732607,0
-5.4540251780498,-9.6939680386199,0
16.6432858483703,3.7546416141362,1
20.3388605818489,-4.87727336889563,0
32.4660753929636,-14.3786096665608,0
19.5285077610204,-20.9331415681197,0
-12.7301360106517,18.2424343872075,0
28.9225227279265,15.2342861134603,0
1.94633997670494,16.3135725383977,0
-17.6821382654851,11.1030496367587,1
-25.2155216577483,4.93146534837348,1
-34.5791498053783,-13.1549288570041,0
-25.0211049721633,-10.6880069163729,1
32.3589313421624,-21.578127264853,0
-29.744607413051,-7.07105698051487,0
25.395349987328,10.9731302430681,0
-26.4620590280462,-9.60975006586746,1
27.0465848176741,-21.8303532175892,0
7.49113210557883,-20.6583572361772,0
-22.9696122481287,8.42388363019618,1
22.6123195086569,-10.0230161639455,0
21.8413095250896,-17.6586916737619,0
-30.7355336722204,-5.21534908827966,0
-24.9699685589956,5.86717661974819,1
7.81371937275077,-6.99499366247353,1
-13.2925153047435,5.76128960812039,1
-17.6863497206123,6.73832992605609,1
21.9867811224629,18.3332789150184,0
8.86262165358489,9.60033047212369,1
14.17127958221,-17.0306318117277,1
15.0049308781297,8.14111731206864,1
32.8335651491302,-11.5353210171836,0
-28.8657053561855,16.6413486619056,0
8.12335241758026,5.70178366298252,1
-0.770058615112312,-19.5121084371149,0
2.25730492818502,8.78470147969959,0
-21.1379460193825,-3.05770781228305,1
18.8617483371295,-11.6771804717328,0
-18.3803033496857,7.20376892244382,1
-22.8673377632394,4.02096715300671,1
28.2357763286286,11.2445500105095,0
-35.9339018846436,-7.61297909508168,0
-35.238143773992,10.2297986075331,0
-4.71248130822585,-20.7074581461053,0
-33.0077402613031,-17.2224261683513,0
36.4333682376586,16.6464183149265,0
9.79640486069732,-7.54919118844143,1
11.8809343214394,21.1877579116484,0
-13.0791400521961,4.05598274407549,1
-1.86201039924362,-10.5817112321661,0
-36.7656213976989,-6.49912924871058,0
-22.7978609291909,-0.554323746305673,1
27.2455996717048,-9.82587468835621,0
-32.8669520359607,13.2909383099693,0
-14.3831094081719,-10.2997876808042,0
24.8233276911048,-13.6243416463044,0
8.5019995039066,10.7022475843515,1
31.5096283940055,7.89944083657157,0
29.1923932999724,8.83927788709773,0
-19.3562094206384,-14.7849377101248,0
34.8233449288427,-5.04731779846086,0
-3.62545081038451,5.95837432724593,1
29.5304189370646,-15.267847234594,0
-2.67137007953644,-14.8167128125032,0
6.47682345897175,13.6968103925187,0
-37.1123950804647,14.2060171969434,0
17.3610896847496,16.6127431443182,0
-6.43717328650082,-16.7661600162494,0
-28.9835511312291,6.21177214772552,0
7.31548760882726,2.74680655172724,1
-37.6437226755184,15.7085313932296,0
33.3985632180051,10.8973287852991,0
14.5473149312381,-20.6428486537418,0
-17.3433461344746,15.5560277010118,0
19.2840371863074,-1.37561550581502,1
12.0332262766881,-0.621296045338521,1
-16.4380304345305,0.694980770028209,1
2.70670258780557,-4.9077145446973,1
-33.4235785191548,-5.09091350015357,0
13.4844728845803,-12.9888240297771,1
32.1391158189629,-17.2146676183732,0
-2.53546054917015,9.4618247034007,0
-9.9704272711683,-21.0183917185055,0
31.7219386244057,21.8976888012867,0
-37.120449246807,-18.6594527349306,0
32.6218753444706,-4.73810516940198,0
14.6997330807701,-7.3893735719761,1
24.4140138853345,6.76027196969188,1
27.1880036744527,-0.295533595222579,0
-29.5961563380354,-20.9740298079668,0
15.5799547215734,-20.2078079294802,0
3.92664877352608,-4.2264392782411,1
1.56771207294091,-1.35791312444672,1
-14.1563869855495,19.9680354887767,0
-25.7324660547026,-9.2854303643824,1
-13.7006888783482,6.96815823055182,1
13.0010615189602,7.35462997323919,1
1.82026044434487,-21.5616961150177,0
8.19283502791187,9.50792615207689,1
19.7839352508668,-1.24265817523182,1
-25.5464476733277,-18.1242708549515,0
-0.428511256604367,-1.99535824769105,1
20.1162903709764,-5.73968253943492,0
-15.1383278801489,19.6088374826007,0
25.7537866590872,-11.1825614410456,0
13.6653789221501,12.9087522057016,0
-13.036950356752,17.765248415883,0
2.9080386103136,17.9276109484138,0
25.6740863059603,-12.0746652688838,0
-19.5337568050623,-7.2980002702615,1
-36.5192117481818,-21.2582233608253,0
8.16837769642524,-3.62673171507043,1
2.94827073766001,13.9139742051948,0
-20.7974395895187,15.0056757705188,0
31.915516925223,-18.3014668228469,0
33.1356368365865,20.670722390708,0
-0.86415545098702,-15.3495358660449,0
15.0197157090432,12.1439327922204,0
1.26050923466337,0.10631858535822,1
-16.3222505399848,9.90830448154885,1
-37.2817631449274,12.3872558961476,0
-15.7358216319993,19.8930032535689,0
12.6528225013553,4.77809374509432,1
-26.2129799337212,-8.61116324185074,1
-20.8561019975491,17.399201392054,0
28.6992741258328,-6.25632590539708,0
8.03529461214139,-16.7890690144588,1
11.1578494874016,-6.10833335320391,1
-32.7421011618578,-2.7885442218676,0
-21.3905308356842,9.08704390345001,1
21.2795651037173,17.3577090715981,0
9.8098857996562,-17.1654001548072,1
-32.6331518433014,16.3804053765232,0
11.9486117076275,-18.1576874901699,1
1.49411713833771,-12.5094463360283,0
34.0122525262709,-21.6681005718245,0
-36.4153490226274,-4.6271878155811,0
17.3825557783256,7.65613190778053,1
-7.71264261606813,12.7408600329521,0
14.2307184227574,0.845032536920737,1
-32.4453830335339,2.44304058709709,0
19.611462803827,-0.284432220485485,1
-34.1450830817555,19.1553771286462,0
10.8231660106082,17.2371561276106,0
0.0588927824325083,3.67688533194407,1
2.28682289651483,0.643267155519766,1
18.107116053027,-6.58176544907104,0
-17.1327974532847,-14.563838780409,0
-19.9092906101942,6.47937974687484,1
19.7556765753843,-15.3628771945938,0
34.9671774870123,-16.1736204591078,0
-25.3683166050979,-17.4301858515345,0
-9.22686423925472,14.1073515234013,0
-30.6430190469804,-17.2943014448907,0
33.0267416414213,-6.14334350433946,0
23.0216058077445,11.3436746491127,0
17.4956049624013,16.1902626895581,0
22.3982189233306,-18.6243452367036,0
5.59129126526813,2.93085847212884,1
-10.5115487584314,-6.77829119818643,0
-25.7386419838716,-14.4536435428075,0
29.3641644901642,14.421553356911,0
30.5519004708379,4.06525373433263,0
19.6522426779049,13.8638673943878,0
-10.5037984153563,-6.97533371019614,0
-0.286909027632404,17.6837961993017,0
12.0600969256654,-16.8808311695987,1
-16.0385244944766,4.02666959439789,1
-27.1276565124135,6.39506090150237,0
-14.5818826419952,-19.3380281362773,0
-11.5944612294886,13.7843716334665,0
-27.3950768107211,20.1782959355997,0
-21.5658717403764,11.3828277464247,1
4.24244822956718,-0.356426386022925,1
-34.1100357895585,4.08983103170589,0
-6.28120019090028,-5.59700837279127,0
16.0800923867267,-15.485387686415,0
28.8247506710575,-9.15924431174522,0
7.71243740445502,6.02492225792136,1
-2.66212437790782,-2.23098010627141,1
23.9719688932155,16.1425934313523,0
-13.5185067376525,8.52084660073988,1
-9.39440281316154,4.56626391043081,1
-27.5108054990361,-4.81434951616751,0
11.6730214097428,-1.23742591873875,1
-36.0626100040589,-9.28668508041569,0
-20.2398377016418,20.8804037641557,0
36.3874411475451,-18.4277013078624,0
33.6696297529563,-3.1678762960701,0
36.5608529269539,-18.4113753379757,0
-32.9107386049875,15.523843651377,0
-23.1604326564554,16.8916942504132,0
-5.82114693627812,-12.0448596689025,0
2.81780859393448,-0.930128898603765,1
-2.79093667273646,6.09958258181156,1
9.56911404422425,-4.12742986582917,1
0.194514382870587,-17.9981944879634,0
22.1750557413247,8.86138572120129,0
15.986746128507,12.4866161177865,0
5.27477054629355,8.14289556491905,1
-26.0604928603853,8.77833872282758,1
9.54585538454599,-7.44629732363605,1
32.3633326073471,7.62535254650118,0
36.722981574669,14.1186718374769,0
16.9611917914623,16.905724007656,0
-23.7455590060477,12.4373606163667,1
27.3700111000611,-1.48526562772668,0
-28.1914478589125,12.6741251907584,0
18.5038424274318,-9.93947334667117,1
-34.3612382399819,-19.0354142729059,0
11.3771574252759,21.3116965069466,0
-33.4751788772723,-1.50526730098882,0
31.9019459863273,-15.429570569966,0
-24.9489360751234,-5.60106558175316,1
-31.3084722583048,-4.24453989296204,0
-14.8547475151012,2.58113590209609,1
13.0412313890575,12.9712983178267,0
-22.4623089681755,-10.2832501545292,1
36.0855349657043,-6.02110286635175,0
-34.9934652009738,-16.695581279846,0
-0.623878951826946,0.754959249312858,1
10.7109051422977,12.9893191761574,0
-7.21877367978826,17.7463580780814,0
-33.6617711642505,-15.8161085494763,1
9.90561161435942,-12.0307386724309,1
-21.6918268509986,-8.50765275381275,1
9.85791549663022,0.160752383252696,1
-8.01336893512364,-12.29564176434,0
22.5041850118768,-5.56356403823908,0
28.8068075864271,-5.19569044750785,0
21.2858612988571,10.3892264268403,0
15.3886773283629,13.6594215496493,0
-6.02891076941119,11.0517019878852,0
10.9330432032835,-13.0858271035594,1
-32.0485164699074,-19.7119214292304,0
-9.06300219963022,20.7339038992665,0
-4.73561900219489,-21.5247008203412,0
-7.07169046899141,0.500013192585012,1
-17.1922496848478,-15.600132594795,0
-20.4173219458985,1.64957694331791,1
18.0802441558815,17.4020343190122,0
28.8344026600353,-2.02753702735177,0
20.7090894067287,-14.5780349330347,0
-35.2767001643784,-5.46233251519136,0
4.12804102599884,-10.2240955374898,1
6.70126130294766,21.3868769749061,0
-19.2896731740308,17.554195087396,0
-7.72264400045625,5.74898853799432,1
23.3152650820578,-8.34557211775221,0
-15.0604941609498,2.59305651751714,1
-0.787786295882512,12.0651071736014,0
21.3778230399162,-18.3846148576785,0
-3.80174992478177,10.0238042870021,0
25.3262710584256,-2.0829583967785,0
13.427268445048,-15.6289171245162,1
-31.4161911529981,-18.134101408418,0
36.5346040853302,17.4659161464683,0
5.04855982344793,-2.02258817583445,1
-22.2163663670424,17.1034572241519,0
-30.7337412381142,-4.16665748644374,0
-33.2483684900395,2.25832072955934,0
-36.0405666281846,-18.1967204825432,0
-12.6063524138499,12.1920323772324,1
4.31730156356093,-16.3546864580784,0
26.2913959804305,-16.9638648207783,0
9.63332085830145,2.86401836270259,1
7.58963435343731,20.5995140632957,0
-21.9916526616373,-3.35886802074713,1
-18.7024727830258,-0.0483640555750142,1
11.5500020557696,12.6031933887088,0
-13.0023254090082,3.69686252011698,1
1.76122020859017,-1.3231925583016,1
-28.5215415668487,-1.18430225729912,0
-3.59508230931217,-7.06424358426659,1
37.4372854107207,5.6237445168299,0
-7.65860922854645,-16.4838178719081,0
-33.2947095264941,2.53892500136421,0
-15.7349445460657,18.3863211987138,0
3.97265870610651,-7.15787150695098,1
18.2496732240686,-7.58133667821062,0
-13.8012582404043,3.37016986390046,1
-0.466778676706824,8.28015347698247,0
9.77881676917298,5.54740462260533,1
19.2391188436348,18.9096121022966,0
14.7354370982968,-7.41926254570234,1
-27.5970793959098,-3.65757701563566,0
30.9291199555805,-7.22423332452565,0
-9.20537929014121,-11.537658641639,0
2.25128790568187,-4.39019063956434,1
37.1347401208764,19.9718783345199,0
34.8239078226811,-13.4979384368555,0
24.1411018149911,4.76083165392889,1
-5.7839442278267,-15.1992129297421,0
24.166216542166,-10.7039703737726,0
-4.2183126142123,13.1820578044661,0
-9.10021359630868,-11.7148877850012,0
15.7498728551516,-5.72231216546249,0
-19.8423749411689,-8.03290784690169,1
-24.6418514394749,16.9711847885356,0
-19.9008456686799,-20.7709467260427,0
-16.4470369773538,5.72813974299753,1
-34.9106977562155,-11.777113954464,0
3.90766798028781,9.37046453481885,0
33.6299226762301,-18.6609120153943,0
21.8755822226644,20.6944481031297,0
-19.6511511030512,-4.21882111677818,1
14.8941416140712,14.5501742878178,0
-36.8404292967954,-9.42283407703544,0
20.4096105125938,-21.3400163028623,0
-12.7761554936207,3.34659126435069,1
-13.5029128561266,-19.4672315441194,0
20.1732344530257,4.59695386609463,1
-8.80346218310031,5.1558840437276,1
-21.3843692047569,12.4404290935337,1
4.81247825211437,1.98101937102691,1
-21.2318672808523,-1.1435564327613,1
-25.6395838601133,-7.40388002647341,1
-7.62735619292918,-9.65934546931577,0
-36.4499844792112,15.4154917401098,0
-5.83147009837425,-12.7013359095235,0
-37.7512292067196,-16.0516482806018,0
-34.5906378192439,2.76246487435833,0
-23.6265672488948,8.2256675757112,1
-22.6984387682341,-6.04388334675771,1
7.62657112984286,8.22520855415999,1
-20.3890931976264,-6.83824939498784,1
5.05763886389371,14.4825410740791,0
3.85697502847037,7.08022480264389,1
-12.3115216678775,-6.36580870013427,0
37.2341865271955,-18.4088858880163,0
-26.7246969725331,4.42927546400477,1
26.6978627163468,17.4767735622671,0
21.8256808000663,19.9302065513063,0
1.84687430053048,-3.03865176970278,1
-36.5682388695157,18.5556444182331,0
-17.9776696452121,2.65005164849792,1
37.8928189795349,19.1588181862107,0
16.0010869487582,-21.9776390041025,0
-21.4251345559986,-2.97524871941452,1
10.7625642386583,4.62930399599032,1
-28.7988131226093,12.7674367777412,0
4.30778186060778,20.8266270094366,0
21.8855836973112,15.2628228627452,0
-6.49785366825241,21.8998561445807,0
-31.6415051393562,6.48125352123737,0
6.62011076910935,-15.1155505482209,1
10.5842512658614,-20.7792598250182,0
-28.4882404175658,19.6855619349186,0
27.7598875360007,-17.4156583665238,0
-0.928394290398586,2.68997252714119,1
-17.0226457804546,11.673776128375,1
-14.328155667734,1.74624800494075,1
12.659069713754,-1.23428895748352,1
0.00745398813850784,9.13331748406006,0
-4.24547236762136,-9.88795351669229,0
-13.2557292801787,-1.32695155603049,1
5.01020041294208,16.038698183865,0
-36.8430736533644,3.88680055150857,0
4.0153496082437,21.4153847503038,0
33.1226403691807,19.3880900876099,0
-1.38530507864112,19.6782341566134,0
-13.0358504839787,2.94876081515923,1
23.0342081838687,-21.4619880102153,0
-27.0966170447049,-8.26693952131606,0
-32.0246708776924,16.4018197734092,0
-4.14899763819255,-14.6453835290048,0
-2.62121445059485,16.0325749660894,0
17.9875764693624,7.07363169449014,1
15.1268275175823,-17.1940439411607,0
2.51486484907151,20.8466924236281,0
-22.3194382934033,-13.0080476014084,0
-26.070489360301,1.88198738153767,1
-7.42979649803721,-21.1606337796094,0
-4.74423400626812,3.46364330691574,1
36.104823635945,-2.8250506865317,0
32.4325586264237,-13.5614990414778,0
-14.5871244677064,18.9424082812505,0
27.5562777233434,13.5373410857989,0
4.5772733731275,7.3676183158934,1
3.35633341523442,-8.75656484478831,1
26.0132494906271,-19.4952948779771,0
21.8857860933844,-18.9123110991619,0
2.76421181581772,7.56628741534044,1
-37.8608908257182,1.98875578458312,0
-9.86841253581852,-0.659795319608314,1
-4.85481899139834,2.82854315822667,1
10.123390371732,13.5871279693034,0
-26.8449178625861,13.0015816699277,0
4.96789452269814,-17.0629840620826,0
-7.36311879321216,0.0469316533444619,1
-33.8973825526476,-18.930294410055,0
-27.6651612971103,16.1446944576195,0
-8.32126637226136,16.6663041851165,0
-3.22577709811941,17.2118149984181,0
-12.7747592709556,6.02843387967113,1
27.1572823921792,8.8366512407964,0
8.14384197607654,-4.50646547339302,1
-23.0190067067949,12.3199478106917,1
-27.0923971173405,-9.72274966698283,0
20.3208762626415,-16.4220775792814,0
11.606956322677,15.8349892705248,0
-11.9867290792214,21.5399170280977,0
-33.6975609068738,6.78773338639006,0
-6.05251860076014,-19.7978437055841,0
-2.97435098145419,14.4494651224403,0
2.69820090981151,18.4657462044748,0
24.9601332544609,-18.2279193146252,0
37.8761269848112,18.7543653631235,0
-8.93718513159958,17.0658129337549,0
-23.5539213853859,-11.3227063251258,0
37.4217413673145,-4.40798000324368,0
13.6751970376373,-17.4125220900106,1
33.0520977919266,20.078344651282,0
10.3671733475064,-14.3053034855903,1
11.301551264819,0.403649430186178,1
-8.92150945687792,-3.39135466067517,1
-35.8816059405588,5.91438992781225,0
7.07304454445712,2.06016493181898,1
17.5791974567973,-16.3198720940752,0
11.6374463202046,-0.211959174137213,1
-33.2909187307014,0.0159087795063151,0
-26.3688999949732,-3.1889502370937,0
19.4296882143844,4.56476696518358,1
-0.316675399747467,-18.1452367103563,0
-8.78794998353923,-12.5220357296358,0
-16.0878455114701,-6.05653817649386,1
-23.8361487033903,-11.8721109197106,0
33.9976558912121,-15.8294434514193,0
-7.74771434007529,9.58750382462194,1
-27.424472234542,-9.5028688873955,0
3.14432230152087,2.96392780368776,1
-35.6807539735075,-17.5356458125802,0
3.68220333521266,19.6196068283303,0
-7.85926507286528,-5.94632452888343,0
19.8318667409329,5.94306294902647,1
-25.6283717660651,20.5005889180835,0
-2.42439083472424,1.50999171475546,1
7.1169940758769,-20.5636047107401,0
-31.5145873640256,-7.30338007926825,0
-0.217302291321538,-18.3087875092576,0
21.0443056128075,12.6734088199554,0
-27.8298378943587,-4.27364633372481,0
15.2148150703513,-16.2668697504967,1
25.1355646980197,9.17949210632151,0
0.999235378898746,7.10769154118132,0
-37.6341504331694,-9.73435180890737,0
-10.8898941301316,-0.285267382077883,1
35.9496513284349,10.6423965016275,0
-27.0060202395133,-1.35605222956069,0
20.8821964228218,17.0397827501034,0
-10.5655732866338,-6.19091686784387,0
-16.6000605353762,11.4009595844137,1
3.29912233903797,-18.7434280887128,0
-7.04986697311403,-21.5248611001141,0
31.9430933694646,3.76289501931893,0
-10.8756525768837,15.7089435697537,0
-29.4492982745949,3.50755161992477,0
-18.6136238119595,19.9431238054226,0
-26.1685387325159,-7.12104077179913,0
23.796426862933,-8.06640474497086,0
9.85255091086216,10.495277757127,1
12.1124474621676,-15.451319421342,1
12.4729379316595,21.8151066628041,0
3.5930539893512,-10.0255417378453,1
-16.2678725809516,-15.3720391618363,0
-30.6042000220983,10.8690716697818,0
25.1725998940023,-14.6673764222524,0
-14.0584468281772,13.1367172506952,1
7.50755103304935,11.605572946514,0
-2.37365511459119,-18.1795966933764,0
12.0240617498318,21.2413851772422,0
-18.1640079173695,7.61786127527309,1
-16.3756863794825,-9.40434739044719,0
14.5203043554711,-10.144811528309,1
35.9843727703246,0.273929877330861,0
-16.5255805774111,3.17144845160769,1
26.9034689552558,-13.5615087087445,0
30.5009265958446,4.06500549711141,0
25.6693163160317,-2.94887662535893,0
19.173260344091,-16.4069482710252,0
-18.3060227104343,-14.978232347413,0
33.9825251790249,-12.4544005938918,0
26.382056172477,-9.06386339977605,0
26.020476825361,12.345691641183,0
21.0638821117674,-7.75481787888611,0
-1.99459492384905,3.12943255548221,1
26.6885800191121,5.47063757520644,0
32.6180161392274,-7.1560455073635,0
-36.157482861482,21.8731682876817,0
17.4106351879079,9.42948767031463,0
-2.55970044977808,4.66410144361881,1
6.93072617822365,-6.40350800045353,1
36.8218261435881,-13.478851083625,0
26.3725693403551,-12.307856109274,0
36.2289890437944,-19.3239717890451,0
-11.7910040617723,12.4649359779765,1
-16.920392970544,-14.3350165294505,0
-13.9530495891157,-13.1080748811662,0
-12.4268490400747,-19.0442332868659,0
3.65559313432574,12.6186358079653,0
-16.3243636885708,-12.5936138950395,0
31.6053025705107,-11.9870666176232,0
12.9719305731689,10.0867227833676,1
21.6973293449491,9.35932487057591,0
-24.0915911778719,-11.9231941938748,0
-27.2926755786203,-4.42375752404382,0
-33.763406590147,3.84095385182772,0
8.99638522641776,-0.215960242482669,1
6.83554559244517,20.1090638132906,0
-9.49726108524796,17.2380698981648,0
-36.2810149073032,9.84645630851848,0
-25.8969102210206,-17.9922255308032,0
0.514738814384387,-8.11290428220934,1
21.8250765117725,-14.051373954287,0
19.9148568444299,-17.3954835396357,0
33.0086832374251,-9.6636789416189,0
22.4336768248442,21.6459238526749,0
-3.47613433115313,-2.68098072547602,1
-11.8257000444762,-13.0685231840464,0
-27.902654956446,10.6110762559208,0
4.65376509797386,20.9516380354469,0
-22.2212411797779,0.19342968632111,1
-29.0314937291654,20.1553363773629,0
20.341754429415,18.6605600593231,0
-3.24859850853063,0.627888511346239,1
17.1640758180924,-6.50016971419844,0
-29.8888567186248,5.95522248062398,0
-4.62527135593905,-9.91229960029282,0
4.36148872613565,-7.06388847726032,1
27.0243598707334,13.1589684823158,0
31.3066309741486,-11.5312423773678,0
-11.2988970691164,-13.6312814982019,0
-9.70045479037394,16.4216625752105,0
-30.230104890898,-21.5284348579287,0
11.9770824856885,13.759387438213,0
-21.3704507497851,-1.54787670625942,1
27.8487799891418,-4.56198093522558,0
-8.10122842512206,-3.72018621093301,1
-3.50474067192393,-8.57137485839035,0
-24.1867143120386,-0.947060021387138,1
-32.8746717799963,-8.60283591605328,0
21.6260571948169,-8.68437877031554,0
22.941890692724,14.5301613645257,0
-2.78015944270271,-0.0998294057284319,1
26.7841198088942,5.16869547476003,0
9.54924751089589,7.65142220432114,1
-24.282684087705,-13.297602382835,0
-35.7146640811692,-3.80776985217793,0
-28.1368346740939,4.17301491541356,0
-14.0139366787311,-4.99982135868336,1
17.5966279322618,4.85105945154298,1
20.7465041331377,-21.2890295710847,0
-26.7087738179677,0.739696756385957,1
22.4807683437715,1.77999550417374,0
-25.433758898756,19.2531158247259,0
16.4998215924188,19.3343150036808,0
-32.0296805900456,-3.6262391972988,0
-8.06618545272242,-9.09951677837737,0
24.0030757008837,-21.7312993554728,0
2.27812065652476,-6.56322915060242,1
33.9990903050884,0.0594607281336152,0
-13.9322616887839,-18.2621129675385,0
5.94057092739204,-14.2351240811355,1
-23.5425886918457,6.26228838589105,1
-8.18815543278473,18.8870684584736,0
37.9054775417033,14.783263653293,0
-11.8796945391453,-7.05349618166776,0
31.0513822874569,-20.8073520473017,0
15.0226419153498,-11.8829292351295,1
-35.7374620008544,6.272595421022,0
-1.42293871277463,1.94344721730399,1
13.444812996061,-9.64016999291782,1
-7.41129421728981,-5.9746262303065,0
-26.2890814332874,4.24226839232072,1
4.64875873930181,14.624193623795,0
34.1487376410516,9.56721105844222,0
34.9064521951113,-16.1793381081171,0
37.2355007285536,-12.1607425688484,0
25.5370514912974,-12.4628307935595,0
11.7100828215414,-10.678733692486,1
28.0571433592469,17.1619694810055,0
27.6466266511274,10.3477035805746,0
19.90627161718,0.453534934413824,1
-25.4396588704507,-1.56889059118839,1
-31.9599640780496,-20.7291761583306,0
0.675988026078642,-3.30219140877745,1
-30.9289400456705,-10.4827354295228,0
-4.72270620756913,-5.83092970718394,0
-14.2901674362042,-14.5464487853359,0
-9.18453345933863,10.2482709218094,1
37.6650199087844,-8.14530066815068,0
28.0814094340698,6.88246987029835,1
34.0408985453366,7.1632614707463,0
-18.6728319987262,1.13969339863427,1
-34.3146359359211,3.11302647070666,0
25.219740827021,12.1189225,0
14.3431439549897,19.2497342063111,0
7.297663787767,20.3780448205324,0
-21.6797759017589,-21.3911304784263,0
2.67286550666432,-20.3594696985596,0
-33.7625776616995,20.0025735260094,0
-5.24025279849644,-5.56732315575066,0
-23.5038942731795,3.70704773584496,1
-13.0890650598497,3.34094340667586,1
33.2619379417668,-3.85133142727904,0
26.3998928103811,1.31168994160711,0
-18.46924338454,-5.69068678152025,1
-9.33237939802069,14.9177967261327,0
17.7470894460746,3.43172469535516,1
21.4490343984131,-16.7610870847493,0
-37.1155835576577,9.59178848207894,0
-21.1503327786136,-18.1498802356225,0
-32.902543333225,-10.2139805877724,0
15.6297145479136,-17.607936433909,0
28.5709971585298,-4.51741301403064,0
-16.9113484477246,6.61745879790001,1
14.6531128860674,19.5211737576147,0
-27.4349716889862,-11.0080299959271,1
-9.51755547154842,-8.34035633048315,0
25.5267153436153,4.97412720675576,0
14.8768730341134,8.89610990264089,1
14.8123548413181,-9.34377586039952,1
26.8554958772342,-13.7679231842414,0
-15.6112950913201,1.25389646923448,1
11.4735668601041,-9.74928220513643,1
-15.3042816245353,-2.25036506872235,1
33.7954891554619,-20.2670587458177,0
21.3399650760061,19.2547015687781,0
24.7013811643612,-16.8041333091171,0
17.9500430564456,1.05566342737971,1
22.3191148910864,12.4366085751818,0
-7.2080284655384,-7.67650356310394,0
-28.0734954479272,5.23042647610664,0
-25.8737132608684,-18.6753844748507,0
24.064936627487,-20.2782849409331,0
-35.677886052696,-18.7248075397837,0
3.34335073872038,15.4211729496148,0
24.5857823128532,13.6441694982245,0
34.0781742862179,-8.01961684777048,0
-3.01959408803487,9.80187206054374,0
-32.71797683677,15.3208121460265,0
1.70236365194011,-19.2886030333976,0
-23.1148499670883,7.19148752066442,1
-15.2979283981262,14.2095603864398,1
36.1543480707267,-17.408224446239,0
-25.4359805909122,-17.8758957889523,0
21.0785983868545,4.2932186388292,1
-12.0552489758222,6.35195853074865,1
-1.96818326319929,-18.8727512868629,0
-30.3820126763182,20.095327115559,0
-33.4261910649035,-17.0090442163979,0
27.4907439175811,-21.8103661428959,0
-32.6137574801724,5.75417368178967,0
29.0924678700282,15.4829185089775,0
-8.068160867262,-2.37019906171729,1
-4.55615665807306,16.464324936155,0
-11.3443650856642,14.0441668099916,0
-35.5413299603206,-14.1943269499159,0
17.1430168358246,-16.9908308164872,0
-11.1347800382693,-2.050243576329,1
10.7205915292106,19.0349934547141,0
20.640767451824,6.53846957037208,1
13.4581241149558,-20.6612380090182,0
-1.07369101714214,21.7674338098248,0
23.7218139376542,3.14611107940644,0
-32.2242496666527,13.8727868630294,0
-35.8467031384791,-8.10414597955756,0
-5.05346641654269,-17.0418414166124,0
-27.0956681849411,-19.421020604553,0
23.4108170410192,16.6711657290041,0
-37.8666387230293,-18.6323101638838,0
-30.6871631038936,0.222600382332132,0
-5.9526981020432,-14.4735915780536,0
-20.1313375059214,-17.9959174556264,0
34.6788891942057,-18.3614612860804,0
-9.76697002470846,-10.8027440752516,0
-0.659674311041847,4.00263596082137,1
-17.6692995576463,-9.75231382320206,0
5.79730544788126,-11.7411520526163,1
1.52344487084606,-12.9475352190005,0
36.3940501276945,-8.05995757653823,0
12.2162876312034,19.3970689288904,0
26.3144184173122,-5.84385536717055,0
-31.3770867151462,-20.408050431509,0
-5.86143765573544,-9.1305257167566,0
-34.8531069214344,15.3768844374191,0
7.76202710764119,-1.16604570539323,1
17.5899296756083,0.559833561034274,1
13.8797806771328,-12.5695883745381,1
-33.3615720760489,18.6444968791792,0
13.4142193962117,-14.7174596616459,1
-14.6622940095262,-9.41181712002944,0
-11.5296901553095,-21.8235840662191,0
17.2139676367892,-2.80520211259662,1
-29.861008090018,-5.08292904568395,0
-18.8100717292886,21.6496912075208,0
-4.64126810658475,-10.4305766422755,0
6.62565959399827,-12.9551537961767,1
-14.6675008250702,-17.8300612024962,0
-4.90435513741717,-15.8865771192253,0
-14.4144353985843,18.896145428494,0
31.6136223221815,13.6127548702776,0
12.0398926696326,16.3199168847829,0
-24.5551026128124,15.9269632545321,0
11.0278990388506,-12.1303218541368,1
-35.3177526269626,8.24458692130914,0
21.4781009038792,-8.80843631963223,0
-37.8628971207837,11.8381364400691,0
-8.77683503553266,14.4992598788556,0
13.107496366504,12.8754211954606,0
-34.9987143752065,4.8508383893931,0
-4.95829314261069,-15.6915658099203,0
-24.7470637528322,18.5481651091076,0
6.32407169301189,-3.38168437708362,1
-23.4812796519841,-16.3395092146037,0
-8.8434072662604,-18.7709968945011,0
29.0456633221804,3.07966930845989,0
-37.8600565917828,-15.9246493600565,0
13.6954605363592,-16.6896779642053,1
-16.528889768203,-5.2767244377454,1
24.4270560468282,21.7902139630757,0
-15.6476832094467,-6.56435413616063,1
-8.35237793833667,17.9311887394538,0
34.2821415382148,-1.33822736149298,0
25.4793503760843,-10.3675345307796,0
29.6564670152512,-10.8112350323095,0
32.8767637987847,-14.9779542426743,0
-28.1685931044802,2.64243803129462,0
-11.5302467705579,-13.473259726249,0
16.2343873431084,-17.6674145984332,0
9.51133912640161,-8.78831010156212,1
25.3550242985843,-11.8222864458,0
-21.2417044465765,4.65893327631228,1
-13.7316397982261,-0.958624412864889,1
-21.3266587036827,18.8739593255717,0
-35.8693142054519,-2.99743257457971,0
13.6959434601973,4.89544441661201,1
-16.252680774065,-18.6487360255018,0
-35.6599008743017,-20.8942308795472,0
-16.3817296184075,-16.1203032988759,0
-29.3972728030188,-15.4901041957893,0
-32.5566196667875,-1.05111318014897,0
6.15716688027138,-3.92222729633602,1
-37.1669622377927,12.2908055687123,0
26.1060986637386,3.9285090719836,0
-32.9793038892014,-12.3520683757558,0
-1.20862509129728,17.0858779383657,0
-25.6573937695281,18.3593158091941,0
-5.93117661443285,6.36647107356287,1
27.5925587079292,-4.89843075090046,0
11.8871691509416,19.4876255113478,0
35.1479893633865,4.92582305257184,0
-7.9222373266875,15.2651872435471,0
-6.69335255086063,-14.1714501346821,0
21.2241361561524,18.1561564523677,0
30.5559020486981,-14.8473252037554,0
12.8676802711568,-16.2244042139682,1
-24.9754520038003,-9.83712645793968,1
-13.6965333130827,-6.76061449967085,0
-17.3883520689178,-18.1090396675551,0
-20.4594100796823,-13.5499119416523,0
15.3893882906222,-7.64781137169471,1
-14.4802465694008,11.941962964219,1
36.014076295525,17.9261793628622,0
27.5451414490942,-6.52760699503616,0
9.10275731451776,-4.91382921877398,1
28.8379599433712,-15.0140204314922,0
-14.6593264370458,15.2652386793079,1
9.59087960788522,-12.6240412422154,1
10.1827249822925,-21.9780045026581,0
-15.1089942942452,20.3079948386713,0
6.30449542449063,20.9499211568394,0
-29.8166061265373,12.8836578060657,0
22.6790458413757,-13.869094768385,0
28.5103973202017,-15.4423882018399,0
11.2228958373498,-10.6230379516395,1
-33.8147408102497,5.11242130860125,0
33.3307055255447,19.5521598932376,0
-33.5949341504748,-2.0384556050483,0
-19.0649816631829,-9.59197407834135,0
-9.49104032504501,-21.481437050549,0
-6.57177410415111,-17.4511811995483,0
-25.445999247083,16.2006144621655,0
33.5900131706965,-15.5692487828945,0
-28.2687049397515,8.85058408990304,0
19.4095511297514,6.46062239756001,1
10.6518123981067,-12.8433161929293,1
-14.697224813256,-5.12244619846871,1
-29.2053644731823,12.9272452245292,0
34.6216758082665,12.0088693975474,0
24.6352452606237,12.3951803730264,0
-26.4329985686936,0.432012409707504,1
-8.14033949543362,-10.6942257370213,0
-2.83003010574988,4.39257411653915,1
18.0741871102858,2.84057834241336,1
28.5496705738666,-6.40368843015039,0
36.0120217598768,-14.9133024447551,0
17.0146675801036,1.02711154141802,1
9.341506179893,-15.1870677588005,1
25.9990519543653,17.8222872051075,0
-9.26880819107208,8.82253986543661,1
30.2998131347545,19.091861799543,0
21.9458252044168,1.15444708535451,0
31.0686530179984,-9.9113608404437,0
-5.97282433460334,-11.8540415262885,0
-32.6354053346595,-8.29015781149715,0
30.9717196316293,-5.91065510841437,0
8.56814777462419,21.7600362928235,0
19.0257013609046,-15.2691933112348,0
6.11065425355056,14.6253685521037,0
37.583704157921,-9.95495840962023,0
-25.3940765781022,18.1585619327212,0
15.870541594039,-1.24505890181371,1
-25.3305814168172,21.3890589028522,0
-31.9708513792843,-18.1597543299444,0
10.1898634831646,4.56303737229717,1
3.91253658927314,-20.3134197644523,0
20.6927959633389,-9.07033577846192,0
-33.8289288027295,-0.645800509761433,0
-34.4551741293934,-14.5789583305807,0
6.27075183041129,4.79295293448978,1
19.8926011432939,0.204548255683076,1
-23.9202120247542,12.5685980464741,1
2.73329756981446,-15.7993382148691,0
5.60092249385369,-6.85311886897551,1
7.97535394222528,-15.605667293286,1
-34.8998399433081,-0.509455170877409,0
-17.4706676915384,-1.32657975919987,1
-24.39988963155,14.9839862668403,0
2.10734281618479,1.43443826970471,1
17.8657208422859,13.9626737740738,0
31.740114509928,11.1992955874147,0
-35.6745182806332,-20.2827863545091,0
24.6405731853961,-17.4078199249812,0
26.4019598988918,-9.23529944289182,0
-2.3076896736737,1.96691450087797,1
-9.85577684956009,-16.6526924406684,0
-32.251611938305,4.64927443285486,0
-25.0832625447033,7.04316018387189,1
13.0693105464195,-6.13379495116443,1
6.84982256531079,-10.2717748372605,1
12.7519121481997,17.1123754275246,0
-3.78026610130005,-5.49467766837517,1
22.187767113193,7.67237458321922,0
-3.3593405256009,-7.75208561003222,0
29.9793455288716,13.6056691379624,0
-32.4857051277182,-18.0762767380095,0
10.2930792211838,-7.00718334627075,1
23.4552506762462,0.0358853550493414,0
-13.596527354768,-16.2012073609019,0
2.74144612600468,20.48605572774,0
27.8220768046297,-4.02246196887792,0
2.60042652807286,20.7343304299702,0
22.3145221889869,6.03195722549591,1
6.55372117070008,-1.73271950650314,1
28.9945325006732,-10.9313126905626,0
-4.31860029237956,-14.1696812410881,0
-30.9195437152724,3.91700039137068,0
32.6417117742835,-14.981203924382,0
-6.18849347475962,-4.32558072930737,0
2.02939411349715,6.07980497541399,1
14.5117132587772,8.83115034983407,1
-33.8460433989427,-2.29149063644251,0
-12.1288725740665,-9.88992240152372,0
22.2519423911186,-19.0493158545301,0
-37.5025716093065,0.842044296502475,0
-33.8806547707221,2.46129892653745,0
-17.1703946509334,13.5837363763493,0
-10.831610493612,4.76723443111464,1
21.3603078306125,0.319877388608134,0
-23.6477811617969,1.8520207041115,1
-7.10755057909492,-2.03741415374833,1
14.7405557194462,-10.0636274981134,1
25.0405140091914,14.4840100642292,0
3.509320660547,-1.19513589619859,1
31.3377772081611,6.31678034825568,0
31.7397774769592,4.25520529289951,0
9.00919207023639,-16.0182019068838,1
31.1958450926706,-11.0609421963551,0
29.933446913572,-7.53153244106143,0
-11.7577452745661,-19.5852662405258,0
37.7252861766182,9.70503807718484,0
29.6601374485851,12.8227409832123,0
-10.3499995639354,21.0426351306183,0
21.5001395190246,-17.6357834920781,0
-13.0474125321896,8.76082758871162,1
-26.0902315482768,-16.0241072100146,0
18.2007515378709,-8.11324048517139,0
10.0119891982699,-3.83287946139315,0
7.59267642199048,-20.8681296401143,0
-19.7172893664774,5.23748838969582,1
-16.5416465120282,0.0389954227910536,1
22.7039905920523,-6.82937291106943,0
6.60781595384564,-21.6569612215399,0
-15.0667890150786,8.26936838045254,1
-15.4955097720367,-6.59882618282096,1
-20.8843873652988,21.2112669753746,0
0.413573916688392,13.9282039379338,0
4.94278396048983,-2.79098697743758,1
-32.7639155903444,3.19658439900567,0
-25.5433662263825,20.7384467640438,0
0.799427290222241,19.142504524488,0
3.15698354424119,1.6753597941031,1
0.762730039077553,18.3836042706052,0
-28.7343377990513,11.4928550686038,0
-26.1630352540336,21.062095831066,0
-6.90487249837992,-3.555733904194,1
14.7176535640458,-13.8722966841328,1
21.3386488155219,17.0413591142064,0
10.3636161110681,20.8392392610261,0
6.21719275185417,15.5716895830235,0
36.0797472751567,-19.8823111729168,0
2.25250591202948,-13.0925192439244,0
-16.0838168761247,14.5429269166442,1
-23.0881386441805,-7.77187323240517,1
-21.6316548241726,17.0834920124699,0
-4.73758097164082,-16.1896661656422,0
5.08817877500311,19.9693347442836,0
31.5843448902091,-11.8334623639161,0
-13.9765968056531,-19.6249704855735,0
-16.6422450727734,4.12611010249185,1
9.03631197563826,17.8485804832927,0
-21.2461942332408,14.4685921266096,0
-24.9266742457472,18.6829537170144,0
-36.7522648927158,-3.91817737746898,0
1.24136207356053,2.74609150414597,1
-37.8163709626052,7.11610819963822,0
4.2561857690203,-15.0387069256731,0
4.23580388105846,15.952062818052,0
-32.3963511402537,-4.08480899548637,0
-7.83489841037348,13.2853738710848,0
20.6875112851707,-13.93955920799,0
5.51269943227487,21.4597407772163,0
-7.36674578832187,15.8376946345439,0
1.7724723053602,14.2487568201909,0
-8.17106291320618,-4.15334092118374,0
-32.9060919325616,-18.9802712159492,0
21.1674353789251,4.87155757374784,1
20.0875519422165,21.6031374356913,0
5.20825891738883,-2.78789098351131,1
8.69916064846533,-15.0222674106571,1
6.754149634866,17.0206872553711,0
8.86377119225393,-14.7971866907749,1
-19.7769236657061,-21.9236186638708,0
22.1223613154596,16.031812489989,0
15.6291494620117,20.8575838923629,0
18.0786013071649,9.74928574679704,0
-27.480249335606,9.70882009045899,0
-37.582740079976,2.19741997161492,0
18.1273353610375,4.48885742147581,1
23.6197880036372,-17.3333912068772,0
4.91883524613073,8.29998402532422,1
-33.7681663818664,14.3243323680732,0
-13.4446731411844,12.672235334124,1
32.9547174404807,-17.5882525082804,0
26.8095962902266,18.2821009778047,0
14.1947253383408,-6.0730439849328,0
-25.2899327110452,-7.71456220285105,1
13.6544863408173,20.0926518913963,0
-31.9527665030952,-18.0039738485206,0
4.63628610084555,11.1682601844455,0
-3.11282149894051,-5.46895923134439,1
12.545131149407,-18.0967256768948,1
-5.0073023576495,21.0971492345349,0
-35.666581428765,7.79573310118646,0
-4.37694086165131,14.4690946408327,0
-2.50294531007081,20.3558217453076,0
-37.2107879116569,5.77371266723459,0
7.10982327571421,-20.7463874565238,0
-15.0760477900197,-0.187258895355399,1
24.7709922885217,-13.9159942866326,0
31.609721598017,5.03229111242911,0
-17.681170300402,-5.34991719877528,1
-15.5027064422791,5.85239402848992,1
-30.9720039817792,15.2741469431608,0
17.1632177190761,11.059884541887,0
16.5269808603603,-5.47889333958653,0
9.18597530759266,8.27331516036905,1
-9.41525711183222,-19.6825319323848,0
9.93104125249538,13.4226362299791,0
1.3137931141588,9.90745049132826,0
11.4156741792457,-20.4318730138045,0
28.2153212485291,0.0759309916836344,0
-12.8425418742409,18.836344093596,0
4.37341153591061,-11.0882175410056,1
-35.8253420807763,18.5295666503526,0
-21.2142210069182,-15.3146505419764,0
21.704721487274,-11.8865807378143,0
-15.8912850023032,14.779409046761,1
-33.6540657075233,12.4269990896683,0
15.1164624730007,8.79588589308521,1
10.5133146844476,15.3069955456814,0
11.2258999869657,-16.295832345318,1
29.0778330143387,-14.8953712231787,0
-25.5306406096896,-13.1258898076067,0
12.6668002459633,1.41443803824519,1
-8.87674911161214,16.6093241585648,0
14.6853076844676,3.86558281916804,1
-14.8828413269504,-7.6623975534206,0
11.3720461979863,8.17161331040931,1
-10.6753217360445,-18.6785818686865,0
31.3779498447305,-9.36388804127847,0
-8.45329035125176,4.08072126238343,1
13.5296611965196,-14.3796651544197,1
19.2024470867724,-12.7166687042161,0
-22.8460676254461,17.2257732891185,0
13.5520916501775,16.630421502703,0
22.1160561896565,-13.8354688816623,0
17.19213530202,-8.72289855858049,1
-24.6850767369431,-6.63079410805972,1
-30.1555770944094,-14.2119014853282,1
24.1334521036,-14.0842431695309,0
36.4872964196164,12.3836552376437,0
19.127986075634,7.7537149570999,0
31.1403042300526,1.74028541032659,0
8.24713957937885,5.33763134331707,1
-3.10069599308875,-10.4605228199458,0
-34.5105730803913,-8.26400974703566,0
7.57475413228963,15.5632503042339,0
21.3882190835449,-19.4000537082436,0
24.171979687977,-7.20002986936612,0
-21.0457390237642,19.4695183145516,0
17.7006629434355,-16.2694538305743,0
13.4944909140077,11.2831332062383,0
35.8794589444597,-19.0696874019749,0
-6.71837324451743,19.7125187120257,0
-34.1067566325207,6.76150958696491,0
-14.0394385735493,-17.4571571050815,0
-14.0783477414236,-4.3882275087766,1
-0.552020462431514,3.08919621007474,1
-33.7720721758523,5.80760362098215,0
-30.7813074808111,-10.1302042458471,0
-19.8300508831506,10.5641521173175,1
21.46513100043,-5.55495457581258,0
28.0311110061536,12.010920355139,0
9.42278796035013,10.6803719691796,1
-12.7282236011593,19.5349583558033,0
-17.3851564961757,-17.6966746229576,0
-35.5699782511881,-7.94849505058826,0
28.0692669498165,-21.9731163674231,0
-19.1788459455261,-0.0910736538315895,1
36.8920573757356,20.6083339311897,0
-28.3034348653541,-20.9422000298633,0
2.50446215799312,-0.00307200888682502,1
-9.22664441627519,-3.68530714922431,1
21.5666489559482,14.395865363826,0
31.4708652528084,9.62346323635002,0
-10.5545288013176,-20.1531948055198,0
31.2393500915383,11.6410064321559,0
-28.9467492421714,-13.9467930723434,0
-35.3530955472362,4.22656660885487,0
30.7425113975128,4.37938428954126,0
32.7363067608043,15.2819881422436,0
6.839710994219,15.812623508081,0
-33.7099467010625,-15.2616210025719,0
29.0441222165242,10.3613985718268,0
26.563184968182,15.999179658793,0
5.22421884145467,19.7734451804191,0
-2.99550004951533,-5.13759481200578,1
-32.8620201096753,-17.8872606003051,0
-8.87580126469296,-13.2455577089593,0
18.270576661609,-6.12146566486312,0
1.6968907888154,18.6622649662717,0
-0.246296067102499,-2.68078613868136,1
25.0951079002928,-5.4069061513931,0
-36.7250078581373,-1.10873052459786,0
-17.9315487938164,-18.2758814213372,0
-27.2155144927361,-0.972596598315512,0
-35.4942380409946,11.9365974519435,0
-16.012149379076,-15.408526406311,0
29.9338287965927,-8.64353854222335,0
-25.6040599032791,21.335268167413,0
37.1623789370993,-4.56909721391173,0
-28.0210190368906,7.20291871333677,0
-2.48523212374626,11.9629245762559,0
-9.86788940097004,5.0076084329198,1
11.9746841289071,-14.1701232301613,1
28.3909340771493,-21.1415505271199,0
-15.5894570628467,-13.2988007139196,0
-17.2652965768802,2.17180386525561,1
-31.8522835719033,-8.3387984923422,0
-23.8377169559221,-13.1203302009232,0
19.7607108028447,-0.0242680716568451,1
31.1302854388068,4.80310552854555,0
10.991340613879,13.5424133148325,0
1.32614727583705,5.07869830118874,1
15.3212236801069,-4.15261060367705,0
-34.5743608354207,-1.2706191071699,0
29.6591042129817,-21.678513335552,0
13.1191017836316,-2.78927196903341,1
-25.4696515098641,-14.9440484116889,0
0.19490071763915,-1.35535200408098,1
2.41827815579997,13.9233073899442,0
9.42419294584415,2.07215281359478,1
35.3072057972488,-20.180215541934,0
5.25723874471756,-9.68904826850621,1
5.90306844962499,-19.6793918070571,0
33.2490716794282,-6.53030302767216,0
-33.3214238160068,-15.8241113184249,0
12.0837443835119,-6.16730602424738,1
-30.4457441225952,-13.1054380776791,1
8.2588337699754,-9.1845186338738,1
23.1307734939384,10.9867249403844,0
-35.5440318173814,12.7593967388704,0
1.66690430626556,21.742597503394,0
-15.3787557411986,16.5835709113085,0
12.2092606549576,-12.9048609459872,1
7.42651907738554,-12.7472685146309,1
-33.3222853641268,19.4755285394125,0
29.7284497029552,7.34377979914283,1
34.4533939891242,-18.0482886218547,0
-24.2534083151269,-0.482850908981099,1
-32.4105611612024,-15.2038380100156,1
37.0904122987377,16.5232231103879,0
-5.47914639988826,16.9322234719217,0
19.6826625603246,7.00779803045071,1
32.160619136972,-20.811957461688,0
28.2807968976623,20.1540114876239,0
35.2157105280313,6.42207552292087,0
-15.4462177517014,-18.0397578715946,0
15.9629410197865,-9.59199271427433,1
30.4834318184155,11.7459521263266,0
28.4392513507252,-13.3802830093202,0
24.9736999544479,-20.9031056925211,0
-35.3240839081484,-16.2034648836711,0
30.8663212851573,-6.64370295321783,0
9.72287034186709,8.33944240471252,1
5.51730187946203,-17.7933141018566,0
18.102209115941,-0.0343387936248725,1
0.62483627928961,-16.193150503607,0
27.726821469597,5.58131248165916,0
-27.3418839266053,1.92983322168326,0
11.9423326795956,4.56696135888394,1
7.06752564050471,13.3998136361939,0
1.01586376011548,0.985366607180879,1
-19.4088864990696,-17.5539350787542,0
35.9864275236699,7.84988485296563,0
31.6322867917323,14.0159513761468,0
11.5527258355072,-5.45522959010466,1
-29.60185982769,-21.9968307316996,0
1.11161205517457,-21.2834465418345,0
-1.4400024518531,-10.580741874702,1
-32.8189376212323,19.4817159331377,0
-8.44792104663381,-4.36248484647903,0
23.195444409278,-15.4024376256592,0
21.7858284141555,-8.58162582632383,0
-28.8817306862909,-14.7096013379362,0
-6.68979410389128,-5.53758323268763,0
22.653073807014,7.22610419111879,0
-18.7932753967774,10.1930244975492,1
6.64842969069198,-16.0613511912319,0
-35.2082594663183,-11.0691712532696,0
13.8038896164098,20.9607485936627,0
24.8383142990345,8.96920426373324,0
15.1932079876618,-3.18594098289308,1
-11.2653283174552,-15.6723911942844,0
-0.824796985349224,-1.82425417378666,1
-16.4063462664452,4.41120987004435,1
-17.7862386326878,11.1820635912132,1
20.1344108145319,-13.8054189895957,0
6.41282911858594,14.2108725105356,0
2.93029110379749,-11.9308005565121,1
37.2912832733166,17.8606899815722,0
20.4560068713718,19.9551426041331,0
6.54345390885178,0.0667809000620956,1
22.1048476754426,-7.38676313264056,0
3.71828908745447,-13.4411377867357,0
-32.1920852558568,-18.5189294140295,0
-1.95194336579046,-14.7999119165148,0
26.5792896966993,5.84593232938608,1
-7.36596841840729,11.3687423898686,0
-20.00338468816,-0.612846681948998,1
3.15312919696109,-10.2337965220564,1
-9.9630525930806,5.34678015637521,1
19.6476352372201,14.9591358063126,0
20.4468080020454,-13.2782174571978,0
-11.6805636554076,12.6272524058488,1
35.5264215575988,1.689202950302,0
-10.9586588604816,0.397513948597453,1
-23.317222375942,2.50649316302144,1
-31.079753520877,-7.96270021196368,0
-14.1941534286231,-3.90292432169983,1
34.8341282464043,17.7958193822548,0
10.5232853554568,16.1188041335432,0
-22.1813592341552,18.5914943460476,0
-12.6827162997387,2.80444926693293,1
-11.9308076124122,-13.8017168325614,0
30.008063400187,7.77004032351494,1
0.316163276740681,-6.27875886615143,1
4.72898129174271,-14.0721293547837,0
21.9901857398494,-3.80759576716847,1
-11.3294481258401,13.242332526265,0
-21.2663179548644,-10.943536005689,0
24.5352457121403,7.25948024610715,0
-32.220812413312,-14.2135449748491,0
-31.7538884703428,-2.98823642351426,0
-14.4615724228408,-17.7839100029338,0
27.0176641639792,-8.75804888441411,0
-1.95340233847121,9.66696163323311,0
-13.3579774555891,-5.12421240182552,1
-3.03667001536245,-2.71058612689007,1
13.2372702637703,-21.599954372779,0
5.62870212409798,-14.4086459351874,1
26.0547179319836,-18.3392317888926,0
-32.2375639130036,6.82563902600898,0
-18.2514084350385,-2.86403098175671,1
14.2544890784445,6.26933136118656,1
-5.13005521545745,0.788252024963324,1
-13.3967880337516,-16.2085987661272,0
-34.4985245020087,-3.11128883086288,0
-14.41316497701,21.7117745152489,0
-5.57667230405836,-5.25111315776896,0
8.78346272877641,14.9133151161375,0
-19.5308862627102,-19.8576547441868,0
26.1984615797665,-14.0887526823163,0
29.0926014948343,8.9412159289664,0
32.5474662656634,-8.8943836632492,0
4.76016528533748,-3.37716992122882,1
-14.9730879499193,1.48607137797837,1
20.5311579260499,11.9518860454536,0
0.54873500179616,-11.5273291097122,1
8.5564721320181,5.52670474047311,1
14.1798077862155,9.59208037030022,1
-31.6231864082607,-12.3697441704585,0
16.272189103019,-0.47164435759742,1
-15.3231983326827,16.9801144469319,0
-20.2774552507842,21.9811307205843,0
-13.8742443093079,12.6086508259107,1
-16.5666078960561,-14.8354322005735,0
-18.9571564867234,5.58458012704646,1
-28.6106071005027,-7.63888356214277,0
12.7789536271022,4.37954259603625,1
-16.8423020831869,10.9386439894127,1
-19.1848066413133,15.9514055680048,0
5.22632808353674,-19.292790207273,0
-34.0975726122642,4.72146129038729,0
24.5606064405317,-3.73692457874605,0
-35.1921460294024,-3.78096756107511,0
-17.6950252232563,-5.58684475974215,1
-15.0335700412318,-11.3253311538815,0
12.3351451564821,0.335440965972083,1
9.55756808486334,21.0345763998445,0
16.1378909943399,-1.85304021356468,1
-17.0365715622009,20.9574239347019,0
37.7024458905254,-20.0826543867323,0
-15.1660820334842,2.29464576782489,1
0.0961677307980224,16.5166206597214,0
-27.9435002716141,-8.82297480858137,0
30.2145524078645,-19.2304659779995,0
-19.9164459279324,4.13559076260018,1
-32.9011519628253,-13.6081494889637,0
-10.2125863626405,-8.98714010009295,0
37.1644228633475,-11.6426112115601,0
-21.8861338354534,5.75531175297152,1
-16.1473676298571,-20.3380951121917,0
0.348787858326205,-2.24013633018835,1
9.92319338444937,-12.5951014475568,1
-8.11806909222807,-4.9373680808516,0
13.6769996683795,-20.5189077189676,0
-28.1174518270465,19.5595877623285,0
-32.6618979615869,-1.78809410417237,0
-34.550841125001,12.7826499248179,0
4.09852486358114,-17.2955184357174,0
29.7020302022265,11.4609179486285,0
6.5203239873116,20.8006206252073,0
2.3974916200629,-17.9464876444903,0
10.9470538275903,-5.46972256041487,1
-7.02949292477699,0.695050323203997,1
-18.135523391116,-21.8258576781837,0
8.29998109255247,19.6849031581178,0
10.0917590515353,-2.13293412135598,1
19.7047206867171,21.2582582133105,0
-20.2240500532726,-11.7424934981941,0
-16.0568742205668,-5.83473999364308,1
-36.2749646071505,-10.4351053571725,0
-15.8507760919872,-21.4170957268814,0
-11.0897213673094,-18.9033981916829,0
11.3719036670488,-5.35624371504109,1
8.17772924285048,2.63458642619754,1
19.4687621933182,-11.6138267936855,0
29.2116299148488,3.9982423315919,0
30.0582045568128,17.3144340949018,0
-32.0662163358215,6.64277961134395,0
1.96620632730317,0.171195890007159,1
-34.5689476703016,6.3532434810798,0
22.5425581994437,11.4074577402044,0
-14.0728354882946,-7.52734289700389,0
-20.1014420421891,2.11993625761804,1
-17.6747445138284,11.5129816856362,1
-27.178829381947,-15.3348910542803,0
-23.267241745426,18.2831051985707,0
25.337302639969,10.3973262126297,0
18.6279241032418,17.9798018487155,0
18.5329448586481,4.79075561320298,1
-17.7883837354369,5.52604983496028,1
-29.3802072351862,-6.26173420062986,0
-34.2774658268022,16.9643513997747,0
-17.0149120684572,-10.3880131811731,0
11.9593342815217,-17.3968578829201,1
9.62927497777057,-7.70855410510855,1
5.63220933882886,1.11275960398061,1
-22.7727659038026,-14.0363249285905,0
-6.88757268507825,1.80392944508525,1
-16.3921572550876,-9.10358292605319,0
25.3902855880319,20.4594522597164,0
19.5587277641674,-6.55295194060736,0
27.8089994458858,-2.93487003608081,0
-6.31296508696042,15.1826378165815,0
18.4310273559663,-7.02538495730024,0
-32.6849029642428,6.67122919175405,0
34.8424995953791,1.20545584525529,0
14.226496770727,-19.0313572438398,0
-18.2376847204848,-8.68718312124667,1
17.9075590161153,-0.264022872953955,1
-1.62500197351013,7.41036546022807,0
28.2244945547879,21.8377475619512,0
-13.4859975361502,5.95807824800646,1
4.63776970014872,11.9281408844169,0
-19.3153971941702,-10.6239547235717,0
-27.7788809381298,-13.2490912268974,0
-19.941525044049,-11.5002587596655,0
-10.3608571875425,0.84453562794608,1
14.2947269129715,5.22226336768158,1
-35.0345170692998,-17.6051958222277,0
14.3437828055108,-4.12544454903685,0
-18.1778561669394,20.7322002181851,0
27.1007889479396,6.62406057182857,1
3.50468430676555,12.4481344506223,0
-3.00209800901076,-18.4807725886401,0
-26.3973885619233,-0.855309080145474,1
-18.5600702982925,-19.0731234831175,0
-8.23491877512741,-2.8756997692918,1
35.3100948809144,2.02986095272381,0
1.47621512734613,15.7201268710118,0
-28.8128270138241,-4.74261434057283,0
31.5319962051941,14.4924141756112,0
-3.29784354980603,-10.6226424198867,0
30.7558901167364,-19.7708726450993,0
-15.815580421456,18.2149991995763,0
21.4463512955245,9.18266642346147,0
-33.7510736591701,8.07978639502219,0
-21.8086714012846,11.4512541753551,1
21.0173473777829,-20.643411821913,0
14.9575715209513,5.28588465823755,1
30.9990864316353,0.736742028476655,0
8.27508760132269,3.12336103545662,1
3.38631582691619,3.51712655523104,1
19.2369485035694,-12.7614437909585,0
28.6716921434256,14.3886750799889,0
29.9267944510758,-7.99227088216541,0
27.0431902289903,-2.52933104054238,0
13.9265651855631,-13.9082978891879,1
-7.02130137609973,-10.3699879611532,0
-34.3629978671156,-18.7731059583047,0
-19.8794918796548,10.9790864145509,1
-36.9391019208304,-4.79904229423881,0
-8.99080504416571,5.4245842558579,1
30.9413454884483,-15.5700495637806,0
-14.9267320240702,-5.624022380415,1
27.9170727136576,-15.5054433876187,0
-26.8148762944496,-6.33911019784725,0
-14.4466423659943,-0.78827277792929,1
-6.21345395881795,2.91978649988055,1
-22.0266466572459,3.07314989682813,1
20.3265699480518,13.2567408641243,0
-19.5665249459803,13.9583477680689,0
29.3467357226652,0.26667287173246,0
-15.3867211733707,0.136429322531267,1
-23.5084755318866,9.06909575674391,1
17.0330810387178,1.60310719724703,1
34.7175879956965,17.8904029860431,0
30.5114942443573,19.7591548695175,0
15.2444180750542,4.34182402126277,1
23.8238762944715,9.9633196965759,0
27.8482767054838,-3.19955521688393,0
29.5041997708458,-21.6173273393789,0
-20.4857011157351,1.36231106808368,1
9.61214070995531,-12.5502748821923,1
-19.4603884076718,-13.9347329454384,0
-4.35631062815175,19.95603716659,0
21.4917042847096,10.7554125810666,0
16.4030295709244,-11.2022870755654,1
-19.4078612653481,-17.331388519594,0
18.0752542183186,21.9655459323317,0
30.9937019392079,7.20557824036834,0
26.0096683014423,-1.33940637783073,0
35.8314327951227,-19.0338871252173,0
-27.1426786479227,0.409830066430388,0
27.1253118069173,2.32678825854664,0
19.9159356535898,-8.23251982779975,0
19.7798779702697,-6.05600808425108,0
-3.08422297303422,10.9663763019268,0
-8.80961447688043,13.2745317519639,0
-29.8354201731016,4.430658316167,0
-3.38414249727641,-8.9749218865995,0
-26.8092645989781,7.80430310212425,1
-15.6870422987686,-4.39096839288444,1
-9.08827060102686,2.04764692952604,1
32.2655325107901,6.41749283876133,0
-23.2964408188802,8.31292299745154,1
11.7838409530983,6.85119326028241,1
-8.03861933166091,-12.7897927381378,0
-23.2950613786019,20.0003552020407,0
-35.5881132047568,-0.952308475711025,0
22.9384931590585,-1.69272012719279,0
-14.1872752756372,-0.82901628407771,1
18.7676192922199,-15.4093576952189,0
6.88820491094927,-16.8858018170473,0
-15.4714217654781,8.0769826601364,1
23.9782464159525,15.6430464500165,0
29.8309507124158,-15.6351854535823,0
6.80829068630664,-2.49874294171687,1
23.954324958093,-21.2323799514325,0
4.18971049334268,-17.9720353926691,0
23.9076244092696,7.92690825327876,0
-35.0851024573383,19.4745471373392,0
26.4848925931327,-1.59050872859463,0
-29.29907474389,20.184441382239,0
-26.5107560290943,-0.0581779793505675,1
17.3306213702494,12.477192120349,0
-22.6499739004824,7.40171225885493,1
18.0886426443247,-5.5000837495213,0
27.9050128159936,-19.0168630156084,0
-22.11303792415,6.46994130890986,1
17.385743090223,-2.49095420106546,1
8.61079813676135,-15.3950316441958,1
0.985885706000097,-18.8127633021461,0
34.9094804496393,11.8036132084999,0
-23.9822903244948,-14.177325297293,0
-22.7439344779715,-12.527585280993,0
12.0931725586536,3.21968559360929,1
18.1719882938983,6.00433635848317,1
-9.54804356119536,-12.3353405449257,0
36.1820570932791,-2.35072900954669,0
-35.3239442469062,9.20406952944166,0
-13.0532668804118,-21.1978677923529,0
11.4729098375969,2.5287858139163,1
-35.0093738037627,2.12662619037921,0
-27.6927268976322,-21.5718309698241,0
-19.8558082948187,-2.10002735559284,1
27.3113191294687,-7.21127286882348,0
31.5003490139288,-6.71287250607212,0
-37.4218216383051,-2.8049170718638,0
-19.2902015994132,-5.03253948220064,1
8.33945696124231,5.6121398256667,1
36.8230322535355,9.10331008270561,0
36.4276504433822,-11.4465611674607,0
9.05879244598744,8.50721604968016,1
34.0721656053602,-13.4168620689141,0
-9.59418248808046,-2.73603538271088,1
-20.7050314736908,6.78969396246685,1
5.18192999221641,-13.4073398173535,1
4.56617666596232,12.0798503417425,0
-16.6362084269859,-19.150149222464,0
28.287132706757,-20.6578827172782,0
26.2683819371181,21.9196681483399,0
11.2463820431621,8.52663318469679,1
16.9988083105598,19.7282719299231,0
-17.7277410286511,17.0682128986939,1
-28.7286818631882,20.3441397239805,0
-26.5351913966631,-17.5708940480675,0
12.7608506045793,17.6265318773765,0
-12.4221553396826,1.31815703294406,1
8.9440788946747,14.0452550101982,0
20.9247468610085,11.0307388714434,0
17.7031572878596,17.0800297851931,0
17.9575504265932,13.7903995987378,0
-33.4475508515128,-12.1983971694946,0
-20.7441535446592,-15.3249098939683,0
-2.5627603302713,11.5781311975627,0
30.3208019877929,20.5749060430238,0
3.3622884169794,17.8288165329001,0
-33.657590657215,-13.4345144664443,0
22.3814422784452,-15.3299445459554,0
20.8885323984971,-1.38917202428689,1
0.685611864310751,18.0249115420986,0
-36.0428632317292,-13.632741204421,0
36.1400920913197,7.42815672308828,0
-19.5800001442782,-2.20548296344914,1
30.4768946730896,13.2465202718082,0
-3.92283249392873,4.86154560625431,1
-33.2276615252871,-3.35590690651151,0
-30.4563063059989,-1.64427725354928,0
-9.99414012742834,19.2586769614802,0
1.02832743878793,18.1560383719572,0
-9.11457601082118,4.64636305249714,1
-37.8710580915051,16.6940520237256,0
16.5358396483175,-7.7843659092312,0
-11.7742267522604,11.9682871674096,1
11.8853983084301,-6.51263312852034,1
-25.130540387294,-8.28075322486418,1
9.20746371618187,13.6075833715652,0
-5.72954309558426,1.0952910507266,1
13.4583435102392,-6.00091622245032,0
-24.4104258794682,6.12030758789442,1
29.4466284281487,-13.4632820470949,0
-25.8449716195668,10.197722334152,1
-30.5637383071655,-10.4335752136511,0
19.8693578372799,-11.5226903510706,0
29.9497875690061,0.983631312455302,0
-19.1727287339913,13.6165032311677,0
7.38972776153047,-3.3839654290219,1
-32.1770854853549,5.59354116919971,0
-17.7423870911295,-14.0732133295793,0
26.3209338236516,6.92968295829987,1
13.9882869212149,-8.93883110458811,1
-0.956126192257933,21.5270506373774,0
-10.8844585934282,-2.19067949716298,1
-21.7865746549818,-6.53927388366675,1
-20.6082860819573,3.73822505201239,1
20.1234356780213,16.8783926742348,0
-7.89309017927764,13.7438200067237,0
24.5221028262163,8.04203941257952,0
1.90212142477645,21.7428214524823,0
-30.1918402895491,-12.296191053227,0
-34.3229269066619,18.4389126747829,0
33.3549263396604,17.382998630179,0
8.71988897014058,17.2012572664718,0
37.3841992978828,-9.56191400196641,0
-1.764882157363,-8.23833257826411,1
36.6819751072658,0.709833534114942,0
5.47706550222931,18.7402097181068,0
-20.3302295841431,1.50324500468809,1
-29.106686281335,7.90155369248691,0
-28.0913934840537,-17.0517657899299,0
18.3786318819775,4.69000874378904,1
-27.4881919032505,-9.69397097412163,0
-23.7764410500398,-16.9252713531655,0
-7.86784483613469,16.4220760679754,0
-12.4643419223355,7.44427280327122,1
-3.13742993165177,-15.6575188600806,0
-30.1784269392214,12.3290999033561,0
-25.0444603154919,-4.87813299499689,1
10.746296526845,-8.14409169101445,1
21.8638690860225,15.8889114371531,0
-9.70066391016649,18.268378338974,0
-14.6986275352736,-10.0172062610697,0
30.2204794644766,15.5957891498902,0
17.0539027196859,-19.0851942433926,0
-7.09054047708815,5.90683090268005,1
-23.8364107213279,16.6652313207295,0
-34.0795979117833,-16.8624046808453,0
33.7412642836968,18.549297736851,0
-6.032876958925,4.61404944919861,1
7.30696108654263,-20.0171332472317,0
1.02935834098037,-20.4725914388353,0
30.0828898328364,-16.4170319381489,0
-23.8767178927726,16.0756996307063,0
-30.8938699957476,1.05972363101216,0
-33.7017542371445,-13.7210108821116,0
-34.3796063029608,-18.3329449570824,0
13.8866881950341,-9.82781719860519,1
-1.86160873971336,-17.5718862067273,0
32.453072635894,17.2154429552576,0
-6.73641216170794,16.0676859880184,0
28.1204375341069,-9.31301308494153,0
15.9600134515122,-16.6396785696605,0
33.619871684608,10.2233573989367,0
-1.50698410389709,-11.3736998117991,0
-4.96954959458005,-18.9543097177839,0
0.917513665016706,-6.40318554867298,1
1.86123735518488,-3.38515203062248,1
-2.35212150355392,-0.157875384678505,1
34.8492561679872,9.87827470392368,0
27.063475806043,18.5634959127122,0
-14.779406332582,8.41884221210768,1
16.744502244798,13.0371696823308,0
26.9509880171324,14.8388825582716,0
-14.615519709727,-19.9298080608933,0
-26.0829900573771,15.6847278027032,0
-32.1398993338913,-4.26612582961756,0
18.8549361972052,2.77903464001235,1
2.60017978256162,-21.4410471067117,0
-3.5021382275493,12.5564133972207,0
22.2244432036415,-0.636185674602142,0
-21.3729719459489,-7.39904707568648,1
-14.7052609348698,1.06709291761641,1
17.5968493768427,13.0383437409473,0
-3.0456267618404,7.41630713199843,0
-7.2167407148513,13.8409564050791,0
-18.8719195483766,19.3440204939462,0
6.16699951298007,4.58715113401308,1
23.4328852019116,-2.62564383082476,0
-34.1670394352602,10.5550826045127,0
-26.695274647699,-10.812809950952,1
-0.652838430594116,-4.39159738011863,1
29.76879296151,12.4620299262937,0
-14.2104463029736,9.44240001094287,1
-16.505211359272,7.32887127561245,1
-33.0818797580584,-5.84535988494299,0
-33.4008521074884,-14.1111748195808,0
6.01058400613046,-2.52145265527174,1
25.6091872886662,13.7983510965449,0
-11.5980993040091,-15.366906076693,0
-11.5194043648096,-21.0895184575577,0
-34.8439537972448,13.5799525595144,0
-8.25980353314408,-6.4849064591839,0
27.8392941535701,-12.2697577071527,0
-36.0802823790871,13.6895898047185,0
-24.9752537663228,-17.4063170882578,0
25.1504935867045,-10.8578930483998,0
-37.0248550841328,13.4310834457536,0
-2.5315873495483,-8.59123283009514,1
25.2033865160173,8.89032989508529,0
30.4201976400615,7.87381243487558,1
0.536042246830512,-9.62076209086939,1
25.7434444287701,-13.423132362566,0
5.14191478213711,-10.1409658312226,1
20.8210474134648,-14.9884656067668,0
-14.2332056562075,-10.5264338740555,0
-29.8229729428896,-16.9158445422064,0
14.7882639954712,2.10840679624818,1
18.3730949108947,7.04247638988575,1
-7.83327360013465,-2.57999706541687,1
-11.6594842750653,-0.477352497356236,1
-33.8687187881266,19.9011799194286,0
-9.51015344046691,-13.2981383104294,0
-10.1189377667011,14.834165496682,0
-16.4028623496091,-8.84434533750389,0
31.4935388846094,6.29489054656546,0
12.1711220376995,-0.851424964142346,1
-5.65943566742305,-19.3043754140051,0
9.50762238046749,-0.737126917774511,1
7.60928564134809,6.07714788136987,1
36.5186455215623,-5.05339485242296,0
20.0891516388007,-10.4723720490201,0
16.6364244497998,4.74331865057171,1
28.9303172250599,-3.65537251759615,0
-37.1905771359871,-5.97354738306747,0
5.43668816157166,-19.7965093873293,0
35.8418569280431,0.211837776891823,0
2.55586764409272,5.29644419206927,1
-33.2335230690239,19.654639982312,0
4.91682648875218,10.8451040088106,0
-20.6623814239371,16.9522936769041,0
-4.51603412205582,-2.18301365383945,1
-30.4831686615929,3.40253257975501,0
-28.3392035624557,5.3882983106587,0
22.9237811245968,-11.466456898854,0
-18.628885238119,-16.2724154379959,0
-0.00543674541033567,-10.8456017232006,1
1.7476663566471,-11.7782552698734,1
-36.51002004996,-10.9921429415897,0
28.6530334227032,-12.9767617592798,0
-3.03215990527944,12.7197466546027,0
36.4753492605183,-1.53995966394482,0
5.28009324194551,-18.4883234256895,0
28.4471243978194,-19.5161692642873,0
-19.6441443460571,6.53121043169854,1
-29.0654860217745,-16.7680243510623,0
-26.4932522850358,-0.0699547668288432,1
-33.4784635990727,5.22762712744013,0
-22.7843477958435,-12.0130505833514,0
27.9863834558164,20.3391748899221,0
20.5864312217301,11.0000554644221,0
32.8221771832078,-4.91159616180031,0
-31.8627722187429,-9.06496344097158,0
-32.6882497317928,17.5221057875149,0
36.2751827684669,-5.01611788388754,0
1.64933079058859,-21.4686860376103,0
21.8651296786569,-16.1204649067231,0
-14.4586738964865,5.8283499691386,1
-28.9927910334308,2.26987073351141,0
-1.10746552528833,-10.8778297399169,1
-6.43889415757261,-4.53539287942375,0
31.6039186914072,-14.3263133721489,0
-25.8812174149138,11.5521528301121,0
-22.5257982853218,12.8937628369909,1
-26.5931953274144,-0.951969348350115,0
34.7849297290777,-18.2326221734338,0
18.8997806966707,5.19958136474589,1
-22.3096494791247,20.7479642798127,0
12.5932994640691,0.0482448026132474,1
-21.3131769870964,-1.06425682603446,1
-3.85318256551999,21.9667322711693,0
33.4684609419114,9.55159169031822,0
6.22741969033077,-1.32943269695626,1
-26.7727665792886,-21.163530357226,0
9.8443422029666,0.67218503850367,1
-23.9929927754401,8.68066249679681,1
-31.7001653010121,-18.7116730843162,0
-21.7414938380313,-18.3943606650577,0
2.00914220507483,5.43669470683533,1
12.6695253615503,-3.82525820678163,0
-3.11606002448307,-3.57698802328278,1
-21.6251446623296,1.76650570855945,1
-21.259049965004,-18.707992780598,0
29.6467258020965,3.09774621545399,0
-15.0819787766415,14.5598760514275,1
-18.9953946471822,-8.96344182979303,1
30.1428653287529,6.33861425794343,0
-28.9006909818963,-15.9349316415211,0
12.5550879554084,15.1592742114792,0
-13.1121005272948,14.2619599869092,1
-13.2168350620419,11.1173775714055,1
24.737103071365,18.3397324123029,0
3.81608077874115,-2.13840676849715,1
11.0030997155622,9.06030228425017,1
26.2298208638869,7.75976484261297,0
7.21991965724705,-4.08928798844229,1
-12.8450255047831,18.0219950920525,0
-21.932948229783,15.9035362959976,0
9.55225344485061,-11.6680053338485,1
-18.0073257619788,2.84275185076465,1
36.1493288237108,0.0164886221142488,0
-25.7369353359937,19.6930144911061,0
22.3852276873725,-21.2818062591426,0
32.2569152866716,-8.37681325612623,0
-2.5606136491948,20.5225682913196,0
8.63094806106616,15.3289151744738,0
-6.80284659639367,-17.6305611887757,0
35.661064967074,-20.1731181533447,0
11.643195014686,18.0013265757088,0
20.6271539053248,2.36791222622192,1
-6.44671213916238,15.0632280705892,0
-26.6706261305909,-8.20618662079117,0
-0.431773076331488,0.881272552618022,1
26.5007735341474,-13.404459182106,0
13.5117307886898,-21.4226615606621,0
-4.10945458431398,19.6482725787363,0
-0.222120564001536,1.49470998293977,1
-26.1342612656024,-17.5804309828848,0
15.0377722072065,-2.13848304220456,1
-22.4434231623165,10.9362661210711,1
13.4804703652626,1.41181595016042,1
-28.5373673084924,18.8522809698311,0
7.2558346826528,-4.62359602530368,1
20.7417889892355,-14.9530354125504,0
6.04819172312021,15.2455685930784,0
13.9789957056364,-14.7950114721223,1
-5.52497718097895,15.5785401794406,0
-16.962779371135,15.0990427012063,0
36.33106927336,-0.683296365494417,0
35.3337135670413,12.0539048680288,0
17.3321019386799,15.1990846145643,0
17.0830751520428,-4.41155252760234,0
11.0173084749293,2.6369002236757,1
-31.4754211601738,0.75995268594124,0
2.12072120561022,-9.14209218197666,1
26.7172484428989,18.5506959734671,0
-22.0410611941958,-4.26775717007957,1
24.8322066675676,18.0121729088831,0
-22.3128727112284,-0.722126028791482,1
-1.86233232542229,-3.9981049107847,1
-15.2054192950075,8.75883906267334,1
-11.7822887192481,14.9665308284296,0
32.5241952237184,-13.603944374226,0
-35.7107853162931,16.1231479776053,0
16.7227508290242,5.1373046000771,1
-9.40760588078488,-2.54087443037586,1
6.69013997830191,6.77421980063335,1
-12.9240519967371,-16.7888005235916,0
27.7344422308602,9.32916746960047,0
26.9765636650376,-17.4706112080958,0
3.65554527044148,2.95710196138704,1
-34.7005612886394,10.4425034854949,0
2.55210993066058,18.43458676586,0
24.7203531823291,16.7029524511409,0
5.03686736949135,-5.70894242141467,1
-21.3379517423764,9.19772622632841,1
-13.4263378941195,-5.24578925725978,1
-33.0567086103882,-2.41511834102903,0
-9.58948404407061,-11.7924595618453,0
-18.3519199051292,3.69159217642989,1
-18.1941530023122,-21.3736979728065,0
-2.09112071379459,-4.02383898993348,1
-30.7926836208581,-5.1316664491413,0
-33.2009470347501,-15.679325155282,0
24.0525318749493,10.5535343596295,0
-32.7979383705196,-7.70930009236229,0
-15.3797225405212,-5.15046001701089,1
21.8553739514459,21.5180704283616,0
-3.31569797091599,5.41202253577912,1
31.1734747168349,-4.22503318761974,0
3.85100356429319,-11.7782685854991,1
-5.37946709317302,20.4873593654488,0
-7.67192838087741,-15.6282349657259,0
-33.1894581591293,-4.35523277643654,0
16.4305707017418,1.41020774783999,1
16.7141997851205,-17.5584129039174,0
18.3291255363387,3.55418667299765,1
14.3923629421978,-17.4025567670721,1
-18.2084040452477,4.21838459131292,1
-37.2498779566793,-0.963170856837149,0
-11.3922974965867,13.9168613441846,0
30.1082174136844,3.24289949685961,0
18.4859388629762,-12.7325679800549,0
-15.6570412128394,-3.03366344301015,1
-23.9899620868968,-2.95705217594109,1
-25.6153267717178,16.334302444532,0
-32.2399585131529,10.8677847105738,0
-4.78961571721539,-4.54774081770598,1
-17.3568999010641,-14.6756261980318,0
-19.9799910626427,1.84064188665369,1
-26.8622484274855,-21.108796970364,0
-2.21732009319212,-16.7050231033515,0
17.3726766854876,5.90102077563626,1
-8.25363658768119,-0.669394891841073,1
-26.1427466959365,21.7726179146959,0
-27.2389806493293,6.99454342838411,0
30.743181218699,20.782304728897,0
-11.2162438580064,16.7509592798006,0
-25.8809258154426,9.0013394180853,1
28.262648573238,-18.3322576155558,0
23.0821448658612,-2.56183192350477,0
17.7957716672186,-21.9770326417795,0
-0.594987112669884,7.85938186251818,0
-7.46001715444062,12.0927460642737,0
27.5576814183696,18.1226021456829,0
-24.2564337686592,-6.41302267669197,1
32.3431561775578,1.92864168357696,0
24.4747529107642,6.7392002390917,1
14.1799247715367,-14.1884373251146,1
-2.34377932343043,21.3306363876037,0
29.4833655122638,-21.8797707486701,0
36.6592761891993,-13.3861386451135,0
-35.5425018806111,-1.39699790183806,0
24.6827326285828,2.50300480528526,0
12.1081627143172,-10.8194304504593,1
-3.93078145332338,21.778435902604,0
5.60268231121266,-2.34774073815852,1
22.6415979674285,-19.567318997523,0
10.0896113963327,8.6428015538169,1
22.0174928389757,-11.5428466993638,0
-33.4734941698623,-8.81369426981363,0
-8.40517787221885,-10.7338990876782,0
-6.06220702165554,-18.1655672254503,0
12.4694863679893,2.96659975056265,1
10.2197735748292,-10.2899881032232,1
29.2830467223748,-20.5909079400777,0
8.4745709230832,6.16381751050383,1
8.76650175305405,4.43968424272055,1
28.6642895977388,-13.5930835266172,0
20.2816074530704,8.26812775933038,0
19.0069147170948,-8.33873595811971,0
-29.2127361320064,-3.23410062089594,0
-22.48919603606,-5.2132230325022,1
-29.1642253668122,5.48599378865235,0
25.9509444518259,12.5200909350023,0
-9.00038784052279,4.16359082579075,1
-3.49252063053878,6.66931902501313,1
-32.3845543061324,3.93496087791538,0
-36.0874622678451,-14.9972810467452,0
35.044703514701,-20.1461524354411,0
-25.962015394066,-15.9709117189202,0
32.9568241281077,-9.56267742999565,0
-20.0058523102336,11.3046953891329,1
-32.2578986995908,-3.7390344945843,0
13.1142192264833,-15.5913916257933,1
-31.5911127182346,10.2967353640704,0
-33.2752630103711,7.45804892452388,0
14.832836407911,5.9606518595875,1
-37.8435193953717,1.88521507444993,0
-26.0788461179987,-10.9090091456936,1
-17.1341756304347,-18.7483827705244,0
-14.0425885316241,-4.96400859611937,1
16.2667361860502,20.0056340035325,0
5.45578039894566,-20.9363846661176,0
1.15468030566068,4.01915591140377,1
5.87707625689478,16.9125036060377,0
-37.624353779892,3.60374877978319,0
-11.2301618880246,9.51794394211786,1
3.39983793055081,9.52943766253789,0
-31.0031319717992,-5.3174634533064,0
-17.303385658468,-15.2122220600253,0
6.89532915129173,-15.0699184279871,1
-37.6483233794841,-1.64730492162505,0
-35.6629441165632,-20.4592798147219,0
-9.37025468718407,9.965742910281,1
-25.4208363995172,11.0823966267488,1
-14.726913717935,-2.17403982086528,1
-17.4819389977837,-9.3780293633627,0
-14.6520666524068,-15.737550926364,0
6.38566669533513,-0.277004462150032,1
2.92740860726308,-5.93516538421805,1
22.0909751588929,12.3585701898486,0
-9.67336070066823,-15.865346782475,0
19.1527034689603,10.8420531549614,0
11.5960131799894,5.30653984549813,1
3.94736977386087,17.941229779191,0
26.6699040506406,9.58659374403373,0
-5.68110179116146,-16.8276598425537,0
5.65444757812764,16.3097333357654,0
20.3873003723007,-19.0978588531724,0
3.0030995321337,-21.9407392416048,0
36.8045444951739,-8.5066868148107,0
-29.9755271191896,-4.56190492391928,0
-15.123636071274,-9.419620007565,0
-9.13111043466207,6.5583940255702,1
-2.0735894530267,-10.5498503246996,0
-21.0847772314781,21.3859233600731,0
-13.6235712570974,7.60802242162288,1
-20.7593309659926,7.35892490024765,1
-36.3464071705802,12.7316741133,0
-36.8240227418698,-18.9461922678313,0
21.5725888515081,-11.2971941274589,0
-36.5828211899068,0.434338516696059,0
30.6072641282672,16.0920073790163,0
-23.0580400575456,21.8851839184863,0
8.28663930510556,4.83267030877857,1
1.73820438741136,-20.9800888283433,0
15.7115051136012,17.847895457516,0
-11.1570856906817,12.6445617684548,1
19.6759726252882,0.376277342183496,1
0.423753357421049,11.2031272356762,0
20.1988546127636,4.88429127235239,1
-10.4475722775048,-3.42528343596702,1
32.3013343035883,-11.1502632002767,0
30.483540362944,-12.9224994906479,0
3.93033085032832,-7.76536024336936,1
1.59790358951298,-6.29955248891464,1
-24.3941290440285,-4.04800265456361,1
8.27816745656413,0.633771831357492,1
17.3249730396083,17.9869610776487,0
28.5715547234956,-16.8545957295842,0
-2.02754184061497,-14.0783776634807,0
19.1682473493465,-1.35894855618583,1
-24.2403293730524,-8.26576060254579,1
-36.3784826237618,19.006149164907,0
-28.175371447604,16.6212929719694,0
27.3639691907617,21.5338359833283,0
22.5499080019849,-13.4474207897664,0
-23.7429911797709,14.0539372903739,1
-24.9876595953135,5.025226575079,1
13.3431986397893,-11.6499645582368,1
-7.60801791210619,12.8530072064719,0
33.1000430673134,-2.92901849038124,0
-1.80613064028077,-16.2940136594355,0
-7.43008013133054,3.09100076224184,1
-23.5582169915572,-16.3751688584035,0
-12.3829994687453,-12.4111656028626,0
-4.48546535900729,-1.41871493181424,1
-27.5132347020238,-0.451550782255712,0
36.5057492236904,-13.4880194274777,0
-4.5865953015553,-16.7141835965717,0
23.0919829536862,7.72572243728779,0
24.1425417389738,21.5670258695013,0
-20.4038840746154,6.91622903671763,1
10.7356356956495,-12.0378961239542,1
-18.4064528186958,14.4317343357206,0
-28.5678731880469,-5.60234081787749,0
-7.06360910881676,8.68852895428858,1
-32.8553711129209,6.37793132378026,0
-29.6582192596573,-20.885450361726,0
2.2462728346561,-8.8997032228382,1
-21.925850308592,17.8474746573626,0
-36.0264758177059,6.96211308173723,0
37.5531164216773,-8.71259708524484,0
18.5927016119085,3.55692961523698,1
36.6498686227062,-5.69133094330098,0
34.305031744619,-14.5608342675031,0
-2.15780951739769,-20.1775198890251,0
37.0527055093903,21.2244544936879,0
26.8220045388867,3.73535457341004,0
-14.5101498832125,5.19785956539866,1
34.3319429390466,-9.67912996052813,0
-29.3627002184481,17.6983916970403,0
-29.087192456677,-2.64108756579443,0
-37.9471484905536,-11.3215120823705,0
-14.9601110232996,-20.086541426752,0
-9.94222033934986,-16.6363891660017,0
-28.8540746740203,-0.115366221463248,0
16.105329627048,8.83988698129564,1
34.7710455955273,-7.78463083128264,0
-13.5060963642142,-21.4339828091284,0
21.9627679487498,6.63414418480156,1
13.0329277594832,-13.6440634889175,1
-29.6693101594747,0.890883308883282,0
17.0211536577439,18.7615793365715,0
29.0777595063575,-1.42850498542322,0
-37.9625224480095,16.1872246099878,0
-30.252287252287,-3.43443699956939,0
-9.85081383512748,17.0551208847892,0
31.5163786650319,-5.65428766630964,0
37.9231486769146,-16.1723554141614,0
-25.0424645077049,-3.10774715982654,1
-24.8810828121362,-4.83994214923566,1
-30.1666489735635,21.2314948626688,0
8.06722507043108,21.1013140138234,0
-6.69634840998453,-8.4716929245112,0
-18.5605104014786,19.0025371905771,0
-22.6719517182064,13.1775990816936,1
-23.735617439175,19.2459468366539,0
29.1667059598122,5.24834505578633,0
9.98744815138315,-5.81631938025891,1
9.304408721554,-3.99091583135333,1
12.0284200135714,9.66126871344909,1
-24.5415802255452,5.8644462018551,1
9.56450188117558,3.23954973000412,1
28.6106296781711,13.8349380091957,0
-24.4565736292015,-15.559816543129,0
11.0636148241792,-10.279393916326,1
29.1932809964921,-5.52278559121515,0
-18.9607660515727,-17.4653478192048,0
6.55280782921075,10.5324901086401,1
-0.997645695743024,-7.65526320169512,1
25.7705578184476,4.19790249066659,0
-34.0726579682816,17.2432070026391,0
18.1999158622189,-9.33246658818804,1
4.14322108314861,10.6273778489625,0
-5.36009469075499,-1.03113485302107,1
21.258913239799,-3.75111735217072,1
-7.85328399161268,14.4185639587674,0
-10.8505910101314,1.07570675212933,1
12.1199059253215,-1.0452220530508,1
-8.04293678901896,15.8746119290504,0
-24.4357069833294,-16.2509601108284,0
-33.8735776782363,-16.5189700402492,0
-19.218785683708,-16.1846766571352,0
30.5378139967883,6.71938202469799,0
36.6656750889505,21.0419850759819,0
-1.20771673911068,3.89990264200253,1
-26.9990324562685,-3.64172159673389,0
0.886659592968115,-21.6056924729059,0
37.5080989428168,17.417067013896,0
19.9552364955213,20.9125746757478,0
35.4178067125399,21.622330293182,0
32.6709218039477,18.5803131809153,0
-20.0267171902479,-13.9851091605853,0
-30.5883159942496,2.73138826470348,0
-6.85715127504941,-0.00245517142391094,1
-28.0308817479984,16.0339896069597,0
19.3470713632945,-5.78174889889922,0
-11.5441614416513,17.7549100085916,0
-3.81643691690662,5.07336267829776,1
-22.850503398475,11.9724751290744,1
17.9753679002875,10.1891269622031,0
-22.5440729953068,20.8364711495221,0
20.380188002572,12.8220217559654,0
-19.6627090748353,-1.75301218859957,1
8.64374506557816,11.6566574746099,0
-11.7213425682997,20.7725348047858,0
16.9200169079123,-10.7346293977249,1
-29.091043253165,18.2925409874779,0
-24.260082748208,-7.27804581681794,1
-23.2663009287974,-14.0160581121963,0
-10.5983182346307,-2.88911802195368,1
-7.26607693699652,11.4652278606262,0
-20.8407117453464,18.3197732618335,0
12.8483379470997,0.0786140670040218,1
34.7481763105173,-5.51217946652947,0
-5.19345017370437,11.949442193548,0
23.0898799482548,-13.6503823220326,0
22.6623789128685,-1.01224419367405,0
37.6383170090552,3.5710465670813,0
-21.9028654486946,15.7237161306474,0
-12.9945674309367,7.54406064220358,1
19.9379803562108,-13.4882836373177,0
19.5137217903545,19.0746564552023,0
35.0570205932181,4.35300993092321,0
5.31181716382707,6.77139397743295,1
8.24646493564278,-5.48113640683472,1
-10.2529912703379,-7.56490356242892,0
-11.8903850688746,-20.5869884414184,0
7.59908448672648,-2.70827129583888,1
1.94780561027175,14.1287696324643,0
-1.14254457369777,6.70113027862924,0
11.8294227513898,21.7567248760388,0
-35.0928487997616,4.39439876664384,0
-23.5658695566515,0.821545907594462,1
32.5846411281386,-18.8229380328252,0
6.30645764997996,7.16991212120335,1
-36.8288085946723,-3.95518303516747,0
-15.6806777026039,-10.5671542511959,0
-34.560226157591,11.5996945906767,0
22.3995962557691,16.7513274328427,0
16.0638137101879,2.12789096277037,1
2.76345636876823,-2.13561513765666,1
6.59639352564847,19.1515327262967,0
-21.9680001338965,-18.3298091089658,0
-6.54245940119535,-5.80618241692349,0
1.20237042565306,-20.5421995304304,0
25.7134506704126,-19.9757992164327,0
12.1532085357806,6.18595820566182,1
-1.4306177917114,0.448204739920829,1
26.8101177524879,2.71910805685895,0
-1.40386282309261,-9.61623623200527,1
-17.3055136830064,7.86404653562717,1
17.5708738474252,5.58198339673018,1
35.6796640807681,9.19358447766765,0
-9.45268296737077,5.07613189017212,1
-19.8663921411768,-2.21884279938681,1
-19.5544391888666,10.0094189330696,1
-36.5606056787584,21.3318269833873,0
36.6816416441286,1.51694662240577,0
22.9990839583596,12.3147919247093,0
4.82488013612198,21.6272306457279,0
-8.4489942146836,6.00983583025757,1
11.5921593945301,-9.9759603813384,1
37.5218200873915,4.53551401458202,0
16.2462028523871,5.98577559674522,1
-30.2201091838715,18.0877754535982,0
-4.00604603568452,5.08826152758015,1
14.6524038854624,19.5212548602468,0
-12.6953505554114,-10.7477021854268,0
32.0529125710793,-13.2789405665484,0
10.069315079632,-2.46971611084049,1
32.8460944227363,16.5955549921022,0
-5.63006480732781,-6.67083352476425,0
-15.1627876794708,-17.269031512971,0
29.5661815811426,11.6483611919289,0
-36.6795914322615,17.4361768359616,0
-26.747810649266,-13.6997124562414,0
34.8963390297246,7.63498934994547,0
16.2996780104676,0.699151236518595,1
-14.7085292216575,15.9263895669928,0
24.9353088218356,-8.88118287251156,0
23.3997816132842,-8.6549362278185,0
31.1033846870549,-12.2714067177609,0
10.8537860438992,-15.8473018250853,1
9.7800996839105,20.1965163476404,0
-28.996197899903,7.95004625214834,0
31.8418995044557,13.4109496019088,0
9.42256156672909,1.59307303177649,1
-18.4235472305527,14.1440561289793,0
34.2990709122116,-10.4529381215351,0
-34.4883622458287,8.61102489883037,0
-36.4095372323389,15.445387153747,0
-31.3081903242634,-18.1652515398993,0
1.35605695947588,20.4946184719916,0
28.7784474418313,8.84037237385791,0
-7.43438884571822,-18.6764372294192,0
4.66057261112695,19.4849461746632,0
7.45984428980091,20.3483595040938,0
-32.2961349277238,-4.89487622656029,0
-8.24675996437429,3.38544736271331,1
-11.0211303164813,13.955108192845,0
-19.3960365625658,-18.6320848183331,0
-29.78984834861,16.0737707607959,0
-29.4660207243974,-14.0196494353117,0
-17.6924544959841,14.7256596344593,0
-17.7541794510694,15.0055643576508,0
33.1421772513512,0.379170052417592,0
-23.8505534777881,0.880836758727074,1
0.565067254401896,-5.85660694567806,1
-26.782839755068,18.6384644339379,0
31.9732025571023,8.8100180976001,0
32.6390563265338,21.5920608298811,0
-27.6068925266708,20.6345146979577,0
28.2392599748514,-17.9199771772203,0
-37.0610120509524,-5.69376449042085,0
16.8747441019917,1.32719178589477,1
28.7724828758875,-18.453924679018,0
-8.55405039094081,8.98942807825543,1
-19.2712861433298,-6.73325009506241,1
-29.5090099368345,-17.0591522807545,0
26.3553665482447,19.443629373683,0
12.1340847922921,-12.8767831090552,1
21.2543274202632,-21.5685878537363,0
-10.7492358285275,16.2167731700615,0
-24.005708805867,7.85992187533989,1
-37.2263536457057,-14.4449809368892,0
-31.4704763259596,-14.226912242904,1
-12.9604924506289,17.4176324430469,0
-15.1369082744054,-18.4370067930967,0
0.499408184901696,-18.8388882282988,0
-8.61799757966477,-20.968845424769,0
33.2345253050622,3.19037863446872,0
-25.8748667044776,-7.6827944287868,1
21.2579547569578,1.09618600817605,0
-24.5128670098845,-4.31605760995234,1
23.2023054537034,5.68616360493526,1
4.74116964218153,5.79148166080472,1
-2.2743178177826,-6.92224853669337,1
-10.6695152692575,20.0930221981677,0
-9.74514476364464,-7.33283163422082,0
-8.90168733611547,7.52584016295367,1
-18.5206884540251,-20.8483598827796,0
35.8748809284434,15.9180166235231,0
12.2029038042516,-7.25237127152643,1
0.401778580499695,18.4830497894283,0
-22.9504244653016,-11.1724959826845,0
-30.0668032743141,-18.5830295294469,0
29.5194143145483,-9.52845476789788,0
-10.41504255846,-8.6705714574015,0
-3.51776587550599,5.37494548231545,1
-33.075683240046,3.59848714862576,0
26.6579218728546,8.46195945394292,0
-16.7630934886508,-15.6833028097771,0
31.3058909632403,-6.6878019659458,0
-33.4574667911119,5.42929450056484,0
8.81344069033012,15.7949882253899,0
4.85968570036756,-1.25100432505608,1
12.788506060115,8.39166356791858,1
-12.5063343407594,-17.8746116792221,0
-35.1276349889348,-19.4656988520443,0
